time,px,py,yaw,v,slip_angle,omega,accel,steer
0.0,0.0,0.0,0.0,2.0,0.0,0.0,0.0,0.0
0.02,0.0400002,0.0,0.0,2.0002843299335034,0.00016327328377991845,0.001714377600151801,0.014909241998773484,0.0007256632763281226
0.04,0.0800060860654283,6.531892446470517e-06,3.428755200296507e-05,2.0008429817734132,0.0003868431891763816,0.004490290915767189,0.02981841636260767,0.0014513242794540724
0.06,0.12002314215236182,2.3384305932441027e-05,0.00012409337031815681,2.001675936432456,0.0006252610958041058,0.00790795342077422,0.04472745545687006,0.0021769807361827972
0.08,0.16005684964090205,5.338374904962807e-05,0.0002822524387338099,2.0027831637643736,0.0008607153391777186,0.011706000319163135,0.05963629164754185,0.002902630373333487
0.1,0.20011268675219634,9.916630012151058e-05,0.0005163724451171525,2.004164622565926,0.0010878652794917088,0.015726159581293066,0.0745448573015246,0.003628270917746695
0.12,0.2401961276245152,0.00016346972326432887,0.0008308956367431009,2.005820260579713,0.001306452586047251,0.01987503787645194,0.0894530847869473,0.004353900096291457
0.14,0.2803126412046545,0.0002492128128349263,0.001228396394272302,2.0077500144978018,0.0015178971188441839,0.024098965499429775,0.10436090647347286,0.005079515635872418
0.16,0.32046769006687426,0.000359490640287421,0.0017103757042606915,2.009953809966173,0.0017238588929609612,0.028368023124396954,0.11926825473260516,0.0058051152634369385
0.18,0.36066672921195686,0.0004975441140276748,0.002277736166748756,2.012431561589977,0.0019257224810386013,0.032666188569790096,0.13417506193799572,0.006530696705982235
0.2,0.40091520486468035,0.0006667279135113756,0.0029310599381444646,2.0151831729396,0.002124482884869593,0.036985406831649775,0.1490812604657506,0.007256257690562483
0.22,0.44121855327115556,0.0008704849532031226,0.0036707680747776195,2.0182085365575437,0.0023207844770414448,0.04132209899105704,0.16398678269473696,0.007981795944295952
0.24,0.4815821994902161,0.001112328754674101,0.004497210054598799,2.0215075339661155,0.0025150021368279918,0.04567514867085569,0.17889156100689013,0.008707309194372109
0.26,0.5220115561708026,0.001395832629230813,0.005410713028016101,2.0250800356759244,0.002707320228894813,0.05004476355946548,0.19379552778751996,0.00943279516805875
0.28,0.5625120223074196,0.0017246239830001106,0.006411608299205618,2.0289259011951906,0.002897795419599807,0.054431844478960545,0.20869861542561793,0.010158251592709125
0.3,0.6030889819667724,0.002102382195018605,0.007500245188784671,2.033044979039858,0.0030864019418432166,0.05883764299894398,0.2236007563141636,0.010883676195769031
0.32,0.6437478029798405,0.0025328388673962828,0.00867699804876354,2.037437106744515,0.0032730622930625575,0.06326357984922057,0.23850188285043158,0.011609066704783967
0.34,0.6844938355945671,0.0030197795950714593,0.00994226964574807,2.042102110874122,0.0034576671871572825,0.06771115110027966,0.25340192743629775,0.012334420847406224
0.36,0.7253324110849801,0.0035670466828315456,0.011296492667753455,2.0470398070365405,0.003640088104075971,0.0721818811818286,0.2683008224785465,0.013059736351402017
0.38,0.7662688403129164,0.00417854244037702,0.012740130291390095,2.0522499998958645,0.0038201849709348142,0.07667730026319396,0.2831985003891767,0.013785010944658598
0.4,0.80730841223869,0.00485823282451403,0.014273676296653992,2.0577324831865553,0.00399781074949839,0.08119893391932272,0.2980948935857091,0.014510242355191381
0.42,0.8484563923770753,0.005610151287751187,0.015897654975040254,2.063487039728375,0.0041728141111317995,0.08574829875069913,0.3129899344914922,0.01523542831115105
0.44,0.8897180211949399,0.006438402749486195,0.017612620950054225,2.069513441442116,0.004345040956599375,0.09032690073204278,0.3278835555360092,0.015960566540830674
0.46,0.9310985124467781,0.007347167640926621,0.01941915896469526,2.075811449366129,0.004514335252490454,0.09493623470571856,0.3427756891551843,0.016685654772672837
0.48,0.9726030514442982,0.008340705995867647,0.02131788365880949,2.0823808136736455,0.004680539471173509,0.09957778427942737,0.3576662677916894,0.017410690735276742
0.5,1.0142367932561138,0.009423361571767205,0.023309439344397997,2.08922127369089,0.004843494805139664,0.10425302180714266,0.37255522389525053,0.01813567215740533
0.52,1.0560048608334816,0.010599565992633243,0.02539449978054087,2.096332557915986,0.005003041255575417,0.10896340833169094,0.38744248992295427,0.01886059676799239
0.54,1.097912343057922,0.011873842909200981,0.027573767947174588,2.103714384038649,0.005159017652466443,0.11371039345625154,0.402327998339554,0.019585462296149693
0.56,1.1399642927064608,0.013250812174028553,0.0298479758162995,2.1113664589606644,0.005311261638546183,0.11849541514755446,0.4172116816177765,0.020310266471174065
0.58,1.1821657243301182,0.014735194030250738,0.03221788411925042,2.119288478817153,0.005459609634988171,0.1233198994847104,0.43209347223862804,0.021035007022554546
0.6,1.224521612041177,0.016331813313255162,0.034684282108944586,2.1274801289986143,0.005603896798571193,0.12818526036862105,0.4469733026917011,0.02175968167997949
0.62,1.2670368872046494,0.018045603664743386,0.037247987316316955,2.135941084173751,0.005743956975498135,0.13309289920439837,0.46185110547548025,0.022484288173343647
0.64,1.3097164360292597,0.019881611758656933,0.03990984530040498,2.1446710083130713,0.005879622654564488,0.13804420456602068,0.4767268130976484,0.023208824232755308
0.66,1.3525650970531522,0.02184500153836683,0.04267072939172545,2.153669554713264,0.006010724921042733,0.14304055184963443,0.49160035807539293,0.023933287588543403
0.68,1.3955876585194207,0.023941058464388345,0.04553154042871821,2.1629363660223437,0.006137093411954051,0.14808330291975674,0.5064716729357122,0.024657675971264614
0.7000000000000001,1.4387888556364483,0.026175193771713724,0.048493206487113305,2.172471074265569,0.006258556273046009,0.15317380575110562,0.521340690215721,0.025381987111710476
0.72,1.48217336771793,0.028552948735666602,0.05155668260213542,2.182273300872122,0.006374940117622329,0.15831339406775555,0.5362073424629576,0.02610621874091451
0.74,1.5257458151973378,0.03107999894497828,0.05472295048349052,2.1923426567025537,0.006486069987290573,0.1635033869806458,0.5510715622356884,0.026830368590159286
0.76,1.5695107565114708,0.03376215858057074,0.057993018223103654,2.2026787420769898,0.006591769314658994,0.1687450886240456,0.565933282103215,0.02755443439098357
0.78,1.6134726848476177,0.03660538469830525,0.061367919995584774,2.2132811468040905,0.006691859888000844,0.17403978779131832,0.5807924346461798,0.028278413875189434
0.8,1.6576360247487427,0.039615781513718744,0.06484871575141105,2.224149450210767,0.006786161817900746,0.17938875757016873,0.5956489524568711,0.029002304774849316
0.8200000000000001,1.7020051285709867,0.04279960468652268,0.06843649090281456,2.2352832211726477,0.006874493505897826,0.1847932549774649,0.6105027681395302,0.02972610482231317
0.84,1.7465842727876637,0.0461632656023806,0.0721323560023639,2.2466820181452904,0.006956671615141267,0.19025452059367193,0.625353814310656,0.030449811750215532
0.86,1.7913776541338147,0.04971333564921028,0.07593744641423728,2.25834538919614,0.007032511043074798,0.1957737781969051,0.6402020235993113,0.031173423291482667
0.88,1.8363893855852687,0.05345655048497442,0.0798529219781754,2.270272872037225,0.007101824896167055,0.2013522343965942,0.6550473286474285,0.03189693717933965
0.9,1.881623492166051,0.05739981429362906,0.0838799666661072,2.2824639940585927,0.007164424466704681,0.2069910782667424,0.6698896621101145,0.03262035114731742
0.92,1.9270839065778702,0.06155020402559151,0.08801978823144196,2.294918272362475,0.007220119211664541,0.2126914809787608,0.6847289566559568,0.03334366292925999
0.9400000000000001,1.9727744646453083,0.06591497361876887,0.09227361785101706,2.3076352137981857,0.007268716733680564,0.21845459543385712,0.6995651449673288,0.03406687025933143
0.96,2.018698900570244,0.07050155819585352,0.09664270975969425,2.320614314997742,0.0073100227641197035,0.224281555894959,0.7143981597406952,0.03478997087202301
0.98,2.064860841988938,0.07531757823324359,0.10112834087759337,2.333855062412209,0.007343841148280286,0.23017347761815216,0.7292279336869172,0.03551296250216035
1.0,2.111263804825123,0.080370843696583,0.1057318104299565,2.3473569323487595,0.007369973832724595,0.23613145648361475,0.7440543995315578,0.03623584288491041
1.02,2.157911187932354,0.08566935813753766,0.11045443955962897,2.361119391008451,0.0073882208547562545,0.24215656862602997,0.7588774900151872,0.03695860975578869
1.04,2.2048062675188054,0.0912213227460309,0.11529757093214954,2.3751418945247087,0.007398380334051371,0.2482498700644597,0.7736971378936875,0.03768126085066625
1.06,2.2519521913476277,0.09703514035175204,0.12026256833343885,2.3894238890025172,0.0074002484664509975,0.2544123963316621,0.7885132759385582,0.03840379390577681
1.08,2.2993519727059204,0.10311941936832686,0.12535081626007205,2.4039648105583105,0.007393619519920853,0.2606451621028356,0.8033258369372209,0.03912620665772393
1.1,2.347008484135329,0.10948297767309671,0.13056371950212853,2.4187640853605603,0.007378285832682744,0.26694916082377074,0.8181347536933239,0.03984849684348793
1.12,2.394924450917241,0.11613484641499482,0.13590270271860394,2.4338211296710566,0.007354037813520603,0.2733253643383919,0.8329399590270481,0.040570662200433164
1.1400000000000001,2.443102444305526,0.12308427374253263,0.14136921000537184,2.4491353498868764,0.007320663944262364,0.279774722515667,0.8477413857754102,0.04129270046631497
1.16,2.4915448744997577,0.13034072844341613,0.146964704455685,2.4647061425830348,0.007277950784437489,0.2862981628758631,0.8625389667925693,0.04201460937928684
1.18,2.5402539833518607,0.13791390348680121,0.15269066771320228,2.4805328945558163,0.007225682978108272,0.2928965902161223,0.8773326349501296,0.04273638667790747
1.2,2.58923183679914,0.14581371945866922,0.15854859951752465,2.4966149828667787,0.007163643262871551,0.29957088623532935,0.8921223231374461,0.04345803010114785
1.22,2.6384803170166986,0.15405032788025627,0.16454001724223133,2.5129517748874277,0.007091612481025873,0.30632190915823926,0.9069079642619288,0.04417953738839831
1.24,2.688001114282296,0.16263411439890613,0.17066645542539627,2.529542628344555,0.007009369592897674,0.3131504933588286,0.9216894912493464,0.044900906279475704
1.26,2.7377957185467827,0.17157570184013235,0.1769294652925728,2.5463868913662355,0.00691669169231841,0.32005744898282934,0.9364668370441319,0.045622134514630354
1.28,2.787865410703346,0.18088595310907418,0.1833306142722293,2.5634839025284823,0.006813354024243212,0.3270435615693982,0.9512399346096858,0.046343219834553265
1.3,2.8382112535489217,0.1905759739289105,0.18987148550361743,2.580832990902547,0.006699130004500057,0.3341095916718707,0.96600871692868,0.04706415998038307
1.32,2.88883408243128,0.20065711540315753,0.19655367733705464,2.5984334761028673,0.006573791241657084,0.3412562744775399,0.9807731170033629,0.04778495269371324
1.34,2.9397344955754643,0.21114097638811896,0.20337880282660548,2.616284668335653,0.006437107560994226,0.348484319426393,0.9955330678558625,0.04850559571659903
1.36,2.9909128440834696,0.2220394056610831,0.2103484892151335,2.634385868448106,0.006288847030564024,0.3557944098287338,1.0102885025284905,0.049226086791564656
1.3800000000000001,3.042369221601284,0.23336450386916752,0.2174643774117082,2.65273636797827,0.006128775989325169,0.36318720248160646,1.0250393540840455,0.049946423661610284
1.4000000000000001,3.094103453647681,0.2451286252430028,0.22472812146134036,2.6713354492055044,0.005956659077331035,0.3706633272839309,1.0397855556061175,0.05066660407021918
1.42,3.146115086599456,0.25734437905871876,0.2321413880070189,2.6901823852015716,0.005772259267954316,0.3782233868502461,1.0545270401993918,0.05138662576136473
1.44,3.1984033763281454,0.27002463083095296,0.23970585574402392,2.709276439882344,0.005575337902127789,0.3858679561229514,1.0692637409899508,0.052106486479517516
1.46,3.250967276483634,0.283182503218842,0.24742321486648278,2.7286168680601124,0.005365654724580105,0.3935975819829213,1.0839955911255783,0.05282618396965233
1.48,3.3038054264204955,0.29683137662618053,0.25529516650614115,2.748202915496499,0.005142967922044674,0.4014127828583602,1.0987225237760643,0.05354571597725539
1.5,3.356916138763361,0.31098488947614544,0.2633234221633085,2.768033818955965,0.00490703416341872,0.40931404833174784,1.1134444721335044,0.054265080248331196
1.52,3.410297386608127,0.32565693814017826,0.2715097031299436,2.788108806259907,0.0046576086418489825,0.4173018387447164,1.128161369412607,0.054984274529409766
1.54,3.463946790356382,0.34086167649980764,0.2798557399048378,2.8084270963413425,0.004394445118719784,0.425376584800684,1.1428731488509938,0.05570329656755363
1.56,3.5178616041810247,0.3566135151193665,0.2883632716008515,2.828987899300167,0.004117295969518695,0.43353868716505634,1.1575797437095032,0.05642214411036482
1.58,3.5720387021217324,0.37292712000672634,0.29703404534415245,2.8497904164589904,0.0038259122315546703,0.4417885160627912,1.1722810872724936,0.05714081490599207
1.6,3.626474563809647,0.3898174109383288,0.3058698156654085,2.870833840419536,0.00352004365350329,0.4501264108731081,1.1869771128481446,0.057859306703137714
1.62,3.6811652598214284,0.40729955932394823,0.3148723438828709,2.892117355119601,0.0031994387467535737,0.45855267972110525,1.2016677537687621,0.05857761725106488
1.6400000000000001,3.7361064366636714,0.4253889855857684,0.32404339747729294,2.9136401358905735,0.002863844838530999,0.46706759906603096,1.2163529433910778,0.05929574429960442
1.6600000000000001,3.791293301389584,0.4441013560255042,0.3333847494586135,2.9354013495154954,0.0025130081267715544,0.47567141328594065,1.2310326150965532,0.060013685599162064
1.68,3.8467206058508054,0.46345257915244975,0.3428981777243325,2.9574001542876696,0.0021466737367220423,0.4843643342584488,1.245706702291682,0.060731438900725354
1.7,3.9023826305882796,0.4834588014444858,0.35258546440950145,2.979635700069803,0.00176458577924259,0.4931465409372705,1.2603751384082917,0.06144900195587082
1.72,3.9582731683672203,0.5041364025132414,0.3624483952282467,3.00210712835368,0.0013664874107880177,0.5020181789242256,1.2750378569038447,0.06216637251677092
1.74,4.0143855073623955,0.5255019896437739,0.3724887588067314,3.0248135723203586,0.0009521208950458517,0.5109793600363612,1.2896947912617427,0.0628835483362011
1.76,4.070712414001227,0.5475723916783147,0.38270834600745873,3.0477541569008846,0.0005212276662100625,0.5200301618678261,1.304345874991625,0.0636005271675469
1.78,4.127246115473558,0.5703646522128314,0.39310894924481543,3.0709279988375164,7.354839387106916e-05,0.5291706273461136,1.3189910416296737,0.0643173067648109
1.8,4.183978281918361,0.593896022074376,0.40369236179173784,3.094334206745456,-0.00039117695049562516,0.5384007642822658,1.3336302247389116,0.06503388488261978
1.82,4.240900008299205,0.6181839510464411,0.41446037707738315,3.1179718811750745,-0.0008732090254576917,0.547720544914615,1.3482633579095067,0.06575025927623146
1.84,4.2980017959818735,0.6432460788088212,0.42541478797567533,3.141840114674635,-0.0013728090499844723,0.5571299054456139,1.3628903747590717,0.06646642770154193
1.86,4.3552735340292665,0.6691002250577922,0.4365573860845875,3.165937991853493,-0.0018902387322461997,0.5666287455712897,1.3775112089329666,0.0671823879150925
1.8800000000000001,4.41270448023047,0.6957643787717754,0.4478899609960134,3.190264589445783,-0.00242576019686172,0.5762169280028316,1.392125794104597,0.06789813767407664
1.9000000000000001,4.470283241882795,0.7232566865870563,0.45941429955606994,3.21481897637457,-0.0029796359105990506,0.5858942779798053,1.4067340639757182,0.06861367473634708
1.92,4.527997756347558,0.7515954402475774,0.47113218511566624,3.239600213816471,-0.0035521286065295574,0.5956605827744654,1.4213359522767346,0.06932899686042295
1.94,4.585835271402463,0.7807990630923416,0.48304539677115566,3.2646073552667327,-0.0041435012066326875,0.6055155911866165,1.4359313927669992,0.07004410180549657
1.96,4.643782325415624,0.8108860955435366,0.4951557085948881,3.2898394466047614,-0.0047540167428437126,0.6154590130284554,1.4505203192351153,0.07075898733144068
1.98,4.701824727368557,0.841875179558145,0.5074648888554574,3.3152955261600967,-0.005383938276532376,0.6254905185988068,1.4651026654992374,0.07147365119881528
2.0,4.759947536757848,0.8737850420055313,0.5199746992274337,3.3409746247788243,-0.006033528816395239,0.6356097381461472,1.4796783654073702,0.07218809116887483
2.02,4.818135043407715,0.9066344769333218,0.5326868939903564,3.3668757658904203,-0.006703051234738979,0.6458162613197947,1.4942473528376694,0.0729023050035751
2.04,4.876370747228233,0.9404423266838031,0.5456032192167521,3.3929979655750167,-0.007392768182126152,0.6561096366086238,1.5088095616987418,0.07361629046558027
2.06,4.934637337956743,0.9752274618230904,0.5587254119489247,3.419340232631089,-0.008102942000348458,0.6664893707666509,1.523364925929944,0.07433004531826994
2.08,4.992916674922712,1.0110087598454476,0.5720551993642577,3.4459015686435506,-0.008833834633685918,0.6769549282248235,1.5379133795016835,0.07504356732574605
2.1,5.051189766879238,1.0478050826154037,0.5855942979287541,3.472680968052249,-0.009585707538403156,0.687505730488328,1.5524548564157172,0.07575685425284003
2.12,5.109436751947393,1.0856352525106987,0.5993444125385206,3.4996774182208643,-0.010358821590426235,0.6981411555187264,1.5669892907054517,0.07646990386511963
2.14,5.167636877722672,1.124518027229629,0.6133072356488949,3.5268898995061897,-0.011153436991135537,0.7088605371002203,1.5815166164362418,0.07718271392889611
2.16,5.225768481596043,1.1644720732270526,0.6274844463908993,3.5543173853278,-0.011969813171201469,0.7196631641893325,1.5960367677056901,0.07789528221123107
2.18,5.283808971345328,1.2055159377441709,0.6418777096746862,3.581958842238091,-0.012808208692380686,0.7305482802472935,1.6105496786439453,0.0786076064799435
2.2,5.341734806056064,1.2476680193982275,0.6564886752796322,3.6098132299926884,-0.013668881147180968,0.7415150825544197,1.6250552834140015,0.07931968450361683
2.22,5.399521477434399,1.2909465372994948,0.6713189769307206,3.6378795016212178,-0.014552087056292913,0.7525627215057669,1.6395535162119972,0.08003151405160581
2.24,5.457143491578135,1.335369498664327,0.686370231360836,3.666156603498427,-0.015458081763675736,0.7636902998873509,1.6540443112675136,0.08074309289404367
2.2600000000000002,5.514574351275626,1.380954664894692,0.7016440373585828,3.6946434754156554,-0.016387119329173753,0.7748968721322312,1.668527602843872,0.08145441880184887
2.2800000000000002,5.571786538905867,1.4277195160964493,0.7171419748012275,3.7233390506526414,-0.017339452418528134,0.7861814435557668,1.6830033252384335,0.08216548954673229
2.3000000000000003,5.62875150001687,1.4756812140107256,0.7328656036723427,3.752242256049663,-0.018315332190636687,0.7975429695693684,1.6974714127828965,0.08287630290120412
2.32,5.68543962766314,1.524856563335078,0.7488164630637302,3.781352012080002,-0.01931500818190159,0.8089803548720901,1.711931799843593,0.0835868566385808
2.34,5.741820247586875,1.5752619714137348,0.764996070161172,3.810667232922724,-0.02033872818749192,0.8204924526194278,1.72638442082179,0.08429714853299212
2.36,5.797861604331321,1.6269134062790704,0.7814059192135607,3.840186826535771,-0.02138673813933421,0.8320780635687239,1.7408292101539833,0.08500717635938806
2.38,5.853530848378524,1.6798263530296258,0.7980474804849353,3.8699096947293548,-0.022459281980629908,0.8437359352006089,1.7552661023121976,0.08571693789354581
2.4,5.90879402440756,1.7340157685334443,0.8149221991889473,3.8998347332396452,-0.02355660153668426,0.8554647608159572,1.7696950318042812,0.08642643091207682
2.42,5.963616060773082,1.7894960344492474,0.8320314944052662,3.9299608318027466,-0.024678936381815758,0.8672631786078775,1.7841159331742067,0.08713565319243352
2.44,6.017960760307811,1.8462809085620617,0.8493767579774238,3.9602868742289554,-0.02582652370209978,0.8791297707083151,1.7985287410023636,0.08784460251291668
2.46,6.071790792556275,1.9043834744343222,0.8669593533915902,3.990811738477289,-0.026999598153684086,0.891063062208908,1.8129333899058586,0.08855327665268194
2.48,6.125067687550727,1.9638160893782335,0.8847806146357682,4.021534296730282,-0.02819839171639732,0.9030615201558051,1.827329814538811,0.08926167339174709
2.5,6.1777518312437065,2.024590330760278,0.9028418450388846,4.052453415469039,-0.02942313354235485,0.915123552518238,1.8417179495926488,0.08996979051099882
2.52,6.229802462715094,2.086716940654234,0.921144316089249,4.0835679555485385,-0.030674049799249085,0.9272475071307229,1.8560977297964043,0.09067762579219983
2.54,6.281177673274788,2.150205768864903,0.9396892662318637,4.114876772273182,-0.03195136350799402,0.9394316706088709,1.8704690899170127,0.09138517701799567
2.56,6.331834407585211,2.215065714350964,0.9584778996440413,4.146378715472577,-0.03325529437437574,0.9516742672388904,1.8848319647596052,0.09209244197192168
2.58,6.38172846693073,2.281304665081974,0.9775113849888193,4.178072629577544,-0.03458605861434308,0.9639734578409876,1.8991862891678064,0.09279941843841001
2.6,6.430814514763784,2.3489294363715105,0.9967908541456394,4.209957353696356,-0.03594386877255381,0.9763273386070032,1.9135319980240295,0.09350610420279651
2.62,6.4790460846598545,2.41794570773585,1.0163174009177798,4.24203172169118,-0.0373289335337744,0.9887339399127635,1.9278690262497717,0.0942124970513277
2.64,6.5263755908155865,2.488357958335316,1.0360920797160347,4.274294562254728,-0.038741457526712327,1.0011912251057902,1.9421973088059108,0.09491859477116768
2.66,6.57275434122614,2.560169401063618,1.0561159042181503,4.306744698987113,-0.040181641119842244,1.0136970892691741,1.9565167806929946,0.09562439515040504
2.68,6.6181325536792865,2.6333819153590317,1.0763898460035337,4.33938095047288,-0.04164968020876919,1.026249357962616,1.9708273769515445,0.0963298959780598
2.7,6.662459374704808,2.707995978820217,1.0969148331627858,4.372202130358242,-0.043145765994654195,1.0388457859418296,1.9851290326623443,0.0970350950440904
2.72,6.705682901618385,2.784010597718768,1.1176917488816223,4.405207047428472,-0.04467008475321051,1.0514840558577305,1.9994216829467346,0.09773999013940057
2.74,6.747750207799278,2.861423236510278,1.1387214299987765,4.4383945056854746,-0.04622281759376166,1.0641617769370617,2.0137052629669108,0.09844457905584622
2.7600000000000002,6.788607371340751,2.9402297464557194,1.1600046655375174,4.47176330442552,-0.04780414020783657,1.0768764836463673,2.027979707926214,0.09914885958624241
2.7800000000000002,6.828199507211264,3.020424293475326,1.1815421952104446,4.505312238317121,-0.04941422260676146,1.0896256343414972,2.042244953069425,0.09985282952437025
2.8000000000000003,6.866470803062955,3.1019992853678304,1.203334707897275,4.5390400974790674,-0.051053228847694136,1.1024066099051166,2.056500933683061,0.10055648666498378
2.82,6.903364558821776,3.184945298538919,1.225382840095377,4.572945667558594,-0.05272131674753294,1.1152167123750116,2.070747585095665,0.10125982880381695
2.84,6.938823230190829,3.269251004394003,1.247687174342877,4.607027729809677,-0.0544186375841211,1.128053163566312,2.084984842678105,0.10196285373759044
2.86,6.9727884761949195,3.3549030955619226,1.2702482376142035,4.64128506117146,-0.05614533578415675,1.1409131036911166,2.0992126418438595,0.10266555926401864
2.88,7.00520121089002,3.4418862121278795,1.2930664996880257,4.67571643434679,-0.05790154859721116,1.1537935899793776,2.1134309180493176,0.1033679431818165
2.9,7.036001659356252,3.530182868065795,1.3161423714876133,4.710320617880871,-0.05968740575525113,1.1666915953053107,2.1276396067940664,0.10407000329070637
2.92,7.065129418087031,3.619773378072268,1.339476203393719,4.745096376240007,-0.0615030291170581,1.1796040068240221,2.141838643621187,0.10477173739142503
2.94,7.092523519880186,3.7106357850163927,1.3630682835301995,4.780042469890449,-0.06334853229693548,1.192527624623496,2.156027964117547,0.10547314328573056
2.96,7.118122503329112,3.8027457882318085,1.3869188360226694,4.815157655377323,-0.06522402027709795,1.2054591603975593,2.17020750391409,0.10617421877640905
2.98,7.141864487003309,3.8960766728894125,1.4110280192306206,4.8504406854036395,-0.06712958900314205,1.2183952361459498,2.18437719868613,0.10687496166728164
3.0,7.163687248397908,3.9905992407011657,1.4353959239535392,4.8858903089093735,-0.06906532496200658,1.2313323829081322,2.198536984153641,0.10757536976321144
3.02,7.18352830772111,4.086281742217239,1.4600225716117023,4.921505271150608,-0.07103130474184553,1.244267039538061,2.2126867960815533,0.10827544087011026
3.04,7.201325016576614,4.183089810990353,1.4849079124024636,4.9572843137787395,-0.07302759457325385,1.257195551527671,2.2268265702800383,0.10897517279494556
3.06,7.217014651585287,4.280986399892438,1.5100518234330167,4.993226174919721,-0.07505424985131061,1.2701141698874674,2.2409562426048044,0.10967456334574743
3.08,7.230534512976345,4.379931719879678,1.535454106830766,5.029329589253366,-0.07711131463793264,1.283019050093221,2.2550757489573856,0.11037361033161518
3.1,7.241822028163226,4.479883181512404,1.561114487832631,5.065593288092667,-0.0791988211440673,1.2959062511084136,2.2691850252854344,0.11107231156272446
3.12,7.250814860303157,4.580795339546197,1.5870326128547996,5.102015999463157,-0.08131678919129501,1.30877173449275,2.2832840075830116,0.11177066485033396
3.14,7.257451021822073,4.682619840919757,1.6132080475446546,5.138596448182285,-0.08346522565246098,1.3216113636077398,2.2973726318908754,0.11246866800679246
3.16,7.261668992868109,4.785305376473578,1.6396402748168093,5.175333355938801,-0.08564412387101325,1.3344209029310532,2.3114508342967715,0.11316631884554543
3.18,7.2634078446373005,4.888797636741043,1.66632869287543,5.212225441372158,-0.08785346305878894,1.3471960174920774,2.3255185509357257,0.11386361518114203
3.2,7.2626073674945015,4.993039272160209,1.6932726132252718,5.2492714201518975,-0.09009320767206552,1.3599322724418261,2.339575717990331,0.11456055482924199
3.22,7.259208203790776,5.097969858060107,1.7204712586741078,5.286470005057043,-0.09236330676577814,1.372625132771093,2.3536222716910395,0.11525713560662236
3.24,7.25315198525579,5.20352586477978,1.7479237613295293,5.323819906055464,-0.09466369332589805,1.3852699631914847,2.3676581483164476,0.11595335533118434
3.2600000000000002,7.2443814748199635,5.309640633281338,1.7756291605933594,5.361319830383222,-0.09699428358007323,1.3978620281946996,2.3816832841935893,0.11664921182196018
3.2800000000000002,7.232840712696505,5.416244356620031,1.8035864011572533,5.398968482623889,-0.09935497628674878,1.410396492306164,2.395697615698223,0.11734470289912009
3.3000000000000003,7.218475166527878,5.523264067634457,1.8317943310033762,5.436764564787828,-0.10174565200311424,1.4228684205498434,2.4097010792551203,0.1180398263839788
3.3200000000000003,7.201231885374983,5.630623633218581,1.8602516994143734,5.474706776391424,-0.10416617233236661,1.4352727791417605,2.4236936113383565,0.11873458009900272
3.34,7.181059657300274,5.738243755533985,1.8889571549972084,5.512793814536272,-0.10661637915093343,1.447604436430414,2.437675148471593,0.11942896186781642
3.36,7.157909170268473,5.846041980515738,1.9179092437258163,5.551024373988298,-0.10909609381646937,1.4598581641029353,2.4516456272283733,0.12012296951520983
3.38,7.131733176060427,5.953932714018205,1.9471064070078752,5.589397147256825,-0.11160511635762334,1.472028638676413,2.465604984232405,0.12081660086714469
3.4,7.102486656867235,6.061827245938059,1.9765469797814035,5.627910824673556,-0.11414322464677132,1.4841104432943446,2.479553156157847,0.12150985375076152
3.42,7.070126994203114,6.169633782640534,2.006229188647291,5.666564094471486,-0.1167101735571236,1.496098069848661,2.4934900797296025,0.12220272599438656
3.44,7.034614139746757,6.277257488001461,2.0361511500442635,5.705355642863724,-0.1193056941058436,1.5079859214481444,2.507415691723599,0.12289521542753824
3.46,6.995910787692324,6.384600533361925,2.0663108684732263,5.744284154122223,-0.12192949258505953,1.5197683152543817,2.521329928967079,0.1235873198809344
3.48,6.953982548162858,6.49156215667418,2.0967062347783134,5.783348310656411,-0.12458124968290948,1.531439485706583,2.5352327283388876,0.12427903718649863
3.5,6.9087981212110385,6.598038731096967,2.127335024492445,5.822546793091716,-0.12726061959703516,1.542993588156681,2.5491240267697552,0.1249703651773675
3.52,6.860329470904961,6.703923843275302,2.158194896255578,5.861878280347973,-0.12996722914322867,1.5544247029360825,2.5630037612425864,0.125661301687897
3.54,6.808551998970263,6.80910838151436,2.1892833903142996,5.90134144971772,-0.13270067686224052,1.5657268398752355,2.5768718687927454,0.12635184455366952
3.56,6.753444717434628,6.913480634029032,2.220597927111804,5.940934976944358,-0.13546053212807427,1.576893943296826,2.590728286508341,0.12704199161150065
3.58,6.694990419696734,7.016926397420297,2.2521358059777405,5.980657536300184,-0.13824633426142255,1.5879198975028672,2.6045729515305114,0.12773174069944565
3.6,6.633175849419233,7.119329095496617,2.2838942039277974,6.02050780066428,-0.14105759165224024,1.5987985327752168,2.6184058010537115,0.12842108965680674
3.62,6.56799186662469,7.220569908523217,2.315870174583302,6.060484441600261,-0.14389378089580107,1.6095236319081057,2.6322267723259953,0.1291100363241394
3.64,6.499433610354695,7.320527912944497,2.3480606472214642,6.100586129433862,-0.14675434594694203,1.6200889372900826,2.6460358026493043,0.12979857854325935
3.66,6.427500657235937,7.4190802315849025,2.3804624259672664,6.140811533330372,-0.1496386972975643,1.6304881585513606,2.6598328293797455,0.13048671415724936
3.68,6.352197175283067,7.516102194291598,2.413072189138294,6.181159321371902,-0.15254621118282538,1.6407149807908723,2.6736177899278837,0.1311744410104658
3.7,6.273532072256873,7.611467508938309,2.4458864887541116,6.221628160634474,-0.15547622882182582,1.6507630733953833,2.6873906217590178,0.13186175694854566
3.72,6.191519137888039,7.705048442663927,2.478901750222019,6.26221671726494,-0.15842805569895616,1.6606260994607778,2.7011512623934704,0.132548659818413
3.74,6.106177179271533,7.796716013172092,2.5121142722112353,6.30292365655771,-0.16140096089242842,1.6702977258230876,2.714899649406867,0.13323514746828596
3.7600000000000002,6.017530148734911,7.886340189869155,2.545520226727697,6.343747643031289,-0.16439417645686244,1.6797716337039978,2.7286357204304217,0.13392121774768337
3.7800000000000002,5.92560726348557,7.973790104568047,2.5791156594017774,6.38468734050462,-0.16740689686712862,1.6890415299724042,2.742359413151221,0.13460686850743145
3.8000000000000003,5.830443116347481,8.058934271434714,2.6128964900012255,6.425741412173219,-0.17043827853096022,1.6981011590201154,2.7560706653125013,0.13529209759967073
3.8200000000000003,5.7320777769073326,8.141640815802393,2.646858513181628,6.466908520685103,-0.17348743937813474,1.7069443152460126,2.769769414713939,0.13597690287786252
3.84,5.630556882403426,8.22177771142731,2.6809973994865484,6.508187328216502,-0.1765534585342792,1.7155648561388583,2.783455599211924,0.13666128219679582
3.86,5.5259317177082306,8.299213025707713,2.715308696609325,6.549576496547346,-0.17963537608757385,1.7239567159445321,2.7971291567198504,0.137345233412594
3.88,5.418259283777285,8.373815172336938,2.7497878309282164,6.591074687136526,-0.18273219295680518,1.7321139198987539,2.8107900252083926,0.13802875438272147
3.9,5.307602353963187,8.445453170810653,2.784430109326191,6.63268056119692,-0.1858428708693475,1.7400305990013505,2.8244381427057865,0.13871184296599043
3.92,5.194029517623736,8.513996912159143,2.8192307213062175,6.674392779770179,-0.18896633245772507,1.7477010053028597,2.8380734472981137,0.13939449702256757
3.94,5.077615210487936,8.579317430227613,2.8541847414122747,6.716210003801272,-0.1921014614834176,1.7551195276687594,2.8516958771295804,0.14007671441398073
3.96,4.958439731282358,8.641287177781601,2.8892871319656503,6.758130894212769,-0.1952471031965153,1.7622807079809015,2.8653053704027993,0.14075849300312576
3.98,4.836589244163344,8.699780306670997,2.9245327461252684,6.800154111978875,-0.19840206483969705,1.7691792577298444,2.878901865379067,0.14143983065427293
4.0,4.712155766547468,8.75467295124527,2.9599163312798655,6.842278318199199,-0.20156511630479274,1.7758100749457757,2.892485300378647,0.14212072523307392
4.0200000000000005,4.585237141983424,8.805843514174725,2.995432532778781,6.88450217417225,-0.20473499094989075,1.7821682614096144,2.906055613781051,0.14280117460656835
4.04,4.455936997762897,8.853172953798294,3.031075898006973,6.926824341468667,-0.20791038658455838,1.7882491400797644,2.9196127440253115,0.14348117664319038
4.0600000000000005,4.324364687025682,8.896545072087925,3.0668408808085683,6.96924348200416,-0.21108996663025342,1.794048272663903,2.9331566296102713,0.14416072921277565
4.08,4.190635215175109,8.935846802293321,3.102721846261846,7.011758258112168,-0.21427236146241183,1.7995614772591781,2.9466872090948515,0.14483983018656765
4.1,4.054869150483315,8.970968495309053,3.138713075807029,7.05436733261623,-0.21745616993999844,1.8047848459783575,2.9602044210983376,0.14551847743722465
4.12,3.917192518831801,9.001804203789082,-3.10837653445299,7.097069368902056,-0.22063996112750123,1.8097147624738568,2.9737082043006584,0.14619666883882618
4.14,3.777736682600529,9.028251963021855,-3.072182239203513,7.1398630309892965,-0.22382227621343204,1.8143479192662686,2.987198497442658,0.14687440226687973
4.16,3.636638203788162,9.050214067572542,-3.035895280818188,7.182746983603005,-0.22700163062837037,1.818681334779093,3.00067523932638,0.1475516755983275
4.18,3.494038691516496,9.067597342697846,-2.999521654122606,7.225719892244788,-0.23017651636444844,1.822712369976907,3.014138368815339,0.14822848671155292
4.2,3.350084634143135,9.080313409543345,-2.963067406723068,7.26878042326364,-0.23334540449693267,1.8264387445002845,3.027587824834807,0.14890483348638744
4.22,3.2049272162775773,9.088278943143514,-2.926538631833062,7.31192724392645,-0.23650674790720702,1.8298585521874757,3.0410235463720805,0.149580713804117
4.24,3.0587221210665465,9.091415922260591,-2.889941460789313,7.355159022488189,-0.23965898420501863,1.8329702758702375,3.0544454724767625,0.15025612554748885
4.26,2.9116293181841697,9.089651870120141,-2.853282055271908,7.398474428261753,-0.24280053884630762,1.835772801329368,3.067853542261039,0.15093106660071795
4.28,2.763812838030835,9.082920085128663,-2.816566599245321,7.441872131687484,-0.24592982844132347,1.8382654302944883,3.0812476948999548,0.15160553484949388
4.3,2.615440532710871,9.071159860691557,-2.779801290639431,7.48535080440233,-0.24904526424603846,1.8404478923725147,3.094627869631688,0.15227952818098722
4.32,2.466683824422949,9.054316693288268,-2.7429923327919807,7.528909119308673,-0.2521452558281173,1.8423203557901209,3.1079940057578277,0.15295304448385638
4.34,2.317717441957899,9.032342478005054,-2.706145925676178,7.572545750642795,-0.25522821489690506,1.8438834368373613,3.121346042643646,0.15362608164825395
4.36,2.1687191460559165,9.005195690774473,-2.669268256939431,7.616259374042993,-0.2582925592850684,1.8451382079025496,3.1346839197183796,0.15429863756583362
4.38,2.019869444428532,8.972841556623907,-2.6323654927813798,7.66004866661733,-0.261336717067686,1.8460862039924997,3.1480075764754956,0.15497071012975652
4.4,1.8713512972997326,8.935252203292997,-2.59544376870153,7.703912307011017,-0.2643591308027484,1.8467294276373531,3.161316952472975,0.15564229723469797
4.42,1.7233498143649246,8.892406799641233,-2.558509180148783,7.747848975473429,-0.2673582618752202,1.8470703520854572,3.1746119873335794,0.15631339677685396
4.44,1.5760519441056748,8.844291678331826,-2.5215677731070736,7.791857353924743,-0.27033259492505457,1.8471119227011172,3.187892620745131,0.15698400665394796
4.46,1.4296461564320142,8.790900442345775,-2.484625534653051,7.835936126022195,-0.27328064233785543,1.8468575564865002,3.201158792460781,0.15765412476523724
4.48,1.2843221196523533,8.732234054950327,-2.447688383523321,7.880083977225956,-0.27620094877527934,1.846311139658517,3.214410442299286,0.15832374901151958
4.5,1.1402703727934924,8.668300912818285,-2.4107621607301506,7.924299594864618,-0.2790920957207779,1.845477023222078,3.227647510145281,0.15899287729513986
4.5200000000000005,0.9976819943096918,8.599116902068214,-2.373852620265709,7.968581668200287,-0.28195270601492617,1.8443600164926863,3.2408699359495508,0.1596615075199966
4.54,0.8567482682302127,8.524705437070146,-2.336965419935855,8.012928888493276,-0.28478144835338565,1.8429653785338196,3.254077659729302,0.16032963759154856
4.5600000000000005,0.7176603487990927,8.445097481936168,-2.300106112365179,8.057339949066407,-0.2875770417195336,1.8412988074878789,3.267270621568439,0.16099726541682122
4.58,0.5806089246592319,8.360331554689873,-2.263280136215421,8.101813545368893,-0.29033825972297395,1.8393664277935686,3.28044876161783,0.1616643889044134
4.6000000000000005,0.4457838836251828,8.270453714182413,-2.22649280765955,8.146348375039828,-0.2930639348145498,1.8371747752973169,3.293612020095583,0.16233100596450387
4.62,0.313373979075517,8.175517529895382,-2.1897493121536034,8.190943137971246,-0.29575296234812,1.8347307802816213,3.3067603372873138,0.16299711450885768
4.64,0.18356649897643948,8.075584034841402,-2.153054696547971,8.235596536370776,-0.2984043044592616,1.83204174844892,3.319893653546421,0.163662712450833
4.66,0.05654693852368495,7.970721661841577,-2.1164138615789927,8.280307274823874,-0.30101699373122537,1.829115339915583,3.3330119092943518,0.16432779770538744
4.68,-0.06750132264007824,7.861006163524587,-2.079831554780681,8.325074060355623,-0.30359013661891937,1.8259595462867786,3.346115045020876,0.1649923681890846
4.7,-0.18839733770977152,7.746520516454471,-2.0433123638549455,8.369895602492118,-0.30612291660243196,1.8225826658991333,3.3592030012843543,0.16565642182010082
4.72,-0.3059629036209577,7.6273548098529735,-2.0068607105369627,8.414770613321402,-0.3086145970426351,1.818993277334143,3.3722757187120065,0.16631995651823125
4.74,-0.4200228647313014,7.50360611943712,-1.9704808449902798,8.459697807553981,-0.31106452371273774,1.8152002113210244,3.3853331380001856,0.16698297020489694
4.76,-0.5304054084873091,7.375378366943251,-1.9341768407638593,8.504675902582902,-0.3134721269812805,1.8112125211629897,3.3983751999146405,0.1676454608031508
4.78,-0.6369423523334791,7.242782165954856,-1.8979525903405996,8.549703618543365,-0.31583692362397914,1.8070394518356205,3.4114018452907913,0.1683074262376845
4.8,-0.7394694211740727,7.105934654692874,-1.8618118013038871,8.594779678371921,-0.3181585182440192,1.8026904079199235,3.424413015033991,0.1689688644348348
4.82,-0.8378265147531542,6.96495931646361,-1.8257579931454886,8.6399028078652,-0.3204366042828737,1.7981749205456616,3.4374086501197993,0.16962977332259005
4.84,-0.9318579643758657,6.819985788490891,-1.7897944947345754,8.68507173573819,-0.3226709646064364,1.7935026135324603,3.450388691594247,0.17029015083059673
4.86,-1.0214127784526292,6.671149659885443,-1.7539244424639262,8.730285193682066,-0.3248614716542215,1.788683168926885,3.4633530805741044,0.17094999489016593
4.88,-1.1063448764076371,6.518592259525801,-1.7181507790853885,8.775541916421558,-0.3270080871425494,1.7837262921430033,3.4763017582471494,0.17160930343427983
4.9,-1.186513310553118,6.362460434641232,-1.6824762532425284,8.820840641771852,-0.32911086131599265,1.7786416769217352,3.4892346658724325,0.17226807439759803
4.92,-1.2617824755910267,6.2029063208983555,-1.6469034197040937,8.866180110695039,-0.3311699317448668,1.7734389703304743,3.5021517447805426,0.17292630571646428
4.94,-1.3320223054635258,6.0400871047994045,-1.6114346402974842,8.911559067356079,-0.33318552167018267,1.768127738028843,3.5150529363738805,0.17358399532891286
4.96,-1.3971084573325148,5.874164779201582,-1.5760720855369073,8.956976259178306,-0.3351579379011965,1.762717430029004,3.52793818212691,0.17424114117467474
4.98,-1.4569224825261078,5.705305892763871,-1.5408177369363272,9.002430436898466,-0.3370875682744633,1.7572173471795238,3.5408074235864406,0.17489774119518456
5.0,-1.5113519843459897,5.5336812941202,-1.5056733899927366,9.047920354621258,-0.33897487868707704,1.751636608600341,3.5536606023718793,0.17555379333358664
5.0200000000000005,-1.5602907626836509,5.359465871566259,-1.4706406578207298,9.093444769873418,-0.34082040972052874,1.7459841202928745,3.5664976601755027,0.1762092955347417
5.04,-1.603638945445304,5.1828382890318325,-1.4357209754148723,9.139002443657306,-0.3426247728752854,1.740268545143661,3.579318538762719,0.17686424574523305
5.0600000000000005,-1.6413031068345303,5.00398071909146,-1.400915604511999,9.18459214050402,-0.34438864643975237,1.7344982745321376,3.592123179972332,0.17751864191337327
5.08,-1.673196372588146,4.82307857374401,-1.3662256390213563,9.230212628526013,-0.34611277102067833,1.7286814017433034,3.6049115257168056,0.17817248198921054
5.1000000000000005,-1.699238512304208,4.640320233666545,-1.3316520109864902,9.275862679469242,-0.34779794476526465,1.7228256973740106,3.6176835179825275,0.17882576392453492
5.12,-1.7193560190413137,4.455896776620072,-1.29719549703901,9.321541068764791,-0.3494450183081981,1.7169385869076492,3.6304390988300703,0.179478485672885
5.14,-1.7334821764052566,4.27000170565485,-1.2628567253008571,9.367246575580037,-0.35105488947950997,1.7110271306160503,3.643178210394459,0.18013064518955413
5.16,-1.7415571133725578,4.0828306777309935,-1.2286361826885361,9.412977982869299,-0.35262849781153377,1.7050980059296894,3.6559007948854303,0.18078224043159702
5.18,-1.7435278471303628,3.8945812333368264,-1.1945342225699425,9.45873407742399,-0.3541668188852554,1.6991574923978374,3.668606794587693,0.18143326935783588
5.2,-1.7393483142386141,3.705452527652871,-1.1605510727219857,9.504513649922286,-0.35567085855800074,1.6932114593393646,3.681296151861192,0.182083729928867
5.22,-1.7289793904433006,3.515645063774077,-1.1266868435351984,9.550315494978266,-0.35714164711565366,1.6872653562626412,3.693968809141371,0.18273362010706717
5.24,-1.7123888994889807,3.325360428467105,-1.0929415364099455,9.596138411190573,-0.35858023339342987,1.6813242061096123,3.7066247089394313,0.18338293785659987
5.26,-1.6895516112947426,3.1348010309035854,-1.0593150522877535,9.641981201190559,-0.3599876789096274,1.6753926013548859,3.7192637938425945,0.18403168114342175
5.28,-1.6604492298704028,2.94416984477454,-1.0258072002606555,9.68784267168992,-0.3613650520567288,1.6694747029658226,3.731886006514362,0.18467984793528924
5.3,-1.625070371359182,2.753670154155918,-0.9924177062013388,9.733721633527823,-0.3627134223937345,1.6635742422044255,3.744491289694773,0.18532743620176434
5.32,-1.5834105325994938,2.5635053034607043,-0.9591462213572504,9.77961690171753,-0.36403385508266617,1.657694525226562,3.75707958620067,0.18597444391422163
5.34,-1.5354720506019988,2.3738784517795812,-0.9259923308527194,9.825527295492495,-0.36532740551079707,1.6518384404090323,3.7696508389259504,0.18662086904585415
5.36,-1.4812640533389396,2.184992331879855,-0.8929555620445386,9.87145163835196,-0.3665951141383609,1.6460084683104832,3.7822049908418345,0.18726670957167998
5.38,-1.4208024022411665,1.9970490141015609,-0.8600353926783288,9.917388758106028,-0.367838001609274,1.6402066941484623,3.794741984997115,0.18791196346854858
5.4,-1.3541096267944397,1.810249675360425,-0.8272312587953596,9.96333748692022,-0.3690570641598074,1.634434822652327,3.8072617645184224,0.18855662871514695
5.42,-1.281214851620795,1.624794373439904,-0.794542562342313,10.009296661359517,-0.37025326935718944,1.6286941951304714,3.8197642726104806,0.18920070329200622
5.44,-1.2021537164232128,1.4408818267289087,-0.7619686784397035,10.055265122431873,-0.3714275521968425,1.622985808570765,3.8322494525563617,0.1898441851815078
5.46,-1.1169682891628177,1.2587091995381507,-0.7295089622682882,10.101241715631218,-0.37258081158339457,1.617310336575374,3.8447172477177496,0.1904870723678896
5.48,-1.025706972827596,1.078471893106381,-0.6971627555367808,10.147225290979934,-0.3737139072168006,1.611668151915515,3.857167601535191,0.1911293628372528
5.5,-0.9284244061403956,0.9003633423881355,-0.6649293924984705,10.193214703070801,-0.3748276569009011,1.6060593504783651,3.869600457528353,0.19177105457756752
5.5200000000000005,-0.825181358542041,0.7245748186969656,-0.632808205488903,10.239208811108432,-0.3759228342875859,1.6004837763674649,3.8820157592962863,0.19241214557867967
5.54,-0.7160446197729615,0.551295238262477,-0.6007985299615539,10.285206478950165,-0.3770001670654642,1.5949410479096477,3.894413450517667,0.1930526338323169
5.5600000000000005,-0.6010868843640397,0.38071097674577214,-0.568899709003361,10.33120657514645,-0.37806033559761915,1.589430584315895,3.9067934749510678,0.19369251733209517
5.58,-0.4803866313346429,0.21300568974601214,-0.5371110973170432,10.377207972980683,-0.37910397200869433,1.583951632740612,3.9191557764352023,0.1943317940735246
5.6000000000000005,-0.3540279993832022,0.04836013932067673,-0.505432064662231,10.423209550508536,-0.38013165971726876,1.5785032954836768,3.9315002988891834,0.19497046205401639
5.62,-0.22210065784341684,-0.11304797346640152,-0.4738619987525574,10.469210190596744,-0.3811439334052777,1.5730845570821856,3.9438269863127777,0.19560851927288844
5.64,-0.08469967366735925,-0.2710441699621722,-0.44240030761091376,10.515208780961363,-0.3821412794121679,1.567694311044115,3.9561357827866614,0.19624596373137213
5.66,0.05807462531444954,-0.4254573493052778,-0.41104642139003156,10.5612042142055,-0.383124136537591,1.5623313859839747,3.9684266324726685,0.19688279343261816
5.68,0.2061167906164024,-0.5761199377738282,-0.3797997936703519,10.607195387856516,-0.38409289723276857,1.5569945709308994,3.9806994796140502,0.19751900638170322
5.7,0.35931639657469405,-0.7228680321065761,-0.3486599022517338,10.653181204402689,-0.3850479091572556,1.5516826395923158,3.9929542685357253,0.19815460058563591
5.72,0.5175581868566262,-0.8655415368066224,-0.3176262494598876,10.69916057132935,-0.3859894770747071,1.5463943733711716,4.0051909436445285,0.19878957405336303
5.74,0.6807222237891176,-1.0039842954386744,-0.28669836199246435,10.745132401154486,-0.3869178650584604,1.5411285829515289,4.017409449429476,0.19942392479577606
5.76,0.8486840403001682,-1.1380442159322484,-0.2558757903334339,10.791095611463811,-0.38783329897529556,1.5358841282858684,4.029609730461996,0.20005765082571708
5.78,1.0213147942730645,-1.2675733899041983,-0.2251581077677165,10.837049124945304,-0.38873596921365855,1.5306599368374942,4.041791731396204,0.20069075015798524
5.8,1.198481425118238,-1.3924282060147277,-0.19454490903096655,10.88299186942321,-0.38962603362093995,1.525455019952726,4.053955396969132,0.20132322080934278
5.82,1.380046812371954,-1.5124694573717332,-0.1640358086319118,10.92892277789151,-0.39050362061310984,1.5202684872598298,4.066100672000997,0.2019550607985214
5.84,1.5658699361344546,-1.6275624429990727,-0.1336304388867151,10.974840788546858,-0.3913688324191216,1.5150995590146397,4.078227501395439,0.2025862681462284
5.86,1.7558060391628971,-1.7375770633852556,-0.10332844770642247,11.020744844820989,-0.39222174842202173,1.509947576336247,4.09033583013978,0.2032168408751529
5.88,1.9497067904364809,-1.8423879101302274,-0.07312949617969755,11.06663389541258,-0.3930624285586325,1.504812009299752,4.102425603305262,0.2038467770099719
5.9,2.1474204500126475,-1.9418743497094422,-0.04303325599370256,11.112506894318587,-0.3938909167400083,1.4996924628765869,4.114496766047313,0.20447607457735678
5.92,2.3487920349942666,-2.035920601376359,-0.013039406736170989,11.158362800865056,-0.39470724425559073,1.4945886807361033,4.126549263605775,0.20510473160597906
5.94,2.553663486428384,-2.1244158092269094,0.016852366878551184,11.204200579737382,-0.39551143312509063,1.4895005469446818,4.138583041305174,0.20573274612651693
5.96,2.761873836957526,-2.207254108452397,0.046642377817444736,11.250019201010048,-0.3963034993635882,1.484428085620386,4.150598044554952,0.2063601161716614
5.98,2.9732593790448147,-2.284334685810734,0.07633093952985259,11.29581764017583,-0.39708345612714435,1.479371458621864,4.162594218849721,0.20698683977612212
6.0,3.1876538335943847,-2.355561834349872,0.10591836870228999,11.341594878174464,-0.39785131670833235,1.4743309613696483,4.1745715097695095,0.207612914976634
6.0200000000000005,3.4048885187888707,-2.4208450024217796,0.1354049879296828,11.387349901420786,-0.3986070973535022,1.4693070169159983,4.18652986298001,0.20823833981196294
6.04,3.624792518966189,-2.480098837030253,0.16479112826800257,11.43308170183234,-0.3993508198762506,1.4643001683958121,4.1984692242328245,0.20886311232291216
6.0600000000000005,3.8471928533585205,-2.5332432215612837,0.19407713163591866,11.47878927685645,-0.40008251404445483,1.4593110700057528,4.210389539365711,0.20948723055232857
6.08,4.071914644517418,-2.5802033079504816,0.2232633530360335,11.524471629496771,-0.40080221972130503,1.454340476671475,4.222290754302829,0.21011069254510842
6.1000000000000005,4.298781286250371,-2.620909543348211,0.2523501625694631,11.570127768339297,-0.40150998874400134,1.449389232573571,4.234172815054985,0.21073349634820393
6.12,4.527614610896024,-2.6552976913494866,0.2813379472209343,11.615756707577853,-0.40220588652713324,1.444458258711523,4.2460356677198785,0.21135564001062887
6.140000000000001,4.758235055767604,-2.6833088478622806,0.31022711239516454,11.661357467039048,-0.402889993381189,1.4395485396914678,4.257879258482342,0.21197712158346516
6.16,4.990461828597007,-2.7048894516945974,0.33901808318899374,11.706929072206703,-0.4035624055401184,1.4346611099279254,4.269703533614594,0.21259793911986866
6.18,5.224113071815462,-2.7199912899474117,0.3677113053875525,11.752470554245761,-0.4042232358953502,1.4297970394517927,4.281508439476472,0.21321809067507547
6.2,5.459006025510696,-2.7285714983072578,0.3963072461765882,11.797980950025652,-0.40487261443711275,1.4249574195168522,4.293293922515683,0.21383757430640787
6.22,5.694957188905133,-2.7305925563388054,0.42480639456692515,11.843459302143154,-0.40551068840727933,1.42014334819485,4.3050599292680465,0.21445638807328052
6.24,5.931782480204794,-2.7260222778840957,0.4532092615308221,11.888904658944714,-0.4061376221712293,1.4153559161448643,4.316806406357732,0.21507453003720645
6.26,6.169297394674264,-2.7148337966811606,0.4815163798537192,11.934316074548251,-0.4067535968193411,1.4105961927363277,4.328533300497507,0.21569199826180313
6.28,6.4073171607992405,-2.6970055473204275,0.5097283037084459,11.979692608864442,-0.4073588095116835,1.4058652126967432,4.340240558488975,0.21630879081279875
6.3,6.645656894404835,-2.672521241662565,0.5378456079623808,12.025033327617471,-0.40795347258221404,1.4011639634449777,4.351928127222814,0.21692490575803783
6.32,6.884131750604831,-2.641369840846192,0.5658688872312805,12.070337302365287,-0.40853781242130177,1.3964933732591402,4.363595953679028,0.2175403411674878
6.34,7.122557073464475,-2.603545523018089,0.5937987546964631,12.115603610519306,-0.409112068157637,1.391854300414628,4.3752439849271765,0.21815509511324466
6.36,7.360748543267062,-2.559047646922216,0.621635840704756,12.160831335363628,-0.4096764901625489,1.3872475234130897,4.386872168126619,0.2187691656695391
6.38,7.598522321282444,-2.507880711486849,0.6493807911730176,12.206019566073719,-0.41023133840140913,1.3826737324070169,4.398480450526756,0.21938255091274284
6.4,7.835695191943637,-2.4500543115515656,0.6770342658211579,12.251167397734587,-0.4107768806581313,1.378133521907612,4.410068779467265,0.2199952489213741
6.42,8.072084702345778,-2.3855830898775428,0.7045969362593101,12.29627393135844,-0.4113133906597765,1.3736273848457121,4.421637102378344,0.2206072577761041
6.44,8.307509298989821,-2.314486685585741,0.7320694839562245,12.341338273901833,-0.41184114612893113,1.3691557080370789,4.433185366780944,0.22121857555976288
6.46,8.54178846170135,-2.2367896791679835,0.7594525981169662,12.386359538282306,-0.41236042679183216,1.3647187690845364,4.444713520287014,0.22182920035734519
6.48,8.774742834662812,-2.152521534215773,0.7867469734986567,12.431336843394515,-0.4128715123701793,1.360316734730452,4.456221510599729,0.22243913025601683
6.5,9.006194354505137,-2.061716536010898,0.8139533081932657,12.47626931412585,-0.41337468058418825,1.355949660654187,4.46770928551374,0.22304836334512024
6.5200000000000005,9.235966375412115,-1.9644137271205229,0.8410723014063493,12.521156081371547,-0.41387020519372425,1.3516174926905722,4.479176792915402,0.22365689771618075
6.54,9.463883791198015,-1.8606568401375716,0.8681046512601611,12.565996282049309,-0.4143583541033135,1.3473200694274647,4.490623980783009,0.22426473146291248
6.5600000000000005,9.68977315432562,-1.7504942277048314,0.8950510526487108,12.610789059113403,-0.4148393875554809,1.3430571261232005,4.502050797187036,0.22487186268122442
6.58,9.913462791838162,-1.6339787899584035,0.9219121951711751,12.65553356156828,-0.4153135564352275,1.3388282998685137,4.5134571902903735,0.22547828946922607
6.6000000000000005,10.134782918184476,-1.5111678995229343,0.9486887611685457,12.700228944481678,-0.41578110070656144,1.3346331359024193,4.524843108348558,0.22608400992723374
6.62,10.353565744922054,-1.3821233241875646,0.9753814238865939,12.744874368997232,-0.41624224799985843,1.3304710949778644,4.536208499710013,0.22668902215777642
6.640000000000001,10.569645587287571,-1.2469111473877763,1.0019908457861515,12.789469002346602,-0.4166972123664837,1.3263415616607828,4.547553312816278,0.22729332426560173
6.66,10.782858967628757,-1.1056016866143712,1.0285176770193676,12.834012017861086,-0.41714619321458835,1.3222438534357008,4.5588774962022445,0.22789691435768153
6.68,10.993044715695408,-0.9582694098667431,1.0549625540880818,12.878502594982763,-0.41758937443733024,1.3181772304823658,4.570180998496391,0.2284997905432184
6.7,11.200044065790612,-0.8049928502634722,1.0813260986977289,12.922939919275128,-0.4180269237420054,1.3141409059810678,4.581463768421014,0.22910195093365132
6.72,11.403700750786156,-0.645854518919124,1.10760891681735,12.967323182433258,-0.4184589921857392,1.3101340567995357,4.592725754792461,0.2297033936426613
6.74,11.60386109300844,-0.48094081619205614,1.1338115979533407,13.011651582293478,-0.41888571392052343,1.3061558344114719,4.603966906521364,0.23030411678617776
6.76,11.80037409200321,-0.3103419414040489,1.1599347146415706,13.05592432284255,-0.41930720614752637,1.3022053758960455,4.615187172612867,0.23090411848238415
6.78,11.9930915091889,-0.13415180112875424,1.1859788221594911,13.100140614226387,-0.4197235692777883,1.2982818148689261,4.626386502166865,0.23150339685172397
6.8,12.181867949409613,0.04753208385767643,1.2119444584568697,13.144299672758274,-0.42013488729368414,1.294384292198686,4.637564844378228,0.2321019500169065
6.82,12.366560939399571,0.2346086728738218,1.2378321443008433,13.18840072092663,-0.42054122830291635,1.2905119663675835,4.648722148537032,0.23269977610291287
6.84,12.547031003171487,0.4269735007912492,1.263642383628195,13.23244298740228,-0.4209426452743332,1.2866640233427433,4.659858364028796,0.23329687323700188
6.86,12.723141734341596,0.6245187745698293,1.2893756640950498,13.276425707045266,-0.4213391769425806,1.2828396858324593,4.670973440334701,0.23389323954871571
6.88,12.894759865404323,0.8271334707886853,1.3150324578116992,13.320348120911186,-0.42173084886651313,1.2790382218126657,4.682067327031829,0.23448887316988584
6.9,13.061755333969566,1.0347034340936028,1.3406132222479528,13.36420947625706,-0.42211767462444544,1.2752589522203244,4.693139973793387,0.2350837722346394
6.92,13.22400134597556,1.2471114764836644,1.3661184012923595,13.40800902654674,-0.4224996571277301,1.2715012577234563,4.704191330388931,0.235677934879404
6.94,13.381374435890224,1.4642374773615112,1.3915484264468283,13.45174603145585,-0.4228767900328301,1.2677645844915464,4.715221346684605,0.23627135924291454
6.96,13.533754523913858,1.6859584842729751,1.416903718136659,13.495419756876274,-0.42324905923102046,1.2640484489049415,4.726229972643358,0.2368640434662185
6.98,13.681024970196063,1.9121488142629042,1.4421846871147581,13.539029474920179,-0.4236164443941185,1.260352441157352,4.737217158325178,0.23745598569268206
7.0,13.823072626079902,2.142680155774823,1.4673917359379054,13.582574463923589,-0.42397892055421,1.2566762277215044,4.748182853887313,0.23804718406799547
7.0200000000000005,13.95978788238654,2.377421671022676,1.4925252604923358,13.6260540084495,-0.424336459695213,1.2530195526641215,4.759127009584501,0.2386376367401795
7.04,14.091064714754005,2.6162400987633125,1.5175856515456179,13.669467399290557,-0.42468903233429717,1.2493822378125021,4.770049575769191,0.23922734185959058
7.0600000000000005,14.216800726044353,2.8589998573986346,1.5425732963018675,13.712813933471267,-0.425036609071652,1.245764181790848,4.7809505028917805,0.23981629757892722
7.08,14.336897185834234,3.105563148336459,1.5674885799376845,13.756092914249786,-0.4253791620878597,1.2421653579598853,4.791829741500821,0.24040450205323521
7.1000000000000005,14.451259067004923,3.355790059539219,1.5923318870968828,13.79930365111925,-0.42571666656916374,1.238585811308087,4.80268724224326,0.24099195343991398
7.12,14.559795079449039,3.6095386691896314,1.617103603323045,13.84244545980867,-0.42604910204221885,1.235025654356702,4.813522955864652,0.24157864989872177
7.140000000000001,14.662417700912647,3.8666651494024866,1.6418041164101789,13.885517662283405,-0.4263764536014359,1.2314850621536717,4.824336833209394,0.24216458959178183
7.16,14.759043204993036,4.12702386991176,1.6664338176532523,13.928519586745177,-0.4266987130137788,1.2279642664431953,4.835128825220935,0.2427497706835881
7.18,14.849591686314312,4.390467501662358,1.690993102982116,13.97145056763167,-0.4270158796877998,1.224463549108043,4.845898882942013,0.2433341913410108
7.2,14.933987082904942,4.656847120236049,1.715482373964277,14.014309945615706,-0.42732796149578695,1.220983234990592,4.856646957514863,0.24391784973330238
7.22,15.012157195803557,4.9260123090414565,1.7399020386640887,14.057097067603978,-0.4276349754401157,1.217523684205873,4.867373000181449,0.244500744032103
7.24,15.084033705921602,5.197811262198534,1.7642525123482056,14.099811286735385,-0.4279369481572101,1.2140852840655463,4.8780769622836795,0.24508287241144663
7.26,15.149552188193827,5.472090887048603,1.7885342180295165,14.142451962378919,-0.42823391625489726,1.2106684407356667,4.888758795263633,0.24566423304776627
7.28,15.208652123050063,5.7486969062219435,1.81274758684423,14.185018460131163,-0.42852592648134824,1.2072735707532694,4.899418450663775,0.24624482411990026
7.3,15.261276905244255,6.027473959196011,1.836893058259295,14.227510151813355,-0.42881303572620644,1.203901092527201,4.910055880127173,0.24682464380909724
7.32,15.307373850079205,6.3082657032786775,1.860971080109839,14.269926415468056,-0.4290953108568755,1.2005514179472676,4.920671035397729,0.24740369029902282
7.34,15.346894197067982,6.590914913952416,1.8849821084687841,14.312266635355401,-0.4293728283952425,1.1972249442226748,4.931263868320385,0.24798196177576418
7.36,15.379793111075353,6.875263584517115,1.9089266073532372,14.35453020194895,-0.4296456740423158,1.1939220460659692,4.941834330841351,0.24855945642783672
7.38,15.406029680984906,7.161153024971163,1.932805048274556,14.396716511931132,-0.4299139420603328,1.19064306833233,4.952382375008316,0.24913617244618902
7.4,15.425566915939736,7.448423960072603,1.9566179096412029,14.4388249681883,-0.43017773452380853,1.1873883192161903,4.962907952970671,0.24971210802420898
7.42,15.43837173920657,7.736916626524518,1.9803656760255262,14.480854979805382,-0.4304371604527314,1.1841580640979394,4.973411016979719,0.25028726135772916
7.44,15.444414979715075,8.0264708692313,2.0040488373074847,14.522805962060145,-0.4306923348426399,1.180952520122966,4.983891519388905,0.25086163064503275
7.46,15.443671361325713,8.31692623657513,2.027667887709944,14.564677336417068,-0.43094337760761703,1.1777718515837436,4.994349412654015,0.25143521408685876
7.48,15.436119489880905,8.608122074664749,2.0512233247416187,14.606468530520823,-0.4311904124532981,1.1746161661631735,5.004784649333404,0.2520080098864082
7.5,15.421741838095464,8.899897620511489,2.074715648064882,14.648178978189387,-0.43143356569779084,1.171485512084185,5.0151971820882055,0.2525800162493493
7.5200000000000005,15.400524728343111,9.192092094090398,2.0981453583065655,14.68980811940676,-0.4316729650589443,1.1683798761968334,5.025586963682551,0.2531512313838233
7.54,15.372458313396598,9.484544789247325,2.121512955830502,14.731355400315314,-0.4319087384266686,1.165299183020041,5.0359539469837795,0.2537216535004499
7.5600000000000005,15.337536555179287,9.777095163415698,2.1448189394909027,14.77282027320777,-0.4321410126390001,1.1622432947408794,5.046298084962652,0.25429128081233326
7.58,15.295757201586207,10.069582926109705,2.168063805385721,14.814202196518796,-0.43236991228032673,1.1592120121601355,5.056619330693568,0.2548601115350671
7.6000000000000005,15.247121761432435,10.361848126163428,2.1912480456289236,14.855500634816245,-0.4325955585196428,1.1562050765590002,5.066917637354775,0.2554281438867407
7.62,15.191635477586313,10.653731237688236,2.2143721471601037,14.896715058792033,-0.4328180680059021,1.1532221724483063,5.077192958228585,0.25599537608794415
7.640000000000001,15.129307298344367,10.945073244723405,2.23743659060907,14.937844945252646,-0.43303755183649273,1.1502629311489958,5.087445246701581,0.25656180636177417
7.66,15.060149847104014,11.235715724557481,2.26044184923205,14.9788897771093,-0.4332541146135886,1.1473269351406041,5.09767445626483,0.2571274329338395
7.68,14.984179390389134,11.525500929700199,2.2833883879348624,15.019849043367735,-0.43346785360165535,1.1444137231036802,5.107880540514097,0.2576922540322667
7.7,14.90141580428237,11.814271868486987,2.306276662396936,15.060722239117675,-0.4336788579977315,1.1415227955723828,5.118063453150058,0.2582562678877055
7.72,14.811882539316802,12.101872384300092,2.329107118308384,15.101508865521925,-0.43388720832428873,1.1386536211051264,5.128223147978496,0.2588194727333341
7.74,14.715606583878115,12.388147233392104,2.351880190730487,15.142208429805134,-0.43409297595253155,1.1358056428742254,5.1383595789105305,0.25938186680486547
7.76,14.612618426166998,12.67294216129926,2.374596303587971,15.182820445242209,-0.43429622276195134,1.1329782855700996,5.148472699962809,0.25994344834055205
7.78,14.502952014769857,12.956103977833308,2.3972558692993733,15.223344431146405,-0.4344970009398381,1.130170962511817,5.158562465257727,0.2605042155811918
7.8,14.386644717884428,13.237480630641828,2.4198592885496097,15.263779912857062,-0.43469535292230194,1.1273830828536264,5.168628829023628,0.26106416677013344
7.82,14.263737281245282,13.5169212773279,2.4424069502066823,15.304126421727034,-0.43489131147620386,1.1246140587766833,5.178671745595022,0.261623300153282
7.84,14.134273784792684,13.794276356120774,2.4648992313822156,15.344383495109767,-0.43508489991926885,1.1218633125564057,5.188691169412778,0.26218161397910444
7.86,13.998301598126817,14.069397655089809,2.4873364976333434,15.384550676346072,-0.43527613247358654,1.119130283398767,5.198687055024346,0.2627391064986351
7.88,13.855871334787969,14.342138379894331,2.509719103301318,15.42462751475057,-0.43546501474572874,1.116414433943312,5.208659357083947,0.26329577596548087
7.9,13.707036805402037,14.612353220062388,2.532047391980184,15.46461356559782,-0.43565154432485564,1.1137152563366635,5.218608030352798,0.2638516206358274
7.92,13.551854969729511,14.879898413791528,2.554321697106917,15.50450839010813,-0.4358357114884688,1.1110322777877073,5.228533029699299,0.2644066387684436
7.94,13.390385887655107,15.144631811264777,2.5765423426626715,15.544311555433069,-0.4360175000039303,1.108365065524326,5.2384343100992465,0.26496082862468784
7.96,13.222692669154315,15.406412936474991,2.598709643973158,15.58402263464066,-0.4361968880125179,1.105713231081434,5.248311826636039,0.26551418846851305
7.98,13.04884142327246,15.665103047550666,2.6208239085947866,15.623641206700272,-0.43637384898164955,1.103076433860903,5.258165534500877,0.2660667165664723
8.0,12.868901206151257,15.92056519557621,2.642885437272005,15.663166856467226,-0.4365483527100033,1.100454383915668,5.267995388992969,0.2666184111877241
8.02,12.682943968137486,16.17266428189958,2.664894524950318,15.70259917466708,-0.43672036636958805,1.0978468439226161,5.27780134551973,0.267169270604038
8.040000000000001,12.49104450000816,16.421267113920088,2.6868514618287707,15.74193775787964,-0.43688985556840076,1.0952536303216571,5.287583359596992,0.26771929308979986
8.06,12.293280378346438,16.66624245934916,2.708756534435204,15.781182208522676,-0.4370567854171383,1.0926746136113927,5.297341386849194,0.2682684769220172
8.08,12.089731910102632,16.90746109893685,2.7306100267074314,15.820332134835352,-0.43722112158351695,1.0901097178049037,5.307075383009593,0.26881682038032484
8.1,11.880482076374747,17.144795877657018,2.75241222106353,15.859387150861371,-0.43738283131809075,1.0875589190621076,5.316785303920464,0.26936432174699004
8.120000000000001,11.665616475443361,17.378121754344313,2.774163399444772,15.898346876431845,-0.43754188443604064,1.0850222435277497,5.3264711055332965,0.269910979306918
8.14,11.44522326509593,17.607315849776345,2.7958638443153276,15.937210937147881,-0.437698254240221,1.0824997644161507,5.336132743908993,0.2704567913476573
8.16,11.219393104276104,17.832257493194984,2.8175138396036505,15.975978964362909,-0.43785191837178505,1.0799915983951989,5.345770175218075,0.2710017561594051
8.18,10.988219094094116,18.05282826726117,2.839113671571555,16.014650595164728,-0.43800285957594876,1.077497901332546,5.355383355740875,0.2715458720350126
8.2,10.75179671823479,18.26891205143842,2.8606636295982053,16.05322547235729,-0.4381510663718728,1.075018863476404,5.364972241867739,0.2720891372699903
8.22,10.510223782800294,18.480395063800977,2.8821640068677334,16.091703244442225,-0.43829653361722276,1.072554704151598,5.374536790099227,0.2726315501625136
8.24,10.263600355625233,18.68716590126354,2.9036151009507654,16.130083565600113,-0.43843926295968344,1.0701056660585104,5.384076957046299,0.2731731090134276
8.26,10.012028705102171,18.88911557823062,2.9250172142719357,16.16836609567148,-0.4385792631695257,1.0676720092680971,5.393592699430524,0.2737138121262532
8.28,9.755613238556075,19.086137563664682,2.946370654457297,16.206550500137574,-0.4387165503492284,1.0652540050102706,5.403083974084272,0.2742536578071915
8.3,9.494460440206538,19.27812781657366,2.9676757345575027,16.24463645010086,-0.4388511480181084,1.0628519293554952,5.412550737950909,0.27479264436513
8.32,9.228678808756879,19.464984819919717,2.9889327731446125,16.282623622265294,-0.438983087071886,1.0604660568904392,5.42199294808499,0.27533077011164714
8.34,8.958378794649347,19.646609612952602,3.010142094282421,16.320511698916352,-0.4391124056190722,1.058096654487947,5.43141056165246,0.2758680333610182
8.36,8.683672737025729,19.82290582197256,3.0313040273721796,16.35830036790081,-0.43923914869798414,1.0557439752694577,5.440803535930843,0.27640443243022
8.38,8.404674800432499,19.993779689529156,3.052418906877569,16.395989322606297,-0.43936336788004415,1.0534082528543303,5.450171828309442,0.2769399656389369
8.4,8.121500911309486,20.159140102064047,3.0734870719346556,16.43357826194063,-0.43948512076676793,1.0510896959854212,5.459515396289518,0.2774746313095652
8.42,7.834268694300583,20.31889861600727,3.0945088658543636,16.471066890310897,-0.4396044703894687,1.04878848361375,5.468834197484505,0.27800842776721907
8.44,7.543097408424588,20.4729694823381,3.115484635526639,16.50845491760233,-0.4397214845221794,1.0465047605173197,5.478128189620183,0.2785413533397356
8.46,7.248107883143556,20.62126966962306,3.136414730736986,16.54574205915696,-0.43983623491959256,1.0442386335202414,5.487397330534878,0.2790734063576799
8.48,6.949422454365297,20.76371888554504,-3.1258858037721957,16.58292803575206,-0.4399487964929249,1.0419901683683717,5.496641578179654,0.27960458515435044
8.5,6.647164900415746,20.900239596938846,-3.1050460004048284,16.620012573578354,-0.4400592464375101,1.0397593873069069,5.505860890618497,0.28013488806578435
8.52,6.341460378015891,21.030757048349678,-3.08425081265869,16.656995404218023,-0.4401676633265968,1.0375462673939133,5.515055226028517,0.2806643134307623
8.540000000000001,6.032435358296864,21.155199279132134,-3.0634998873108117,16.693876264622528,-0.4402741261862706,1.0353507395718222,5.524224542700128,0.2811928595908144
8.56,5.720217562885548,21.273497139108375,-3.0427928725193754,16.7306548970902,-0.4403787135666195,1.0331726885066643,5.533368799037236,0.2817205248902245
8.58,5.40493590009182,21.385584302804816,-3.022129418749242,16.767331049243648,-0.4404815026242239,1.0310119531924389,5.54248795355744,0.28224730767603595
8.6,5.086720401227185,21.491397282287448,-3.001509179685393,16.80390447400695,-0.44058256823077085,1.0288683283057385,5.551581964892204,0.2827732062980568
8.620000000000001,4.765702157083208,21.590875438616433,-2.9809318131192786,16.840374929582683,-0.44068198212207854,1.0267415662837396,5.560650791787058,0.28329821910886477
8.64,4.442013254596758,21.68396099194091,-2.960396981793604,16.876742179428742,-0.440779812101076,1.0246313800871387,5.569694393101778,0.28382234446381227
8.66,4.1157867137277115,21.77059903025525,-2.939904354191861,16.913005992234964,-0.44087612130732756,1.022537446598749,5.578712727810572,0.2843455807210319
8.68,3.7871564245733733,21.850737516838006,-2.919453605259886,16.949166141899603,-0.4409709675645411,1.0204594105984137,5.587705755002275,0.28486792624144147
8.700000000000001,3.4562570847425924,21.92432729639474,-2.899044417047918,16.98522240750559,-0.44106440281616655,1.0183968892458628,5.59667343388052,0.285389379388749
8.72,3.123224137011237,21.99132209992573,-2.878676479263001,17.02117457329663,-0.441156472657705,1.0163494769952035,5.605615723763937,0.28590993852945795
8.74,2.7881937072795315,22.051678548339144,-2.8583494897230968,17.057022428653138,-0.44124721597272915,1.0143167508581004,5.61453258408633,0.28642960203287243
8.76,2.4513025428506205,22.105356154829952,-2.8380631547059347,17.09276576806799,-0.4413366646778885,1.0122982759274135,5.6234239743968635,0.2869483682711021
8.78,2.1126879510487186,22.15231732604418,-2.8178171891873864,17.12840439112212,-0.4414248435803725,1.010293611069225,5.632289854360242,0.28746623561906737
8.8,1.7724877381942834,22.192527362047606,-2.7976113169660017,17.163938102459934,-0.44151177034944966,1.0083023146888783,5.641130183756903,0.28798320245450476
8.82,1.430840148952845,22.22595445511728,-2.7774452706722244,17.19936671176459,-0.4415974556018353,1.0063239504758732,5.649944922483185,0.28849926715797125
8.84,1.0878838060734357,22.252569687373583,-2.757318791662707,17.23469003373311,-0.44168190309877947,1.0043580930332465,5.6587340305515195,0.2890144281128503
8.86,0.7437576505319936,22.27234702726982,-2.737231629802042,17.269907888051335,-0.44176511005095415,1.0024043332993986,5.667497468090615,0.2895286837053561
8.88,0.3986008820946539,22.28526332495557,-2.7171835431360543,17.30502009936874,-0.44184706752547454,1.0004622836741373,5.676235195345628,0.2900420323245392
8.9,0.05255290031549925,22.29129830652945,-2.6971742974625714,17.34002649727309,-0.44192776094774616,0.99853158276598,5.684947172678347,0.29055447236229115
8.92,-0.29424675401689665,22.29043456719618,-2.677203665807252,17.37492691626497,-0.44200717068931283,0.9966118996843469,5.693633360567379,0.2910660022133498
8.94,-0.6416584569699371,22.28265756334229,-2.657271427813565,17.40972119573217,-0.4420852727315131,0.9947029378081074,5.702293719608319,0.2915766202753042
8.96,-0.9895425590803355,22.267955603544294,-2.637377369057403,17.444409179923912,-0.4421620393935608,0.9928044379708783,5.710928210513934,0.2920863249485997
8.98,-1.337759442476142,22.246319838522687,-2.6175212802979857,17.478990717924976,-0.44223744011266153,0.9909161810133505,5.71953679411434,0.29259511463654286
9.0,-1.686169577493199,22.21774425005482,-2.5977029566777188,17.513465663629677,-0.44231144226298225,0.9890379896635859,5.728119431357183,0.2931029877453066
9.02,-2.034633578771624,22.18222563885943,-2.577922196884447,17.547833875715725,-0.44238401199971644,0.9871697297175073,5.7366760833078105,0.2936099426839349
9.040000000000001,-2.3830122608177433,22.139763611465458,-2.558178802290097,17.58209521761794,-0.44245511511414015,0.9853113105034961,5.74520671114945,0.2941159778643484
9.06,-2.731166693016714,22.090360566077877,-2.538472576080027,17.616249557501888,-0.44252471788543996,0.9834626846269409,5.753711276183388,0.2946210917013484
9.08,-3.078958254080873,22.03402167745318,-2.518803322387488,17.650296768237347,-0.44259278791521717,0.9816238470025352,5.762189739829142,0.2951252826126228
9.1,-3.4262486859186776,21.970754880797546,-2.4991708454474373,17.684236727371704,-0.4426592949309237,0.979794833193916,5.770642063624639,0.2956285490187505
9.120000000000001,-3.7729001469089614,21.900570854700973,-2.4795749487835588,17.718069317103215,-0.4427242115450656,0.9779757170916646,5.779068209226386,0.2961308893432066
9.14,-4.118775264565107,21.823483003121027,-2.4600154344417255,17.751794424254168,-0.4427875139578036,0.9761666079715802,5.787468138409647,0.296632302012367
9.16,-4.463737187573706,21.739507436430486,-2.440492102282294,17.785411940243932,-0.442849182591577,0.974367646985301,5.795841813068613,0.29713278545551375
9.18,-4.807649637192288,21.648662951543674,-2.421004749342588,17.81892176106192,-0.44290920264755784,0.9725790031446105,5.80418919521658,0.29763233810483986
9.200000000000001,-5.150376957990799,21.55097101113697,-2.401553169279696,17.852323787240426,-0.4429675645750889,0.9708008688690088,5.812510246986119,0.2981309583954539
9.22,-5.4917841679216925,21.44645572197973,-2.382137151902316,17.885617923827404,-0.443024264446748,0.9690334551731745,5.820804930629245,0.2986286447653851
9.24,-5.831737007703774,21.335143812392587,-2.362756482798852,17.918804080359116,-0.443079304233287,0.96727698657671,5.829073208517589,0.2991253956555886
9.26,-6.1701019895053015,21.217064608850887,-2.343410943067318,17.95188217083272,-0.4431326919743918,0.9655316958229488,5.837315043142576,0.29962120950994975
9.28,-6.50674644491232,21.09225001175185,-2.324100309150859,17.98485211367876,-0.44318444184296807,0.9637978184965201,5.845530397115584,0.30011608477528934
9.3,-6.841538572168753,20.960734470364805,-2.304824352780929,18.017713831733545,-0.4432345741024522,0.9620755876307983,5.853719233168122,0.3006100199013684
9.32,-7.174347482675435,20.822554956984554,-2.285582841028313,18.050467252211515,-0.44328311495844214,0.9603652283962641,5.861881514151993,0.30110301334089284
9.34,-7.5050432467359975,20.677750940308762,-2.2663755364603877,18.08311230667746,-0.4433300963077129,0.9586669529591796,5.87001720303947,0.3015950635495187
9.36,-7.833496938538336,20.526364358060807,-2.247202197401204,18.115648931018697,-0.44337555538939666,0.956980955596862,5.878126262923455,0.30208616898585666
9.38,-8.159580680361266,20.368439588880175,-2.2280625782892667,18.148077065417176,-0.44341953434473547,0.9553074081512936,5.886208657017656,0.3025763281114771
9.4,-8.483167685996914,20.204023423502985,-2.208956430126241,18.180396654321505,-0.44346207969333545,0.953646455896866,5.894264348656742,0.3030655393909146
9.42,-8.804132303380367,20.033165035255603,-2.1898835010083038,18.212607646418917,-0.44350324173523015,0.9519982138908769,5.902293301296523,0.30355380129167303
9.44,-9.122350056419128,19.855915949884697,-2.1708435367304864,18.24470999460717,-0.4435430738892848,0.950362763867052,5.910295478514104,0.30404111228423036
9.46,-9.437697686015936,19.672330014747164,-2.1518362814531455,18.27670365596639,-0.443581631979514,0.9487401517230191,5.918270844008061,0.30452747084204346
9.48,-9.750053190279568,19.48246336738358,-2.1328614784186852,18.308588591730857,-0.4436189734817293,0.9471303856424643,5.926219361598593,0.30501287544155226
9.5,-10.059295863919218,19.286374403498684,-2.113918870705836,18.340364767260724,-0.44365515674356654,0.9455334348818183,5.934140995227696,0.30549732456218565
9.52,-10.365306336819085,19.08412374437237,-2.0950082020081995,18.372032152013702,-0.4436902401913522,0.9439492292399444,5.942035708959326,0.30598081668636534
9.540000000000001,-10.667966611790703,18.875774203724323,-2.0761292174234005,18.403590719516686,-0.4437242815374509,0.9423776592176213,5.949903466979556,0.30646335029951105
9.56,-10.967160101501474,18.661390754055162,-2.057281664239048,18.435040447337325,-0.4437573370016836,0.9408185768618208,5.957744233596742,0.30694492389004485
9.58,-11.262771664578658,18.441040492486422,-2.0384652927018116,18.46638131705558,-0.4437894605601273,0.9392717972780885,5.9655579732416895,0.30742553594939653
9.6,-11.554687640888858,18.21479260612124,-2.01967985675625,18.497613314235192,-0.4438207032340967,0.9377371007829304,5.973344650467805,0.30790518497200775
9.620000000000001,-11.842795885993638,17.982718336946956,-2.0009251147405913,18.528736428395163,-0.44385111243138614,0.9362142356571924,5.981104229951265,0.30838386945533686
9.64,-12.126985804782532,17.74489094630015,-1.9822008300274474,18.559750652981165,-0.443880731350917,0.9347029214511743,5.988836676491173,0.308861587899864
9.66,-12.407148384285119,17.501385678913927,-1.963506771598424,18.590655985336927,-0.44390959846082045,0.9332028527828395,5.99654195500972,0.3093383388090952
9.68,-12.68317622566423,17.25227972656647,-1.9448427145427671,18.6214524266756,-0.4439377470586937,0.9317137035620876,6.004220030552342,0.3098141206895677
9.700000000000001,-12.954963575392576,16.99765219134909,-1.9262084404715254,18.65213998205108,-0.44396520492133296,0.9302351315668471,6.011870868287881,0.310288932050854
9.72,-13.222406355615263,16.737584048571218,-1.9076037378401884,18.68271866032931,-0.4439919940496865,0.9287667832908053,6.019494433508738,0.3107627714055671
9.74,-13.48540219370069,16.47215810931897,-1.8890284021743724,18.71318847415958,-0.4440181305131158,0.9273082989780326,6.027090691631042,0.3112356372693646
9.76,-13.743850450982299,16.201458982683114,-1.8704822361948117,18.74354943994576,-0.4440436243953284,0.925859317756685,6.034659608194792,0.31170752816095393
9.78,-13.997652250693504,15.925573037671656,-1.851965049839678,18.773801577817565,-0.4440684798425858,0.9244194827823854,6.042201148864022,0.31217844260209643
9.8,-14.24671050509793,15.644588364821375,-1.8334766601840302,18.80394491160178,-0.4440926952130192,0.9229884463018813,6.04971527942696,0.31264837911761273
9.82,-14.490929941816818,15.358594737522216,-1.8150168912579925,18.833979468793466,-0.4441162633241406,0.9215658745490921,6.057201965796169,0.3131173362353862
9.84,-14.730217129355125,15.067683573067745,-1.7965855737670107,18.863905280527174,-0.44413917179394263,0.9201514523887228,6.06466117400872,0.31358531248636884
9.86,-14.964480501827486,14.771947893444473,-1.7781825447192363,18.893722381548145,-0.44416140346936883,0.9187448876271324,6.072092870226335,0.314052306404585
9.88,-15.193630382884818,14.471482285872433,-1.7598076469666937,18.923430810183497,-0.44418293693443517,0.9173459149160663,6.079497020735539,0.31451831652713647
9.9,-15.417579008841926,14.166382863109082,-1.7414607286683723,18.95303060831342,-0.4442037470889181,0.9159542991820598,6.086873591947819,0.3149833413942066
9.92,-15.636240551006122,13.856747223528417,-1.723141642684731,18.982521821342353,-0.44422380578731696,0.9145698385226882,6.094222550399774,0.3154473795490653
9.94,-15.84953113720641,13.542674410987047,-1.7048502459142774,19.011904498170193,-0.4442430825267751,0.9131923665202221,6.101543862753267,0.3159104295380735
9.96,-16.057368872522545,13.224264874488918,-1.686586398583873,19.041178691163477,-0.4442615451718131,0.9118217539334832,6.108837495795577,0.31637248991068767
9.98,-16.259673859212864,12.901620427660484,-1.6683499635052033,19.07034445612659,-0.44427916070311446,0.9104579097396162,6.116103416439544,0.31683355921946404
10.0,-16.456368215839642,12.574844208048193,-1.650140805310411,19.099401852272972,-0.4442958959772091,0.9091007815088877,6.123341591723729,0.3172936360200638
10.02,-16.64737609559049,12.244040636250391,-1.6319587896802332,19.12835094219634,-0.44431171848373807,0.9077503551073194,6.130551988812555,0.31775271887125695
10.040000000000001,-16.832623703794248,11.909315374896,-1.6138037825780869,19.157191791841925,-0.44432659708705086,0.9064066537337296,6.137734574996462,0.3182108063349273
10.06,-17.012039314629767,11.57077528748262,-1.5956756495034123,19.185924470477715,-0.44434050273918624,0.905069736309418,6.144889317692051,0.31866789697607684
10.08,-17.185553287026156,11.22852839708709,-1.577574254777224,19.214549050665738,-0.44435340915181465,0.9037396952500494,6.152016184442231,0.31912398936282993
10.1,-17.353098079753106,10.882683844961873,-1.559499460872223,19.243065608233334,-0.44436529341546044,0.9024166536601111,6.159115142916373,0.3195790820664385
10.120000000000001,-17.514608265700275,10.533351849031089,-1.5414511277990208,19.271474222244468,-0.44437613655526864,0.9011007620004028,6.16618616091045,0.32003317366128553
10.14,-17.67002054534501,10.180643662300312,-1.5234291125590127,19.299774974971076,-0.4443859240137141,0.8997921942882442,6.173229206347186,0.3204862627248905
10.16,-17.819273759408215,9.824671531194728,-1.505433268673248,19.327967951864412,-0.4443946460519497,0.8984911438982429,6.180244247276201,0.32093834783791314
10.18,-17.962308900698567,9.46554865384054,-1.4874634457952831,19.356053241526446,-0.44440229806293613,0.8971978190384362,6.187231251874155,0.3213894275841582
10.200000000000001,-18.099069125146062,9.10338913830483,-1.4695194894145145,19.384030935681277,-0.4444088807910574,0.8959124379822923,6.194190188444895,0.32183950055058
10.22,-18.229499762026414,8.738307960809397,-1.4516012406548686,19.411901129146592,-0.44441440045458575,0.8946352241412967,6.201121025419595,0.3222885653272865
10.24,-18.35354832337862,8.370420923934216,-1.4337085361720427,19.43966391980514,-0.4444188687690745,0.8933664010656089,6.208023731356902,0.32273662050754387
10.26,-18.471164512618817,7.999844614826421,-1.4158412081507306,19.46731940857628,-0.4444223028715127,0.8921061874614983,6.214898274943078,0.323183664687781
10.28,-18.58230023235427,7.626696363430693,-1.3979990844015007,19.494867699387513,-0.4444247251468276,0.8908547923139222,6.221744624992142,0.3236296964675939
10.3,-18.686909591402316,7.251094200756956,-1.3801819885552222,19.522308899146108,-0.4444261629600476,0.8896124102007135,6.228562750446015,0.32407471444974995
10.32,-18.784948911019715,6.87315681720124,-1.362389740351208,19.549643117710737,-0.4444266482991042,0.8883792168814064,6.2353526203746465,0.32451871724019216
10.34,-18.876376730348913,6.493003520935332,-1.3446221560135798,19.576870467863163,-0.44442621733483145,0.8871553652388374,6.242114203976178,0.32496170344804404
10.36,-18.961153811088323,6.110754196380658,-1.3268790487088031,19.60399106527999,-0.4444249099061813,0.8859409816453726,6.248847470577065,0.32540367168561346
10.38,-19.039243141394632,5.7265292627814555,-1.3091602290758957,19.631005028504422,-0.44442276893999494,0.884736162818035,6.25555238963222,0.32584462056839714
10.4,-19.110609939025736,5.340449632891937,-1.291465505819535,19.657912478918124,-0.44441983981582417,0.8835409732181113,6.262228930725153,0.326284548715085
10.42,-19.175221653733654,4.952636671791661,-1.2737946863551728,19.684713540713094,-0.44441616968726383,0.8823554430410877,6.268877063568112,0.3267234547475647
10.44,-19.233047968917273,4.5632121558427965,-1.2561475774943511,19.711408340863606,-0.4444118067720222,0.8811795668322439,6.275496758002217,0.32716133729092545
10.46,-19.284060802545238,4.172298231802402,-1.2385239861577062,19.737997009098205,-0.444406799623502,0.8800133027520504,6.282087983997593,0.32759819497346293
10.48,-19.328234307359814,3.7800173761022027,-1.2209237201026653,19.764479677871766,-0.4444011963969848,0.8788565725038905,6.288650711653513,0.32803402642668306
10.5,-19.36554487037269,3.3864923543077277,-1.2033465886525874,19.790856482337595,-0.4443950441235962,0.8777092619247763,6.295184911198534,0.3284688302853067
10.52,-19.395971111663993,2.9918461807679746,-1.1857924034140919,19.817127560319612,-0.4443883880050817,0.8765712222278389,6.3016905529906255,0.3289026051872735
10.540000000000001,-19.41949388249583,2.596202078466114,-1.168260978969535,19.84329305228458,-0.4443812707420384,0.8754422718736682,6.308167607517309,0.3293353497737467
10.56,-19.4360962627517,2.1996834390810758,-1.1507521335320616,19.86935310131441,-0.4443737319076411,0.874322199036288,6.31461604539579,0.3297670626891168
10.58,-19.44576355771299,1.8024137832692064,-1.1332656895513358,19.89530785307852,-0.44436580737807396,0.8732107646188345,6.321035837373091,0.3301977425810063
10.6,-19.448483294183518,1.4045167211745726,-1.115801474258959,19.92115745580628,-0.4443575288298548,0.8721077057641076,6.327426954326188,0.3306273881002736
10.620000000000001,-19.44424521597293,1.0061159131759052,-1.0983593201436772,19.946902060259497,-0.44434892331302855,0.8710127397962263,6.333789367262137,0.33105599790101753
10.64,-19.43304127874928,0.6073350308776451,-1.0809390653477529,19.972541819704997,-0.4443400129078341,0.8699255685218265,6.340123047318208,0.3314835706405812
10.66,-19.4148656442707,0.20829771835208483,-1.0635405539773162,19.998076889887273,-0.4443308144709416,0.8688458828127199,6.346427965762018,0.33191010497955653
10.68,-19.38971467400568,-0.1908724463608112,-1.0461636363210616,20.023507429001196,-0.4443213394757371,0.8677733673868369,6.352704093991659,0.3323355995817883
10.700000000000001,-19.35758692215079,-0.5900519894896601,-1.0288081689733248,20.048833597664814,-0.44431159394943065,0.8667077057006422,6.358951403535826,0.3327600531143784
10.72,-19.318483128054275,-0.9891175794980038,-1.0114740148593118,20.074055558892226,-0.4443015785080131,0.8656485848641875,6.365169866053951,0.33318346424768974
10.74,-19.272406208053255,-1.387946064774947,-0.9941610431620278,20.09917347806652,-0.4442912884883161,0.864595700489517,6.3713594533363285,0.33360583165535085
10.76,-19.21936124673178,-1.7864145110444052,-0.9768691291522376,20.12418752291281,-0.44428071417467185,0.8635487613843231,6.377520137304241,0.33402715401425986
10.78,-19.159355487606348,-2.1844002384873185,-0.9595981539245511,20.149097863471347,-0.44426984111595574,0.8625074940055363,6.3836518900100945,0.3344474300045883
10.8,-19.092398323245042,-2.581780858571155,-0.9423480040444403,20.17390467207071,-0.44425865052715835,0.8614716465918653,6.389754683637536,0.334866658309786
10.82,-19.018501284825852,-2.978434310580927,-0.9251185711126029,20.198608123301078,-0.4442471197680994,0.8604409929001136,6.395828490501584,0.3352848376165844
10.84,-18.93767803113941,-3.3742388978457987,-0.9079097512546008,20.2232083939876,-0.44423522289049905,0.8594153354772819,6.401873283048754,0.335701966615001
10.86,-18.849944337040895,-3.7690733236551446,-0.8907214445450551,20.24770566316384,-0.4442229312433809,0.8583945084089059,6.407889033857186,0.33611804399834366
10.88,-18.75531808135564,-4.162816726857688,-0.8735535543768771,20.272100112045305,-0.44421021412572276,0.857378379493581,6.413875715636764,0.3365330684632147
10.9,-18.653819234242643,-4.555348717137065,-0.8564059867870055,20.296391924003093,-0.4441970394744137,0.8563668518040979,6.419833301229241,0.3369470387095141
10.92,-18.545469844020186,-4.946549409956866,-0.8392786497509235,20.32058128453759,-0.44418337457493545,0.8553598646067637,6.425761763608365,0.337359953440445
10.94,-18.43029402345756,-5.336299461167915,-0.8221714524587882,20.344668381252287,-0.4441691867817735,0.8543573936222093,6.431661075879999,0.3377718113625167
10.96,-18.308317935537055,-5.724480101270235,-0.8050843045863441,20.368653403827683,-0.4441544442353877,0.853359450622998,6.437531211282245,0.33818261118554915
10.98,-18.179569778690453,-6.1109731693218805,-0.7880171155738842,20.392536543995277,-0.44413911656263755,0.8523660823754841,6.443372143185561,0.3385923516226767
11.0,-18.044079771514454,-6.49566114648656,-0.7709697939263744,20.416317995511662,-0.4441231755478589,0.8513773689453612,6.44918384509289,0.33900103139035254
11.02,-17.901880136969833,-6.87842718921175,-0.7539422465474672,20.439997954132718,-0.4441065957623275,0.8503934213980162,6.4549662906397725,0.3394086492083524
11.040000000000001,-17.753005086069457,-7.259155162028844,-0.736934378119507,20.463576617587893,-0.4440893551406059,0.8494143789358954,6.460719453594468,0.3398152037997786
11.06,-17.59749080106075,-7.637729669966767,-0.7199460905407893,20.487054185554594,-0.4440714354932421,0.8484404055254572,6.466443307858073,0.34022069389106413
11.08,-17.435375418108706,-8.014036090570409,-0.7029772824302802,20.510430859632667,-0.44405282294645565,0.8474716860756745,6.472137827464649,0.34062511821197683
11.1,-17.2666990094861,-8.387960605515303,-0.6860278487087665,20.533706843318992,-0.44403350830078303,0.8465084222383369,6.477802986581324,0.3410284754956229
11.120000000000001,-17.09150356527818,-8.759390231810018,-0.6690976802639996,20.556882341982163,-0.44401348730214213,0.8455508279074139,6.483438759508424,0.34143076447845117
11.14,-16.909832974609667,-9.128212852577903,-0.6521866637058515,20.579957562837293,-0.44399276082038275,0.8445991245003303,6.489045120679579,0.3418319839002571
11.16,-16.721733006402566,-9.494317247410116,-0.6352946812158451,20.602932714920907,-0.44397133493208996,0.8436535361081081,6.494622044661848,0.34223213250418644
11.18,-16.527251289673938,-9.857593122282108,-0.6184216104936828,20.625808009065942,-0.4439492209061679,0.8427142846038228,6.500169506155829,0.3426312090367397
11.200000000000001,-16.32643729338335,-10.217931139026176,-0.6015673248016062,20.648583657876856,-0.4439264350925222,0.8417815847996817,6.505687479995773,0.3430292122477756
11.22,-16.119342305840302,-10.575222944353124,-0.5847316931056126,20.671259875704855,-0.4439029987159445,0.8408556397422451,6.511175941149703,0.343426140890515
11.24,-15.906019413682504,-10.929361198416592,-0.5679145803107675,20.69383687862321,-0.44387893757905283,0.8399366362328505,6.51663486471952,0.34382199372154504
11.26,-15.686523480436346,-11.28023960291416,-0.5511158475861104,20.716314884402692,-0.44385428167982277,0.8390247406562522,6.5220642259411274,0.3442167695008229
11.28,-15.46091112467132,-11.627752928719953,-0.5343353527729855,20.73869411248713,-0.44382906475082484,0.8381200951948918,6.52746400018453,0.34461046699167985
11.3,-15.22924069776052,-11.971797043044097,-0.5175729508690878,20.76097478396905,-0.4438033237287352,0.8372228144991706,6.532834162953957,0.34500308496082477
11.32,-14.99157226125962,-12.312268936115016,-0.5008284945791042,20.783157121565452,-0.44377709816398325,0.8363329828757483,6.538174689887966,0.3453946221783484
11.34,-14.747967563916918,-12.649066747381267,-0.4841018349215891,20.805241349593697,-0.44375042958151417,0.8354506520463657,6.543485556759556,0.345785077417727
11.36,-14.49849001832715,-12.982089791230209,-0.46739282188066156,20.827227693947492,-0.4437233608045584,0.8345758395191745,6.548766739476277,0.3461744494558261
11.38,-14.243204677241796,-13.31123858222147,-0.45070130509027795,20.84911638207301,-0.443695935253994,0.8337085276032327,6.554018214080342,0.3465627370729047
11.4,-13.982178209548504,-13.63641485983382,-0.4340271345382134,20.870907642945106,-0.443668196236351,0.8328486630849136,6.55923995674873,0.3469499390526186
11.42,-13.715478875932153,-13.957521612724557,-0.4173701612765153,20.89260170704367,-0.44364018623372675,0.8319961575726745,6.564431943793298,0.34733605418202446
11.44,-13.443176504229793,-14.274463102501123,-0.4007302381250617,20.914198806330074,-0.44361194620885575,0.8311508885041871,6.569594151660888,0.34772108125158374
11.46,-13.165342464491427,-14.587144887005065,-0.384107220354978,20.935699174223757,-0.4435835149383062,0.8303127007974707,6.574726556933437,0.3481050190551664
11.48,-12.882049643758188,-14.895473843108892,-0.3675009663390285,20.95710304557892,-0.4435549283862608,0.8294814091156075,6.5798291363280725,0.34848786639005425
11.5,-12.593372420569056,-15.199358189026679,-0.3509113381567164,20.978410656661328,-0.4435262191305921,0.8286568007031105,6.5849018666972325,0.34886962205694544
11.52,-12.299386639206766,-15.498707506139542,-0.3343382021426544,20.999622245125263,-0.4434974158519769,0.8278386387412524,6.58994472502876,0.3492502848599578
11.540000000000001,-12.000169583693047,-15.793432760337248,-0.3177814293678294,21.02073804999056,-0.4434685428956243,0.8270266661598611,6.5949576884460095,0.3496298536066325
11.56,-11.69579995154276,-16.0834463228773,-0.3012408960446322,21.041758311619795,-0.4434396199138427,0.8262206098344321,6.599940734207956,0.35000832710793806
11.58,-11.386357827285986,-16.368661990762867,-0.28471648384794346,21.062683271695573,-0.4434106615961639,0.8254201850900752,6.60489383970929,0.3503857041782739
11.6,-11.071924655766528,-16.648995006640817,-0.2682080801461417,21.083513173197957,-0.44338167749211016,0.8246251004279127,6.609816982480528,0.35076198363547423
11.620000000000001,-10.752583215224771,-16.924362078220963,-0.2517155781375835,21.104248260382004,-0.4433526719299556,0.8238350623852474,6.61471014018811,0.3511371643008115
11.64,-10.428417590172296,-17.194681397217405,-0.23523887688987877,21.12488877875543,-0.4433236440330358,0.8230497804381501,6.619573290634499,0.3515112449990001
11.66,-10.099513144065199,-17.45987265781256,-0.21877788128111586,21.14543497505641,-0.44329458783333037,0.8222689718541769,6.624406411758287,0.3518842245582004
11.68,-9.765956491782578,-17.71985707464416,-0.2023325018440323,21.16588709723148,-0.4432654924802131,0.8214923664037176,6.62920948163429,0.3522561018100221
11.700000000000001,-9.427835471916348,-17.97455740031505,-0.1859026545159579,21.186245394413586,-0.44323634254047434,0.8207197108409916,6.633982478473653,0.352626875589528
11.72,-9.08523911887811,-18.22389794242529,-0.1694882602991381,21.206510116900244,-0.44320711838399807,0.8199507730699125,6.638725380623944,0.35299654473523745
11.74,-8.738257634828686,-18.467804580125573,-0.1530892448377399,21.22668151613184,-0.44317779664785745,0.8191853459158456,6.643438166569251,0.35336510808913035
11.76,-8.386982361435617,-18.706204780190575,-0.13670553791942286,21.246759844670045,-0.44314835077010856,0.8184232504316002,6.648120814930287,0.3537325644966505
11.78,-8.031505751463921,-18.939027612610385,-0.12033707291079088,21.266745356176358,-0.4431187515832378,0.8176643386746797,6.652773304464482,0.3540989128067094
11.8,-7.671921340205346,-19.16620376569782,-0.10398378613729742,21.28663830539078,-0.44308896795608366,0.8169084959027,6.6573956140660755,0.35446415187168967
11.82,-7.3083237167513655,-19.387665560709003,-0.08764561621924338,21.30643894811062,-0.443058967472125,0.8161556421448044,6.66198772276622,0.3548282805474487
11.84,-6.940808495115351,-19.60334696597429,-0.07132250337634716,21.326147541169423,-0.4430287171313298,0.8154057331186358,6.666549609733075,0.35519129769332236
11.86,-6.56947228520948,-19.813183610536324,-0.05501438871397424,21.345764342416025,-0.4429981840622973,0.8146587604747728,6.6710812542718925,0.3555532021721284
11.88,-6.1944126636822325,-20.017112797291865,-0.03872121350447877,21.365289610693747,-0.44296733623121737,0.8139147513632253,6.675582635825126,0.35591399285017017
11.9,-5.81572814462259,-20.215073515633794,-0.022442918477214135,21.384723605819712,-0.44293614313421614,0.8131737673294416,6.680053733972506,0.3562736685972401
11.92,-5.433518150137429,-20.407006453589744,-0.006179443130625462,21.404066588564287,-0.4429045764599552,0.8124359025599862,6.68449452843115,0.35663222828662317
11.94,-5.0478829808089545,-20.592854009453816,0.010069274920574411,21.423318820630666,-0.44287261070989986,0.8117012815104285,6.688904999055642,0.35698967079510047
11.96,-4.658923786039433,-20.772560302907863,0.026303300550782893,21.442480564634575,-0.44284022376445953,0.8109700559597552,6.693285125838129,0.357345995002953
11.98,-4.266742534290902,-20.946071185629183,0.04252270166997807,21.461552084084115,-0.4428073973842142,0.8102424015466015,6.697634888908414,0.35770119979396464
12.0,-3.8714419832279248,-21.113334251381623,0.058727549700909876,21.480533643359728,-0.44277411763666136,0.8095185138525249,6.701954268534038,0.358055284055426
12.02,-3.4731256497719043,-21.27429884558751,0.0749179199779606,21.499425507694298,-0.4427403752403181,0.8087986041063,6.70624324512038,0.358408246678138
12.040000000000001,-3.071897780075808,-21.42891607437827,0.09109389206008656,21.518227943153395,-0.44270616581957456,0.8080828945905434,6.710501799210739,0.35876008655641506
12.06,-2.667863319428539,-21.577138813122154,0.10725554995189723,21.536941216615624,-0.44267149006538237,0.8073716138378196,6.714729911486422,0.35911080258808864
12.08,-2.2611278820984846,-21.718921714427925,0.12340298222865353,21.555565595753134,-0.44263635379864813,0.8066649917075522,6.718927562766835,0.3594603936745109
12.1,-1.8517977211260332,-21.85422121562419,0.13953628206280477,21.574101349012242,-0.4426007679350498,0.8059632544375271,6.723094734009568,0.35980885872055796
12.120000000000001,-1.4399796980750548,-21.982995545714527,0.1556555471515555,21.5925487455942,-0.44256474835187126,0.8052666197644582,6.727231406310485,0.3601561966346332
12.14,-1.0257812527534813,-22.10520473180938,0.1717608795468446,21.610908055436084,-0.44252831565932,0.8045752922069633,6.731337560903803,0.360502406328671
12.16,-0.6093103729131912,-22.220810605036323,0.18785238539098392,21.629179549191825,-0.44249149488062034,0.8038894586014061,6.735413179162181,0.3608474867181399
12.18,-0.19067556393940555,-22.329776805931047,0.2039301745630122,21.64736349821337,-0.4424543150469225,0.8032092839764197,6.739458242596809,0.36119143672204623
12.200000000000001,0.23001418146026337,-22.432068789312062,0.2199943602425405,21.665460174531972,-0.4424168087147072,0.8025349078456515,6.74347273285748,0.36153425526293714
12.22,0.6526494135571101,-22.527653828642798,0.23604505839945356,21.683469850839625,-0.4423790114148596,0.8018664409904359,6.747456631732687,0.3618759412669042
12.24,1.0771202558831856,-22.616501019885398,0.2520823872192621,21.70139280047061,-0.4423409610439105,0.8012039627948853,6.751409921149695,0.36221649366358705
12.26,1.5033164354841686,-22.698581284851077,0.2681064664751598,21.71922929738321,-0.4423026972090666,0.800547519185452,6.755332583174628,0.362555911386176
12.280000000000001,1.93112731313406,-22.773867374052386,0.28411741685886893,21.736979616141518,-0.4422642605395596,0.7998971212155207,6.759224600012551,0.3628941933714162
12.3,2.3604419135028687,-22.842333869063218,0.3001153592831791,21.7546440318974,-0.44222569197750955,0.7992527443233199,6.763085954007549,0.36323133855961043
12.32,2.7911489552688815,-22.903957184392645,0.31610041416964574,21.772222820372605,-0.4421870320619163,0.7986143282785503,6.7669166276428045,0.36356734589462253
12.34,3.2231368811675574,-22.95871556887908,0.33207270073521666,21.78971625784098,-0.44214832021954653,0.7979817778199284,6.7707166035406825,0.36390221432388087
12.36,3.6562938879695506,-23.006589106611273,0.34803233629161534,21.80712462111083,-0.4421095940763784,0.7973549639725405,6.774485864462806,0.3642359427983815
12.38,4.090507956380862,-23.04755971738286,0.36397943557106593,21.824448187507425,-0.442070888802892,0.7967337260207743,6.778224393310134,0.3645685302726916
12.4,4.525666880858592,-23.081611156687092,0.37991411009148157,21.841687234855616,-0.4420322365058691,0.7961178740998988,6.78193217312304,0.36489997570495225
12.42,4.961658299336239,-23.10872901525831,0.39583646757347957,21.858842041462616,-0.4419936656784888,0.7955071923573255,6.785609187081389,0.3652302780568825
12.44,5.398369722852964,-23.128900718166523,0.4117466114206261,21.875912886100874,-0.4419552007194069,0.794901442623463,6.789255418504614,0.365559436293782
12.46,5.835688565081621,-23.142115523471187,0.42764464027309534,21.89290004799113,-0.4419168615301918,0.7943003685220812,6.792870850851791,0.3658874493845346
12.48,6.27350217175078,-23.148364520439884,0.443530647643537,21.909803806785558,-0.4418786631989959,0.7937036999414183,6.796455467721714,0.36621431630161105
12.5,6.711697849956283,-23.14764062733731,0.45940472164236557,21.926624442551073,-0.44184061577668954,0.7931111577800994,6.80000925285297,0.36654003602107305
12.52,7.150162897358141,-23.13993858878937,0.4752669447979674,21.943362235752772,-0.4418027241499066,0.7925224588763898,6.803532190124011,0.3668646075225755
12.540000000000001,7.588784631258832,-23.125254972726793,0.49111739397549536,21.960017467237478,-0.441764988013586,0.7919373210255399,6.807024263553232,0.3671880297893707
12.56,8.027450417559198,-23.103588166912093,0.5069561403960061,21.97659041821745,-0.44172740194367044,0.7913554679880316,6.810485457299037,0.36751030180831074
12.58,8.466047699588211,-23.07493837505315,0.5227832497557667,21.993081370254224,-0.44168995556868584,0.7907766343914804,6.813915755659913,0.3678314225698509
12.6,8.904464026802952,-23.039307612506192,0.5385987824435965,22.00949060524255,-0.4416526338370042,0.79020057043078,6.817315143074507,0.36815139106805306
12.620000000000001,9.342587083355047,-22.99669970157034,0.554402793852212,22.025818405394517,-0.44161541737473275,0.789627046274761,6.8206836041216885,0.3684702063005886
12.64,9.780304716519755,-22.947120266375485,0.5701953347777073,22.042065053223766,-0.4415782829274026,0.7890558560931289,6.8240211235206205,0.36878786726874146
12.66,10.217504964983679,-22.890576727364703,0.5859764518995698,22.058230831529862,-0.44154120387699086,0.7884868216246191,6.827327686130836,0.36910437297741167
12.68,10.654076086986933,-22.827078295372033,0.6017461883320623,22.074316023382785,-0.44150415082433064,0.7879197952160497,6.830603276952299,0.369419722435118
12.700000000000001,11.089906588315277,-22.756635965296127,0.6175045842363831,22.09032091210756,-0.441467092225673,0.7873546622720768,6.833847881125474,0.36973391465400135
12.72,11.524885250137448,-22.67926250936996,0.6332516774818249,22.106245781269013,-0.4414299950710908,0.7867913430668043,6.837061483931398,0.3700469486498278
12.74,11.95890115668265,-22.594972470026615,0.648987504343161,22.122090914656663,-0.4413928255915771,0.786229793880701,6.840244070791743,0.37035882344199156
12.76,12.391843722752734,-22.503782152361016,0.664712100220775,22.13785659626975,-0.44135554998110493,0.7856700074393526,6.8433956272688805,0.3706695380535183
12.780000000000001,12.823602721063352,-22.4057096161875,0.6804255003695623,22.153543110302387,-0.44131813511960005,0.7851120126441236,6.846516139065953,0.370979091511068
12.8,13.254068309407982,-22.300774667693176,0.6961277406224449,22.16915074112885,-0.44128054928273014,0.7845558735986026,6.849605592026932,0.37128748284493784
12.82,13.683131057638388,-22.188998850687103,0.7118188580944169,22.18467977328899,-0.44124276282464475,0.7840016879484483,6.85266397213669,0.37159471108906583
12.84,14.11068197445484,-22.07040543744572,0.727498891853386,22.200130491473786,-0.4412047488202998,0.7834495845657037,6.855691265521054,0.3719007752810332
12.86,14.53661253399912,-21.94501941915514,0.7431678835447002,22.215503180511018,-0.44116648365476246,0.7828997206215296,6.858687458446881,0.3722056744620677
12.88,14.96081470224314,-21.812867495951366,0.7588258779571309,22.230798125351086,-0.4411279475479012,0.782352278103359,6.86165253732211,0.3725094076770467
12.9,15.383180963165836,-21.673978066560032,0.7744729235191983,22.246015611052943,-0.4410891250041052,0.7818074598434879,6.864586488695824,0.37281197397449983
12.92,15.803604344710944,-21.52838121753772,0.790109072716068,22.261155922770165,-0.4410500051781206,0.7812654851358309,6.867489299258319,0.37311337240661235
12.94,16.22197844451815,-21.376108712117503,0.8057343824187848,22.276219345737147,-0.4410105821497126,0.7807265850258388,6.870360955841158,0.37341360202922813
12.96,16.63819745542025,-21.217193978662017,0.8213489141193016,22.29120616525544,-0.4409708551016316,0.7801909973651854,6.873201445417233,0.37371266190185204
12.98,17.05215619069897,-21.051672098727966,0.8369527340666054,22.306116666680197,-0.44093082839724185,0.779658961727685,6.87601075510082,0.3740105510876535
13.0,17.463750109092306,-20.87957979474661,0.8525459133011593,22.32095113540677,-0.4408905115561299,0.7791307142858863,6.878788872147647,0.37430726865346936
13.02,17.87287533954655,-20.700955417325446,0.8681285275868769,22.335709856857413,-0.4408499191280041,0.7786064827488157,6.881535783954938,0.3746028136698063
13.040000000000001,18.279428705706344,-20.515838932176912,0.8837006572418531,22.350393116468133,-0.4408090704671938,0.7780864814604344,6.8842514780614845,0.37489718521084453
13.06,18.683307750136628,-20.324271906680526,0.8992623868710616,22.36500119967565,-0.4407679894120114,0.7775709067554851,6.886935942147692,0.3751903823544399
13.08,19.08441075827065,-20.126297496085407,0.9148138050061716,22.379534391904507,-0.44072670387511753,0.7770599326646275,6.889589164035639,0.37548240418212747
13.1,19.482636782078757,-19.92196042936066,0.9303550036594643,22.393992978554277,-0.4406852453527939,0.7765537070541503,6.892211131689135,0.3757732497791238
13.120000000000001,19.877885663453124,-19.711306994701477,0.9458860778005471,22.408377244986927,-0.44064364836263914,0.7760523482772519,6.894801833213769,0.37606291823433025
13.14,20.27005805730417,-19.494385024699227,0.961407124766092,22.422687476514287,-0.4406019498206338,0.7755559424040291,6.89736125685697,0.3763514086403357
13.16,20.6590554543649,-19.271243881183988,0.9769182436141728,22.436923958385663,-0.4405601883697399,0.7750645410861124,6.899889391008058,0.3766387200934193
13.18,21.04478020369999,-19.04193443974826,0.9924195344358946,22.451086975775542,-0.44051840367318384,0.7745781600995447,6.902386224198291,0.37692485169355333
13.200000000000001,21.427135534916953,-18.806509073960633,1.0079110976378853,22.465176813771468,-0.4404766356862976,0.7740967785962447,6.9048517451009275,0.3772098025444062
13.22,21.806025580077243,-18.565021639278218,1.0233930332098105,22.47919375736201,-0.4404349239212519,0.7736203390805033,6.907285942531271,0.3774935717533451
13.24,22.181355395305633,-18.317527456666543,1.0388654399914206,22.493138091424864,-0.44039330671918664,0.7731487481126869,6.909688805446718,0.3777761584314385
13.26,22.553030982096654,-18.064083295935507,1.054328414953674,22.507010100715075,-0.4403518205441351,0.7726818777279543,6.91206032294682,0.37805756169345983
13.280000000000001,22.920959308317247,-17.804747358799695,1.0697820525082333,22.520810069853393,-0.44031049931274174,0.7722195675436108,6.914400484273319,0.37833778065788914
13.3,23.285048328905134,-17.53957926167103,1.0852264438591055,22.534538283314742,-0.4402693737731009,0.7717616275150158,6.916709278810204,0.3786168144469166
13.32,23.645207006262662,-17.26864001819144,1.1006616764094055,22.548195025416806,-0.4402284709451026,0.7713078412869918,6.918986696083761,0.3788946621864451
13.34,24.001345330346044,-16.99199202151268,1.1160878332351452,22.561780580308763,-0.4401878136334871,0.770857970075721,6.92123272576261,0.3791713230060929
13.36,24.353374338450053,-16.70969902633003,1.1315049926366596,22.575295231960105,-0.44014742002339435,0.7704117570054027,6.923447357657767,0.37944679603919623
13.38,24.70120613468825,-16.421826130676102,1.1469132277767677,22.58873926414961,-0.440107303366587,0.7699689318146921,6.925630581722677,0.37972108042281255
13.4,25.044753909168783,-16.128439757480415,1.162312606413062,22.602112960454413,-0.4400674717647445,0.769529215840354,6.927782388053267,0.37999417529772234
13.42,25.38393195686566,-15.829607635899858,1.1777031907298694,22.615416604239215,-0.44002792805431884,0.7690923271797755,6.92990276688799,0.3802660798084327
13.44,25.71865569618519,-15.525398782424746,1.1930850372734652,22.6286504786456,-0.43998866979543627,0.7686579859301517,6.931991708607864,0.38053679310317945
13.46,26.048841687227107,-15.215883481764514,1.2084581969920682,22.64181486658147,-0.4399496893652689,0.7682259194003271,6.934049203736524,0.38080631433393025
13.48,26.374407649739425,-14.901133267516762,1.2238227153800745,22.65491005071061,-0.43991097415422753,0.7677958671915242,6.936075242940256,0.3810746426563867
13.5,26.69527248076587,-14.581220902622865,1.2391786327239052,22.667936313442354,-0.43987250686127743,0.7673675860455027,6.938069817028049,0.3813417772299874
13.52,27.011356271984187,-14.256220359613017,1.2545259844448147,22.6808939369214,-0.43983426588270025,0.7669408543630394,6.9400329169516315,0.3816077172179106
13.540000000000001,27.322580326733284,-13.926206800643277,1.2698648015320755,22.693783203017702,-0.4397962257867516,0.7665154763019003,6.941964533805508,0.3818724617870765
13.56,27.628867176726633,-13.591256557326922,1.2851951110581137,22.70660439331651,-0.43975835786493633,0.7660912853716171,6.9438646588270085,0.3821360101081501
13.58,27.930140598449,-13.251447110362298,1.300516936765546,22.719357789108514,-0.4397206307490757,0.7656681474521677,6.945733283396321,0.3823983613555439
13.6,28.226325629233035,-12.906857068959223,1.3158302997145892,22.732043671380097,-0.43968301108200347,0.7652459631749559,6.947570399036537,0.3826595147074202
13.620000000000001,28.517348583011877,-12.557566150066046,1.3311352189780887,22.744662320803723,-0.43964546422863027,0.764824669617026,6.949375997413683,0.3829194693456937
13.64,28.803137065743545,-12.203655157399494,1.3464317123704292,22.757214017728426,-0.4396079550132781,0.7644042412730333,6.951150070336765,0.3831782244560344
13.66,29.083619990502545,-11.84520596027964,1.3617197971958896,22.76969904217041,-0.4395704484686287,0.7639846902837907,6.952892609757799,0.38343577922786987
13.68,29.358727592233812,-11.482301472272523,1.3769994910015653,22.78211767380377,-0.43953291058136273,0.7635660659150205,6.954603607771854,0.38369213285438764
13.700000000000001,29.628391442163966,-11.115025629643247,1.3922708123198655,22.794470191951337,-0.4394953090195946,0.7631484532948829,6.956283056617082,0.3839472845325382
13.72,29.892544461864613,-10.743463369622756,1.4075337813857631,22.806756875575605,-0.4394576138275362,0.7627319714337027,6.957930948674759,0.3842012334630371
13.74,30.151120936962478,-10.367700608491873,1.4227884208144372,22.818978003269805,-0.4394197980734403,0.762316770563718,6.959547276469316,0.38445397885036764
13.76,30.404056530491108,-9.987824219486622,1.4380347562257114,22.831133853249064,-0.4393818384377738,0.7619030288503875,6.961132032668369,0.3847055199027833
13.780000000000001,30.65128829587903,-9.60392201052935,1.453272816802719,22.843224703341686,-0.43934371572973263,0.7614909485395095,6.962685210082766,0.3849558558323103
13.8,30.89275468956943,-9.216082701790622,1.4685026357735094,22.855250830980555,-0.4393054153216136,0.7610807516158741,6.9642068016666006,0.3852049858547499
13.82,31.128395583266737,-8.824395903087378,1.4837242508058264,22.86721251319462,-0.4392669274921755,0.7606726750591766,6.965696800517259,0.38545290918968106
13.84,31.35815227580586,-8.428952091123321,1.4989377043070098,22.879110026600518,-0.43922824767192,0.76026696579123,6.967155199875445,0.38569962506046285
13.86,31.5819675046402,-8.029842586577928,1.514143043622834,22.890943647394288,-0.43918937658516943,0.7598638754149802,6.9685819931252135,0.3859451326942366
13.88,31.799785456945212,-7.627159531050987,1.5293403211311336,22.902713651343195,-0.4391503202858725,0.7594636548503039,6.969977173793995,0.38618943132192873
13.9,32.01155178033471,-7.220995863869874,1.5445295942281394,22.914420313777676,-0.43911109008619,0.759066548973946,6.971340735552631,0.38643252017825297
13.92,32.217213593187864,-6.811445298767167,1.559710925207618,22.926063909583373,-0.439071702379062,0.758672791371216,6.972672672215401,0.38667439850171276
13.94,32.41671949458529,-6.398602300436479,1.5748843810350426,22.93764471319329,-0.4390321783580856,0.7582825993051306,6.973972977740049,0.3869150655346035
13.96,32.61001957385363,-5.982562060974566,1.5900500330211447,22.94916299858004,-0.43899254364010387,0.7578961690046696,6.975241646227811,0.38715452052301513
13.98,32.79706541971832,-5.563420476217979,1.6052079564012383,22.960619039248208,-0.43895282779787415,0.757513671367713,6.976478671923444,0.38739276271683465
14.0,32.97781012906521,-5.141274121982513,1.620358229828593,22.972013108226825,-0.43891306381201073,0.7571352481661919,6.9776840492152505,0.3876297913697478
14.02,33.15220831531219,-4.716220230213802,1.6355009347919172,22.983345478061924,-0.4388732874530433,0.7567610088311711,6.978857772635106,0.3878656057392422
14.040000000000001,33.320216116392665,-4.288356665057237,1.6506361549685407,22.994616420809226,-0.43883353660586943,0.7563910278841517,6.979999836858476,0.3881002050866093
14.06,33.481791202353314,-3.8577818988553148,1.6657639755262235,23.00582620802691,-0.4387938505500701,0.756025343068089,6.9811102367044535,0.38833358867694645
14.08,33.636892782568935,-3.424594988080251,1.6808844823875848,23.01697511076849,-0.4387542692104849,0.7556639542176934,6.982188967135771,0.38856575577915975
14.1,33.785481612577826,-2.9888955492094578,1.6959977614719381,23.028063399575803,-0.4387148323930804,0.7553068228938105,6.983236023258829,0.38879670566596586
14.120000000000001,33.92752000054137,-2.5507837345511257,1.7111038979298145,23.03909134447208,-0.4386755790214846,0.7549538727913363,6.984251400323715,0.3890264376138945
14.14,34.06297181333179,-2.110360208026792,1.7262029753856414,23.050059214955144,-0.43863654638958827,0.7546049909145501,6.985235093724229,0.3892549509032908
14.16,34.19180248225224,-1.6677261209173613,1.741295075203933,23.06096727999068,-0.4385977694453343,0.7542600294982255,6.986187098997901,0.3894822448183174
14.18,34.313979008393495,-1.2229830875786094,1.756380275793897,23.07181580800562,-0.43855928012022605,0.7539188086377361,6.9871074118260115,0.3897083186469566
14.200000000000001,34.429469967631476,-0.7762331611317527,1.7714586519666522,23.08260506688163,-0.4385211067182056,0.7535811195769229,6.987996028033614,0.38993317168101294
14.22,34.53824551526974,-0.32757880913421894,1.7865302743581903,23.093335323948686,-0.43848327337638937,0.7532467285890188,6.988852943589551,0.390156803216115
14.24,34.64027739033086,0.12287711076468755,1.801595208929971,23.104006845978745,-0.4384457996087307,0.7529153813737077,6.989678154606473,0.390379212551718
14.26,34.73553891950031,0.575031375178953,1.8166535165574453,23.11461989917953,-0.4384086999420338,0.7525868078827052,6.990471657340857,0.39060039899110555
14.280000000000001,34.824005020726275,1.0287804193479677,1.8317052527150999,23.125174749188393,-0.4383719836519,0.7522607274772797,6.99123344819302,0.3908203618413924
14.3,34.90565220647808,1.4840203615020457,1.8467504672646458,23.135671661066283,-0.4383356546041854,0.7519368543141078,6.9919635237071445,0.3910391004135261
14.32,34.9804585866657,1.9406470272281124,1.861789204350928,23.146110899291813,-0.4382997112054288,0.7516149028508957,6.992661880571281,0.39125661402228934
14.34,35.04840387122217,2.398555973832558,1.876821502407946,23.156492727755403,-0.43826414646351014,0.7512945933604307,6.993328515617373,0.39147290198630214
14.36,35.109469372350205,2.8576425146984383,1.891847394275155,23.166817409753545,-0.4382289481575686,0.7509756573412156,6.99396342582127,0.3916879636280241
14.38,35.163638006433594,3.317801743634318,1.9068669074219793,23.17708520798314,-0.4381940991139942,0.750657842714598,6.994566608302735,0.39190179827375626
14.4,35.21089429561367,3.7789285592120887,1.9218800642762712,23.18729638453593,-0.43815957758314455,0.7503409187022967,6.995138060325466,0.3921144052536432
14.42,35.25122436903021,4.240917689091085,1.9368868826503167,23.19745120089303,-0.4381253577093816,0.7500246802844095,6.995677779297103,0.39232578390167555
14.44,35.28461596372592,4.703663714325719,1.9518873762560052,23.20754991791955,-0.4380914100851097,0.7497089521462088,6.99618576276924,0.3925359335556916
14.46,35.31105842521288,5.167061093653701,1.9668815552989294,23.217592795859304,-0.4380577023777657,0.7493935920321465,6.996662008437441,0.39274485355737954
14.48,35.33054270769911,5.631004187761712,1.9818694271395723,23.227580094329607,-0.43802420001720066,0.749078493437302,6.997106514141242,0.39295254325227974
14.5,35.34306137397293,6.095387283525118,1.996850997008318,23.23751207231617,-0.4379908669296324,0.7487635875797737,6.997519277864169,0.3931590019897865
14.52,35.34860859494245,6.560104618218013,2.011826268759913,23.24738898816808,-0.43795766630336486,0.748448844611971,6.99790029773374,0.39336422912315
14.540000000000001,35.34718014882744,7.025050403689532,2.0267952456521527,23.257211099592862,-0.43792456137078484,0.7481342740441315,6.998249572021483,0.39356822400947894
14.56,35.33877342000069,7.490118850502012,2.041757931133035,23.26697866365164,-0.43789151619077454,0.7478199243693268,6.998567099142934,0.39377098600974186
14.58,35.32338739747578,7.955204192026189,2.056714329620421,23.27669193675437,-0.43785849641562613,0.7475058818954596,6.998852877657648,0.3939725144887694
14.6,35.30102267303856,8.420200708488247,2.07166444725833,23.286351174655188,-0.4378254700268187,0.7471922688058924,6.999106906269208,0.3941728088152565
14.620000000000001,35.271681439019595,8.885002750963148,2.0866082926344482,23.295956632447805,-0.4377924080246079,0.7468792404861373,6.999329183825227,0.3943718683617641
14.64,35.235367485705154,9.349504765308323,2.1015458774441704,23.305508564561016,-0.4377592850572786,0.7465669821690808,6.9995197093173545,0.39456969250472096
14.66,35.192086198384786,9.813601316031479,2.116477217087552,23.315007224754286,-0.43772607997710083,0.7462557049652647,6.999678481881284,0.3947662806244263
14.68,35.14184455403385,10.277187110085988,2.131402331186857,23.324452866113415,-0.4376927763114861,0.7459456413574679,6.999805500796751,0.39496163210505103
14.700000000000001,35.08465111763006,10.740157020587098,2.146321244014006,23.33384574104629,-0.4376593626395389,0.7456370402499923,6.999900765487542,0.3951557463346398
14.72,35.02051603810345,11.202406110442016,2.161233984819006,23.34318610127872,-0.4376258328660967,0.7453301616724094,6.999964275521494,0.39534862270511334
14.74,34.94945104392019,11.6638296558868,2.176140588052455,23.35247419785036,-0.43759218638742187,0.7450252712448776,6.9999960306104985,0.3955402606122699
14.76,34.87146943830091,12.12432316992297,2.1910410934773523,23.361710281110692,-0.43755842814490087,0.7447226345173286,6.9999960306104985,0.3957306594557874
14.780000000000001,34.78658609407538,12.583782425646731,2.205935546167699,23.370894600715122,-0.4375245685653809,0.744422511297753,6.999964275521494,0.39591981863922515
14.8,34.69481744817565,13.042103479463835,2.220823996393654,23.380027405621128,-0.43749062338908384,0.744125150085394,6.999900765487542,0.39610773757002593
14.82,34.59618149577087,13.499182694183231,2.235706499395362,23.3891089440845,-0.4374566133883348,0.7438307827228815,6.999805500796751,0.3962944156595176
14.84,34.49069778404748,13.95491676198294,2.2505831150498192,23.39813946365567,-0.43742256398258167,0.7435396193772359,6.999678481881284,0.39647985232291516
14.86,34.378387405639025,14.409202727241805,2.2654539074373634,23.407119211176088,-0.4373885047573167,0.7432518439532962,6.9995197093173545,0.3966640469793223
14.88,34.259272991710844,14.861938009231208,2.280318944316429,23.41604843277471,-0.4373544688964965,0.742967610034621,6.999329183825227,0.3968469990517337
14.9,34.1333787047049,15.313020424661154,2.295178296517122,23.42492737386454,-0.4373204925398532,0.7426870374364322,6.999106906269208,0.39702870796703627
14.92,34.00073023075095,15.762348210075631,2.3100320372658505,23.433756279139278,-0.43728661407805997,0.7424102094429195,6.998852877657648,0.39720917315601134
14.94,33.8613547717503,16.209820044092574,2.324880241454709,23.442535392569983,-0.4372528734000203,0.7421371707874511,6.998567099142934,0.39738839405333626
14.96,33.71528103713889,16.65533506948426,2.339722984870458,23.451264957401893,-0.4372193111075758,0.7418679264191993,6.998249572021483,0.39756637009758633
14.98,33.562539235336565,17.098792915094464,2.354560343398842,23.459945216151258,-0.43718596771363555,0.7416024410837285,6.99790029773374,0.39774310073123637
15.0,33.40316106488947,17.540093717589162,2.369392392220517,23.468576410602264,-0.43715288284011805,0.7413406397284812,6.997519277864169,0.39791858540066255
15.02,33.23717970531248,17.979138143038043,2.3842192050150866,23.47715878180404,-0.43712009443214767,0.7410824087272134,6.997106514141242,0.3980928235561442
15.040000000000001,33.064629807638596,18.41582740832454,2.3990408531896303,23.48569257006773,-0.43708763800466194,0.7408275979006028,6.996662008437441,0.39826581465186545
15.06,32.88554748468186,18.850063302382473,2.413857405147642,23.49417801496364,-0.43705554593696827,0.7405760232938224,6.99618576276924,0.39843755814591686
15.08,32.69997030102016,19.28174820725775,2.4286689256135183,23.502615355318454,-0.4370238468298489,0.7403274706561954,6.995677779297103,0.39860805350029727
15.1,32.50793726270393,19.71078511899382,2.4434754750266423,23.511004829212517,-0.43699256493857197,0.7400816995534379,6.995138060325466,0.3987773001809154
15.120000000000001,32.309488806696265,20.137077668339867,2.458277109017711,23.519346673977196,-0.436961719693645,0.7398384480297571,6.994566608302735,0.3989452976575917
15.14,32.104666790049386,20.56053014128082,2.4730738779783064,23.527641126192307,-0.4369313253193793,0.7395974377255012,6.99396342582127,0.3991120454040596
15.16,31.89351447882213,20.981047499388325,2.4878658267328166,23.535888421683616,-0.4369013905583514,0.7393583793463763,6.993328515617373,0.3992775428979676
15.18,31.67607653674217,21.398535399991868,2.502652994319744,23.5440887955204,-0.43687191850769497,0.7391209783726815,6.992661880571281,0.39944178962088067
15.200000000000001,31.45239901361641,21.81290021616913,2.5174354138871973,23.55224248201307,-0.4368429065708711,0.7388849408917194,6.9919635237071445,0.3996047850582819
15.22,31.222529333492222,22.224049056554456,2.5322131127050316,23.560349714710902,-0.4368143465262026,0.7386499794336387,6.99123344819302,0.3997665286995742
15.24,30.986516282571625,22.631889784964187,2.5469861122937045,23.568410726399765,-0.4367862247110561,0.7384158186905271,6.990471657340857,0.3999270200380818
15.26,30.744409996880062,23.03633103983722,2.5617544286675145,23.576425749099982,-0.4367585223181737,0.7381822010006095,6.989678154606473,0.4000862585710518
15.280000000000001,30.496261949690776,23.437282253488853,2.576518072687527,23.584395014064214,-0.4367312157983367,0.7379488914838978,6.988852943589551,0.40024424379965606
15.3,30.242124938705423,23.83465367117563,2.5912770505172054,23.592318751775434,-0.4367042773613377,0.7377156827224796,6.987996028033614,0.4004009752289922
15.32,29.982053072991164,24.228356369968317,2.6060313641716544,23.60019719194494,-0.4366776755651909,0.7374823988877108,6.9871074118260115,0.40055645236808574
15.34,29.716101759674114,24.618302277429887,2.6207810121494086,23.608030563510464,-0.4366513759816633,0.7372488992276973,6.986187098997901,0.4007106747298912
15.36,29.44432769038886,25.004404190094764,2.6355259901339627,23.61581909463431,-0.4366253419246067,0.737015080841394,6.98523509372423,0.4008636418312939
15.38,29.166788827483607,25.386575791745187,2.650266291750791,23.62356301270158,-0.436599535226235,0.7367808806801576,6.984251400323715,0.4010153531931114
15.4,28.88354438998042,25.76473167148009,2.6650019093643937,23.63126254431845,-0.43657391704546616,0.7365462767333562,6.983236023258829,0.40116580834009474
15.42,28.594654839290143,26.138787341571472,2.6797328348990614,23.63891791531051,-0.43654844869174175,0.7363112883713531,6.982188967135771,0.40131500680093046
15.44,28.30018186468174,26.50865925510287,2.694459060666489,23.646529350721167,-0.43652309244737253,0.7360759758365024,6.9811102367044535,0.40146294810824157
15.46,28.000188368505903,26.874264823384152,2.7091805801832187,23.654097074810096,-0.43649781237144386,0.7358404388903503,6.979999836858476,0.4016096317985894
15.48,27.694738451173272,27.235522433136698,2.723897388961026,23.66162131105177,-0.43647257506864773,0.7356048146426742,6.978857772635106,0.40175505741247464
15.5,27.383897395887892,27.59235146344271,2.73860948525388,23.669102282134045,-0.4364473504070878,0.7353692746049703,6.9776840492152505,0.4018992244943391
15.52,27.06773165313702,27.94467230245241,2.75331687074598,23.676540209956777,-0.4364221121701126,0.7351340210271264,6.976478671923444,0.40204213259256727
15.540000000000001,26.746308824938954,28.292406363842716,2.768019551166523,23.68393531563054,-0.4363968386285531,0.7348992825909957,6.975241646227811,0.4021837812594872
15.56,26.41969764885105,28.63547610302119,2.7827175368183426,23.691287819475356,-0.43637151302134736,0.7346653095480866,6.973972977740049,0.4023241700513724
15.58,26.087967981740782,28.97380503306907,2.7974108430093043,23.698597941019525,-0.43634612393439337,0.7344323684003208,6.972672672215402,0.402463298528443
15.6,25.751190783323242,29.30731774041752,2.81209949037731,23.705865898998482,-0.43632066556954585,0.7342007362325472,6.971340735552631,0.4026011662548671
15.620000000000001,25.409438099469075,29.635939900251515,2.826783505101961,23.71309191135371,-0.43629513789791935,0.7339706948130129,6.969977173793995,0.40273777279876233
15.64,25.062783045287556,29.959598291636176,2.8414629189982215,23.720276195231733,-0.43626954669403534,0.7337425245831547,6.9685819931252135,0.402873117732197
15.66,24.711299787989972,30.27822081236087,2.8561377694898846,23.727418966983127,-0.4362439034498045,0.7335164986607022,6.967155199875445,0.40300720063119155
15.68,24.355063529539056,30.591736493496896,2.8708080994630985,23.73452044216162,-0.43621822516981634,0.733292876980215,6.965696800517259,0.4031400210757199
15.700000000000001,23.994150489090746,30.900075513665143,2.885473957002702,23.74158083552322,-0.43619253405186803,0.7330719006926898,6.9642068016666006,0.40327157864971064
15.72,23.62863788523488,31.20316921301085,2.900135395016556,23.748600361025407,-0.43616685705904956,0.7328537869409029,6.962685210082766,0.40340187294104835
15.74,23.25860391804187,31.500950106883046,2.9147924707553745,23.755579231826378,-0.43614122539196387,0.7326387241197319,6.96113203266837,0.4035309035415751
15.76,22.884127750922634,31.793351899217143,2.929445245237769,23.762517660284338,-0.43611567387175276,0.7324268677209975,6.959547276469316,0.4036586700470916
15.780000000000001,22.505289492309235,32.0803094956196,2.944093782592189,23.769415857956847,-0.4360902402464766,0.7322183368505749,6.957930948674759,0.4037851720573583
15.8,22.122170177163838,32.36175901615443,2.9587381493292,23.776274035600213,-0.436064964435019,0.7320132114918664,6.956283056617082,0.40391040917609683
15.82,21.734851748323546,32.63763780783169,2.973378413559037,23.783092403168936,-0.4360398877240237,0.731811530574485,6.954603607771854,0.40403438101099115
15.84,21.34341703768863,32.907884456798904,2.9880146441705264,23.789871169815207,-0.4360150519343861,0.7316132908904931,6.952892609757799,0.4041570871736891
15.860000000000001,20.947949747261525,33.17243880023672,3.0026469099883357,23.796610543888452,-0.4359904985745049,0.7314184468830808,6.951150070336765,0.404278527279803
15.88,20.54853443004367,33.43124193796052,3.0172752789259967,23.803310732934918,-0.43596626799781785,0.7312269113145431,6.949375997413683,0.4043987009489114
15.9,20.14525647079706,33.6842362437302,3.031899817152288,23.80997194369732,-0.43594239858211126,0.7310385568021798,6.947570399036537,0.40451760780456
15.92,19.738202066676905,33.93136537627037,3.046520588288332,23.816594382114523,-0.4359189259476882,0.7308532181926718,6.945733283396321,0.4046352474742629
15.94,19.32745820774139,34.17257429000372,3.061137652652185,23.82317825332128,-0.43589588223072373,0.7306706957279778,6.9438646588270085,0.4047516195895038
15.96,18.913112657344175,34.407809245499934,3.0757510665667454,23.829723761648008,-0.4358732954270343,0.7304907589391869,6.941964533805508,0.4048667237857371
15.98,18.4952539324146,34.63701781964287,3.0903608817455286,23.836231110620616,-0.43585118882007085,0.7303131511894358,6.9400329169516315,0.4049805597023892
16.0,18.073971283630197,34.86014891551849,3.104967144769317,23.842700502960376,-0.4358295805052326,0.7301375947732494,6.93806981702805,0.4050931269828592
16.02,17.649354675485586,35.0771527720256,3.119569896664782,23.84913214058384,-0.43580848302063074,0.729963796467802,6.936075242940256,0.40520442527452066
16.04,17.22149476626127,35.28798097321146,3.134169172594138,23.855526224602798,-0.4357879030922468,0.7297914534218822,6.934049203736523,0.405314454228722
16.06,16.79048288789542,35.49258645733365,-3.1344203055170103,23.861882955324283,-0.4357678414990747,0.7296202592609621,6.931991708607864,0.4054232135007882
16.080000000000002,16.35641102576137,35.69092352564924,-3.1198279003317912,23.868202532250614,-0.43574829306135415,0.7294499102819209,6.92990276688799,0.4055307027500216
16.1,15.919371798353051,35.88294785093178,-3.105238902126153,23.874485154079487,-0.4357292467524515,0.729280111608733,6.927782388053267,0.4056369216397029
16.12,15.479458436880323,36.068616485715985,-3.090653299893978,23.880731018704115,-0.43571068593237466,0.7291105831808692,6.925630581722677,0.4057418698370924
16.14,15.036764764775949,36.24788787026944,-3.076071088230361,23.886940323213384,-0.43569258869836985,0.7289410654492846,6.923447357657767,0.4058455470134308
16.16,14.591385177115695,36.420721840289936,-3.061492266921375,23.893113263892083,-0.43567492834560095,0.7287713246606062,6.92123272576261,0.4059479528439406
16.18,14.143414619952987,36.587079634326614,-3.046916840428163,23.89925003622115,-0.43565767392860116,0.7286011576183752,6.918986696083761,0.40604908700782677
16.2,13.692948569569504,36.74692390092218,-3.0323448172757956,23.90535083487797,-0.4356407909120649,0.728430395820801,6.916709278810204,0.4061489491882779
16.22,13.240083011643154,36.90021870547322,-3.0177762093593796,23.91141585373671,-0.43562424189765697,0.7282589088871954,6.914400484273319,0.40624753907246713
16.240000000000002,12.784914420334989,37.046929536804925,-3.003211031181636,23.917445285868688,-0.4356079874118983,0.7280866071998494,6.91206032294682,0.4063448563515534
16.26,12.32753973729684,37.18702331345601,-2.9886492990376388,23.92343932354279,-0.4355919867388778,0.7279134437042645,6.909688805446718,0.40644090072068184
16.28,11.86805635060171,37.320468389669486,-2.9740910301635535,23.929398158225922,-0.43557619878056125,0.7277394148280486,6.907285942531271,0.4065356718789853
16.3,11.40656207359928,37.447234561084386,-2.9595362418669926,23.935321980583492,-0.4355605829268522,0.727564560497045,6.9048517451009275,0.40662916952958506
16.32,10.943155123699295,37.567293070123476,-2.9449849506570516,23.941210980479944,-0.4355450999173065,0.7273889632460252,6.902386224198291,0.4067213933795918
16.34,10.47793410108598,37.680616611071905,-2.930437171392131,23.94706534697931,-0.4355297126765329,0.7272127464401453,6.899889391008058,0.40681234314010634
16.36,10.010997967367109,37.78717933484168,-2.9158929164633283,23.952885268345817,-0.4355143871058104,0.727036071641939,6.89736125685697,0.4069020185262209
16.38,9.542446024161782,37.886956853417004,-2.9013521950304897,23.958670932044516,-0.43549909281432264,0.7268591351765268,6.894801833213769,0.40699041925701956
16.4,9.072377891631474,37.979926243975804,-2.8868150123269594,23.96442252474196,-0.43548380377462315,0.7266821639645739,6.892211131689135,0.4070775450555795
16.42,8.600893486959325,38.06606605268301,-2.872281369047668,23.970140232306893,-0.43546849888848504,0.7265054107079724,6.889589164035639,0.4071633956489718
16.44,8.12809300278311,38.14535629815168,-2.8577512608335085,23.975824239811004,-0.4354531624511207,0.7263291485269588,6.886935942147692,0.40724797076826214
16.46,7.65407688558771,38.21777847456853,-2.8432246778629695,23.981474731529694,-0.4354377845038428,0.7261536651590663,6.8842514780614845,0.4073312701485116
16.48,7.178945814063253,38.28331555448104,-2.828701604559788,23.98709189094288,-0.43542236106753945,0.7259792568397525,6.881535783954938,0.4074132935287779
16.5,6.702800677435427,38.34195199124402,-2.814182019422993,23.992675900735843,-0.43540689425179974,0.7258062219915109,6.878788872147647,0.40749404065211575
16.52,6.225742553774645,38.39367372112423,-2.7996658949831628,23.998226942800088,-0.43539139223710593,0.7256348548526124,6.876010755100821,0.40757351126557795
16.54,5.747872688290976,38.43846816506241,-2.7851531978861104,24.003745198234256,-0.43537586913014925,0.7254654391782518,6.873201445417234,0.40765170512021587
16.56,5.2692924716217995,38.47632423009282,-2.7706438891025456,24.009230847345066,-0.4353603446949721,0.7252982421457297,6.870360955841159,0.4077286219710807
16.580000000000002,4.790103418119182,38.50723231042135,-2.756137924259631,24.014684069648265,-0.4353448439652385,0.7251335085914172,6.867489299258319,0.4078042615772238
16.6,4.310407144143923,38.53118428816376,-2.7416352540878024,24.020105043869645,-0.43532939674542787,0.7249714557006841,6.864586488695824,0.4078786237016977
16.62,3.8303053463730583,38.54817353374667,-2.727135824973789,24.025493947946057,-0.4353140370110877,0.7248122682628665,6.86165253732211,0.4079517081115566
16.64,3.3498997801274317,38.55819490597444,-2.7126395796085316,24.03085095902648,-0.43529880222041323,0.7246560945918628,6.858687458446882,0.40802351457785746
16.66,2.869292237725656,38.56124475176565,-2.6981464577166943,24.0361762534731,-0.43528373255130864,0.7245030431993442,6.855691265521054,0.40809404287566026
16.68,2.3885845268704586,38.55732090556376,-2.683656396852707,24.04147000686244,-0.43526887007967624,0.7243531802920815,6.85266397213669,0.40816329278402924
16.7,1.907878449073039,38.54642268842665,-2.6691693332468653,24.046732393986492,-0.4352542579159521,0.7242065281478768,6.849605592026932,0.408231264086033
16.72,1.4272757781206182,38.528550906800355,-2.6546852026839076,24.051963588853898,-0.43523993931782284,0.7240630644063794,6.846516139065954,0.40829795656874573
16.740000000000002,0.9468782385919471,38.5037078509825,-2.64020394139578,24.057163764691154,-0.43522595679760456,0.7239227222920342,6.8433956272688805,0.4083633700232475
16.76,0.4667874844250432,38.471897293281145,-2.6257254869499396,24.062333093943842,-0.4352123512429267,0.7237853917669612,6.840244070791743,0.4084275042446251
16.78,-0.012894922459020797,38.43312448587469,-2.6112497791146003,24.06747174827787,-0.43519916106913276,0.7236509215920957,6.837061483931398,0.40849035903197256
16.8,-0.49206753347292576,38.38739615837857,-2.5967767606827583,24.072579898580784,-0.4351864214211979,0.7235191222558565,6.833847881125474,0.40855193418839186
16.82,-0.9706290346175939,38.33472051512419,-2.582306378237641,24.07765771496305,-0.4351741634419724,0.7233897697113119,6.830603276952298,0.40861222952099374
16.84,-1.4484782676718444,38.27510723215526,-2.567838582843415,24.082705366759406,-0.43516241362221797,0.7232626098457287,6.827327686130836,0.40867124484089773
16.86,-1.9255142513150678,38.208567453946415,-2.5533733306465005,24.087723022530216,-0.4351511932462316,0.7231373635908291,6.824021123520621,0.4087289799632334
16.88,-2.401636202181074,38.13511378984839,-2.538910583374684,24.092710850062865,-0.4351405179448874,0.7230137325684032,6.8206836041216885,0.4087854347071405
16.9,-2.8767435558415158,38.05476031026353,-2.524450308723316,24.097669016373153,-0.4351303973657094,0.7228914051544157,6.817315143074508,0.4088406088957698
16.92,-3.350735987717463,37.967522542554896,-2.5099924806202276,24.10259768770675,-0.43512083496716075,0.7227700628356658,6.813915755659913,0.4088945023562834
16.94,-3.823513433917806,37.87341746669136,-2.495537079363514,24.107497029540642,-0.4351118279417544,0.7226493867265801,6.810485457299037,0.40894711491985536
16.96,-4.294976112003181,37.77246351063065,-2.4810840916289827,24.112367206584615,-0.4351033672699033,0.7225290641100268,6.807024263553232,0.40899844642167243
16.98,-4.765024541674073,37.66468054544145,-2.466633510346782,24.117208382782767,-0.4350954379036942,0.7224087948651788,6.803532190124011,0.4090484967009343
17.0,-5.233559565381602,37.55008988016491,-2.4521853344494784,24.122020721315028,-0.43508801907704775,0.7222882976474695,6.80000925285297,0.40909726560085413
17.02,-5.700482368859301,37.428714256415525,-2.437739568496529,24.126804384598717,-0.43508108473606966,0.7221673156905558,6.796455467721714,0.4091447529686592
17.04,-6.1656945015739435,37.30057784272041,-2.423296222182718,24.131559534290112,-0.43507460408086657,0.7220456221078003,6.792870850851791,0.4091909586555913
17.06,-6.629097897093098,37.16570622859561,-2.408855309740562,24.136286331286044,-0.4350685422077434,0.7219230245809881,6.789255418504614,0.4092358825169072
17.080000000000002,-7.0905948933667675,37.02412641835756,-2.3944168492489424,24.140984935725516,-0.43506286083856976,0.7217993693365682,6.785609187081388,0.409279524411879
17.1,-7.550088252919992,36.87586682466737,-2.379980861862211,24.14565550699134,-0.4350575191222464,0.7216745443244179,6.78193217312304,0.40932188420379473
17.12,-8.007481182952885,36.72095726180526,-2.365547370975723,24.150298203711785,-0.4350524744916543,0.7215484815306458,6.778224393310134,0.4093629617599588
17.14,-8.462677355344084,36.55942893867241,-2.35111640134511,24.154913183762268,-0.43504768355827106,0.7214211583739477,6.774485864462806,0.40940275695169215
17.16,-8.915580926553131,36.391314451517154,-2.336687978177631,24.15950060426704,-0.4350431030258051,0.7212925981541265,6.7707166035406825,0.4094412696543331
17.18,-9.366096557416855,36.216647776382665,-2.3222621262145484,24.164060621600914,-0.43503869060375894,0.7211628695411808,6.7669166276428045,0.40947849974723716
17.2,-9.814129432834376,36.035464261273276,-2.307838868823725,24.16859339139099,-0.43503440590178805,0.7210320851134503,6.763085954007549,0.40951444711377805
17.22,-10.259585281334973,35.847800618036885,-2.293418227121456,24.17309906851841,-0.4350302112860812,0.720900398973258,6.759224600012552,0.4095491116413474
17.240000000000002,-10.702370394522694,35.65369491396117,-2.2790002191419907,24.177577807120144,-0.4350260726797396,0.7207680034878802,6.755332583174628,0.4095824932213557
17.26,-11.142391646391333,35.453186563081815,-2.264584859072233,24.182029760590773,-0.43502196029026274,0.7206351252221189,6.751409921149695,0.4096145917492323
17.28,-11.579556512503133,35.24631631720153,-2.250172156567791,24.18645508158429,-0.435017849248739,0.7205020201458348,6.747456631732687,0.4096454071244259
17.3,-12.013773089024491,35.03312625661908,-2.235762116164874,24.19085392201594,-0.4350137201471502,0.7203689682151819,6.74347273285748,0.40967493925040455
17.32,-12.444950111611846,34.8136597805684,-2.22135473680057,24.19522643306406,-0.4350095594623038,0.7202362674396394,6.739458242596809,0.40970318803465644
17.34,-12.872996974140976,34.58796159736855,-2.2069500114517773,24.19957276517194,-0.43500535985725486,0.720104227557958,6.735413179162182,0.40973015338868984
17.36,-13.297823747273071,34.356077714285796,-2.1925479269006183,24.203893068049695,-0.43500112035362304,0.719973163454635,6.731337560903803,0.4097558352280334
17.38,-13.719341196851088,34.118055427110285,-2.1781484636315254,24.20818749067616,-0.43499684637090225,0.7198433884542604,6.727231406310485,0.4097802334722367
17.400000000000002,-14.137460802120282,33.87394330945005,-2.1637515958624403,24.21245618130081,-0.43499254963163525,0.7197152076339798,6.723094734009568,0.40980334804487
17.42,-14.552094773767088,33.62379120174626,-2.1493572917097605,24.216699287445664,-0.4349882479341355,0.7195889112942592,6.718927562766835,0.40982517887352504
17.44,-14.963156071771019,33.36765020001403,-2.134965513483875,24.220916955907246,-0.43498396479721585,0.719464768725176,6.714729911486421,0.4098457258898149
17.46,-15.370558423064727,33.10557264431398,-2.1205762181093717,24.225109332758525,-0.4349797289840789,0.7193430223995796,6.710501799210738,0.4098649890293742
17.48,-15.774216338997924,32.837612106960016,-2.10618935766138,24.229276563350894,-0.43497557391507063,0.7192238827158612,6.706243245120381,0.40988296823185955
17.5,-16.174045132601453,32.56382338046979,-2.091804880007063,24.233418792316147,-0.4349715369813538,0.7191075234018327,6.701954268534039,0.4098996634409496
17.52,-16.569960935648417,32.28426246526421,-2.0774227295390264,24.23753616356848,-0.43496765877366095,0.7189940776776413,6.697634888908413,0.4099150746043452
17.54,-16.96188071550987,31.998986557123,-2.0630428479854737,24.2416288203065,-0.4349639822421025,0.7188836352599632,6.69328512583813,0.40992920167376945
17.56,-17.349722291803236,31.708054034403464,-2.0486651752802745,24.24569690501525,-0.43496055180448795,0.7187762402722806,6.688904999055643,0.4099420446049682
17.580000000000002,-17.733404352832142,31.411524445029702,-2.034289650474829,24.249740559468258,-0.43495741242173935,0.7186718901071899,6.68449452843115,0.4099536033577098
17.6,-18.112846471817,31.109458493259474,-2.019916212672685,24.253759924729565,-0.4349546086597101,0.718570535266834,6.680053733972506,0.40996387789578553
17.62,-18.48796912291611,30.801918026235924,-2.0055448019673485,24.25775514115581,-0.43495218375705286,0.7184720801870711,6.675582635825125,0.4099728681870095
17.64,-18.858693697037527,30.488966020331056,-1.991175360363607,24.26172634839829,-0.434950178718699,0.7183763850303645,6.671081254271893,0.4099805742032189
17.66,-19.224942517442344,30.170666567287608,-1.9768078326629999,24.265673685405062,-0.43494863145402063,0.7182832684119853,6.666549609733075,0.40998699592027393
17.68,-19.58663885514024,29.847084860165616,-1.96244216729476,24.26959729042303,-0.4349475759778516,0.7181925110044435,6.661987722766221,0.40999213331805795
17.7,-19.94370694407847,29.518287179099367,-1.9480783170746712,24.273497301000056,-0.434947041691268,0.7181038599464672,6.6573956140660755,0.40999598638047774
17.72,-20.296071996125455,29.184340876870092,-1.933716239875742,24.277373853987093,-0.43494705275739104,0.7180170339657808,6.652773304464482,0.4099985550954632
17.740000000000002,-20.643660215850215,28.845314364299018,-1.9193558991964264,24.281227085540305,-0.43494762758551625,0.7179317291097117,6.648120814930287,0.40999983945496765
17.76,-20.986398815098745,28.501277095464893,-1.9049972646142321,24.285057131123214,-0.434948778434629,0.7178476249646427,6.643438166569251,0.40999983945496765
17.78,-21.324216027368266,28.15229955274944,-1.8906403121149393,24.28886412550886,-0.4349505111448821,0.7177643912347752,6.638725380623944,0.4099985550954632
17.8,-21.657041121979987,27.798453231713562,-1.8762850242902438,24.292648202781947,-0.43495282500294663,0.7176816945428308,6.633982478473653,0.40999598638047774
17.82,-21.984804418050636,27.43981062580654,-1.8619313903993873,24.296409496341045,-0.43495571274434586,0.7175992053103533,6.62920948163429,0.40999213331805795
17.84,-22.307437298262567,27.076445210909874,-1.8475794062931803,24.300148138900745,-0.43495916069301527,0.7175166045732899,6.624406411758287,0.40998699592027393
17.86,-22.624872222431737,26.708431429716903,-1.8332290742017145,24.303864262493864,-0.4349631490354493,0.7174335905895923,6.6195732906344995,0.4099805742032189
17.88,-22.93704274087229,26.33584467594887,-1.8188804023899228,24.307557998473644,-0.43496765222396494,0.7173498850996511,6.6147101401881105,0.4099728681870095
17.900000000000002,-23.24388350755584,25.958761278407664,-1.8045334046879298,24.311229477515965,-0.43497263950088955,0.717265239107393,6.609816982480528,0.40996387789578553
17.92,-23.545330293062964,25.57725848486524,-1.790188099905782,24.314878829621556,-0.4349780755329253,0.7171794380596851,6.604893839709289,0.4099536033577098
17.94,-23.841319997323758,25.191414445789412,-1.7758445111445882,24.318506184118228,-0.4349839211426077,0.7170923063140926,6.599940734207955,0.4099420446049682
17.96,-24.131790662143654,24.801308197905616,-1.7615026650183063,24.32211166966311,-0.43499013412171117,0.7170037107997838,6.5949576884460095,0.40992920167376945
17.98,-24.416681483510185,24.407019647594222,-1.7471625908023107,24.32569541424488,-0.43499667010970433,0.7169135637931373,6.58994472502876,0.4099150746043452
18.0,-24.69593282367574,24.008629554123022,-1.7328243195264479,24.329257545186035,-0.4350034835189595,0.7168218247480707,6.5849018666972325,0.4098996634409496
18.02,-24.969486223010914,23.606219512714674,-1.7184878830314865,24.332798189145127,-0.435010528487404,0.7167285011408338,6.579829136328073,0.40988296823185955
18.04,-25.23728441162265,23.199871937449156,-1.70415331300867,24.336317472119042,-0.43501775983868635,0.7166336483096464,6.574726556933438,0.4098649890293742
18.06,-25.49927132073098,22.789670044001614,-1.689820640042477,24.33981551944527,-0.43502513402973564,0.7165373682906067,6.56959415166089,0.4098457258898149
18.080000000000002,-25.755392093798005,22.37569783221637,-1.6754898926766648,24.343292455804175,-0.43503261006581756,0.716439807672382,6.564431943793298,0.40982517887352504
18.1,-26.005593097402574,21.95804006851842,-1.661161096523217,24.346748405221284,-0.43504015036383337,0.7163411545128106,6.559239956748729,0.40980334804487
18.12,-26.249821931854125,21.53678226816415,-1.6468342734329608,24.350183491069583,-0.43504772154565796,0.7162416343803067,6.554018214080342,0.4097802334722367
18.14,-26.48802744153925,21.112010677333664,-1.6325094407453546,24.353597836071806,-0.43505529514474484,0.7161415056014316,6.548766739476277,0.4097558352280334
18.16,-26.720159724994698,20.683812255067735,-1.618186610633326,24.35699156230274,-0.43506284821101254,0.71604105381278,6.543485556759556,0.40973015338868984
18.18,-26.946170144700954,20.252274655052847,-1.6038657895570705,24.36036479119153,-0.4350703638011318,0.7159405859301111,6.538174689887966,0.40970318803465644
18.2,-27.166011336590813,19.81748620725855,-1.5895469778384683,24.363717643524,-0.4350778313437095,0.7158404236600585,6.532834162953957,0.40967493925040455
18.22,-27.379637219268012,19.379535899431836,-1.575230169365267,24.367050239444968,-0.4350852468714699,0.7157408966895874,6.527464000184531,0.4096454071244259
18.240000000000002,-27.587003002931507,18.938513358453804,-1.5609153514314753,24.37036269846056,-0.435092613115305,0.7156423356953626,6.5220642259411274,0.4096145917492323
18.26,-27.788065198001703,18.494508831564378,-1.546602504717568,24.373655139440555,-0.4350999394579529,0.715545065319237,6.516634864719521,0.4095824932213557
18.28,-27.982781623445685,18.04761316746128,-1.5322916034111833,24.376927680620696,-0.4351072417480001,0.7154493972570498,6.511175941149702,0.4095491116413474
18.3,-28.171111414799245,17.597917797279784,-1.5179826154660423,24.38018043960505,-0.43511454197783406,0.7153556236058335,6.505687479995773,0.40951444711377805
18.32,-28.353015031884365,17.145514715460138,-1.5036755029939257,24.38341353336833,-0.4351218678320305,0.7152640106093844,6.500169506155829,0.40947849974723716
18.34,-28.528454266221587,16.690496460509618,-1.489370222781738,24.386627078258254,-0.43512925211538794,0.7151747929340802,6.494622044661849,0.4094412696543331
18.36,-28.697392248137568,16.23295609566644,-1.4750667269230564,24.389821189997882,-0.4351367320723644,0.7150881685959511,6.489045120679579,0.40940275695169215
18.38,-28.859793453568834,15.772987189472655,-1.4607649635511373,24.39299598368797,-0.43514434861196855,0.7150042946466189,6.483438759508424,0.4093629617599588
18.400000000000002,-29.01562371056355,15.310683796263113,-1.446464877658205,24.396151573809334,-0.4351521454541682,0.7149232837099891,6.477802986581324,0.40932188420379473
18.42,-29.164850205483745,14.8461404365775,-1.4321664119840052,24.399288074225193,-0.43516016821555514,0.7148452014439464,6.472137827464649,0.409279524411879
18.44,-29.30744148891109,14.379452077502089,-1.4178695079551262,24.40240559818355,-0.43516846345331245,0.7147700649820283,6.466443307858073,0.4092358825169072
18.46,-29.443367481259756,13.910714112947671,-1.4035741066554857,24.40550425831953,-0.43517707768744257,0.7146978423896215,6.460719453594468,0.4091909586555913
18.48,-29.572599478100376,13.440022343869646,-1.3892801498076932,24.408584166657782,-0.4351860564217071,0.7146284531479931,6.454966290639773,0.4091447529686592
18.5,-29.69511015519932,12.967472958435915,-1.3749875807447334,24.411645434614808,-0.43519544318379616,0.7145617696579362,6.44918384509289,0.40909726560085413
18.52,-29.810873573277792,12.493162512147693,-1.3606963453515746,24.414688173001366,-0.4352052786048801,0.7144976197334016,6.443372143185562,0.4090484967009343
18.54,-29.91986518249518,12.0171879079179,-1.3464063929569066,24.417712492024826,-0.4352155995579088,0.714435790034639,6.437531211282245,0.40899844642167243
18.56,-30.022061826661123,11.539646376111259,-1.3321176771562138,24.42071850129155,-0.4352264383728267,0.7143760303705696,6.431661075879999,0.40894711491985536
18.580000000000002,-30.117441747180518,11.060635454549724,-1.3178301565488024,24.42370630980927,-0.43523782214529366,0.7143180587817307,6.425761763608365,0.4088945023562834
18.6,-30.20598458673538,10.5802529684864,-1.303543795373168,24.42667602598946,-0.4352497721535689,0.7142615672985791,6.419833301229241,0.4088406088957698
18.62,-30.287671392707065,10.098597010550602,-1.2892585640271963,24.429627757649733,-0.43526230339597516,0.714206228255587,6.413875715636764,0.4087854347071405
18.64,-30.36248462034188,9.615765920666307,-1.2749744394620846,24.432561612016197,-0.43527542425885135,0.7141517010296742,6.407889033857186,0.40872897996323343
18.66,-30.430408135662436,9.131858265945887,-1.260691405441491,24.435477695725858,-0.4352891363221856,0.7140976390624019,6.401873283048754,0.40867124484089773
18.68,-30.491427218126514,8.64697282056066,-1.246409452660243,24.43837611482899,-0.4353034343072425,0.7140436970191523,6.395828490501583,0.40861222952099374
18.7,-30.545528563034452,8.16120854558962,-1.23212857871986,24.441256974791525,-0.435318306167532,0.7139895379354139,6.389754683637536,0.40855193418839186
18.72,-30.592700283685314,7.6746645688474855,-1.2178487879611517,24.44412038049743,-0.43533373332146114,0.7139348402003304,6.383651890010095,0.40849035903197256
18.740000000000002,-30.632931913281354,7.187440164693147,-1.2035700911571452,24.446966436251106,-0.43534969102203963,0.7138793042308554,6.377520137304241,0.4084275042446251
18.76,-30.666214406579474,6.69963473381962,-1.189292505072528,24.449795245779754,-0.43536614885612823,0.7138226586961341,6.371359453336328,0.4083633700232475
18.78,-30.692540141287726,6.2113477830266515,-1.1750160518986053,24.452606912235773,-0.4353830713629929,0.713764666160969,6.365169866053951,0.40829795656874573
18.8,-30.711902919204118,5.722678904977329,-1.160740758575386,24.45540153819914,-0.43540041875941216,0.7137051280292338,6.358951403535826,0.408231264086033
18.82,-30.72429796709439,5.233727757940254,-1.1464666560148014,24.4581792256798,-0.43541814775633214,0.7136438886826136,6.352704093991658,0.40816329278402924
18.84,-30.729721937304888,4.744594045519182,-1.1321937782411489,24.460940076120036,-0.4354362124501246,0.7135808387267885,6.346427965762019,0.40809404287566026
18.86,-30.72817290810614,4.255377496372369,-1.117922161466613,24.463684190396872,-0.4354545652699142,0.7135159172757687,6.340123047318208,0.40802351457785746
18.88,-30.719650383762424,3.766177843924298,-1.1036518431210975,24.466411668824446,-0.4354731579612419,0.7134491132251648,6.3337893672621375,0.4079517081115566
18.900000000000002,-30.70415529432237,3.2770948060729186,-1.0893828608565945,24.469122611156386,-0.43549194258554,0.713380465486281,6.327426954326187,0.4078786237016977
18.92,-30.68168999512541,2.7882280648960065,-1.075115251546869,24.471817116588205,-0.4355108725145351,0.7133100621746646,6.321035837373092,0.4078042615772238
18.94,-30.652258266019086,2.299677246360734,-1.0608490503033758,24.474495283759673,-0.43552990339877085,0.7132380387686136,6.314616045395789,0.4077286219710807
18.96,-30.615865310282125,1.811541900041048,-1.0465842895280035,24.4771572107572,-0.4355489940899555,0.7131645752747242,6.3081676075173085,0.40765170512021587
18.98,-30.572517753248622,1.323921478847909,-1.032320998022509,24.47980299511621,-0.4355681074977747,0.7130898924583791,6.301690552990626,0.40757351126557795
19.0,-30.522223640628916,0.8369153187778947,-1.0180592001733415,24.482432733823526,-0.4355872113631547,0.7130142472167005,6.295184911198534,0.40749404065211575
19.02,-30.464992436523318,0.3506226186860643,-1.0037989152290074,24.485046523319735,-0.4356062789316829,0.7129379271895262,6.2886507116535135,0.4074132935287779
19.04,-30.400835021125406,-0.13485757991067038,-0.9895401566852167,24.487644459501567,-0.4356252895129561,0.7128612447199952,6.282087983997593,0.4073312701485116
19.06,-30.32976368811225,-0.6194264129931459,-0.9752829317908169,24.490226637724266,-0.4356442289139921,0.7127845302900653,6.275496758002217,0.40724797076826214
19.080000000000002,-30.251792141719747,-1.1029852141557905,-0.9610272411850156,24.49279315280396,-0.4356630897374559,0.7127081255674124,6.2688770635681115,0.4071633956489718
19.1,-30.166935493502006,-1.5854355346718534,-0.9467730786736674,24.495344099020024,-0.43568187153826154,0.712632376208441,6.262228930725153,0.4070775450555795
19.12,-30.075210258774636,-2.066679163501119,-0.9325204311494986,24.49787957011746,-0.4357005808350641,0.7125576245674126,6.25555238963222,0.40699041925701956
19.14,-29.97663435274261,-2.5466181472332527,-0.9182692786581503,24.500399659309235,-0.43571923097617826,0.7124842024638485,6.248847470577065,0.4069020185262209
19.16,-29.871227086314292,-3.025154809960048,-0.9040195946088732,24.50290445927867,-0.43573784186250375,0.712412424159341,6.242114203976179,0.40681234314010634
19.18,-29.759009161604073,-3.5021917730700602,-0.8897713461256864,24.50539406218178,-0.43575643953302573,0.7123425796907297,6.235352620374648,0.4067213933795918
19.2,-29.640002667126932,-3.9776319749594045,-0.8755244945318719,24.50786855964963,-0.4357750556213367,0.7122749286993493,6.228562750446015,0.40662916952958506
19.22,-29.51423107268891,-4.451378690652856,-0.861278995957885,24.510328042790704,-0.43579372669433214,0.7122096948858795,6.2217446249921435,0.4065356718789853
19.240000000000002,-29.381719223978333,-4.923335551329819,-0.8470348020601675,24.512772602193234,-0.43581249348670675,0.7121470612074432,6.214898274943078,0.4064409007206818
19.26,-29.242493336863088,-5.393406563750207,-0.8327918608360187,24.515202327927565,-0.43583140004707477,0.7120871659182462,6.208023731356901,0.4063448563515533
19.28,-29.09658099139994,-5.8614961295758,-0.8185501175176539,24.517617309548488,-0.4358504928134036,0.7120300995375832,6.201121025419595,0.40624753907246713
19.3,-28.944011125562113,-6.327509064583182,-0.8043095155269024,24.52001763609758,-0.4358698196369511,0.7119759028097719,6.194190188444895,0.4061489491882779
19.32,-28.78481402869182,-6.791350617764941,-0.7900699974707068,24.52240339610556,-0.435889428774999,0.7119245656999573,6.187231251874157,0.40604908700782677
19.34,-28.61902133468445,-7.252926490316332,-0.7758315061567078,24.524774677594596,-0.4359093678733532,0.7118760274481425,6.180244247276201,0.4059479528439406
19.36,-28.446666014911294,-7.712142854505201,-0.7615939856077452,24.52713156808066,-0.4359296829598253,0.7118301776817356,6.1732292063471865,0.4058455470134308
19.38,-28.26778237088747,-8.168906372423418,-0.7473573820541102,24.529474154575833,-0.4359504174697075,0.7117868585647903,6.166186160910449,0.4057418698370924
19.400000000000002,-28.08240602669168,-8.62312421461859,-0.7331216448828144,24.53180252359066,-0.43597161132361506,0.7117458679404363,6.159115142916372,0.4056369216397029
19.42,-27.890573921143897,-9.074704078605176,-0.7188867275240058,24.53411676113644,-0.4359933000770029,0.7117069634021882,6.152016184442229,0.40553070275002157
19.44,-27.692324299746893,-9.52355420725454,-0.704652588255962,24.53641695272755,-0.43601551415919176,0.7116698672103472,6.1448893176920505,0.4054232135007882
19.46,-27.487696706396783,-9.96958340706365,-0.6904191909117552,24.538703183383774,-0.43603827821789587,0.7116342719519506,6.137734574996462,0.405314454228722
19.48,-27.276731974867303,-10.412701066302418,-0.6761865054727161,24.54097553763259,-0.43606161058305953,0.7115998468270776,6.130551988812556,0.40520442527452066
19.5,-27.059472220071857,-10.85281717303965,-0.6619545085361747,24.543234099511483,-0.43608552286134017,0.7115662444311049,6.123341591723729,0.40509312698285926
19.52,-26.835960829106572,-11.289842333047682,-0.6477231836475523,24.54547895257025,-0.4361100196698614,0.7115331078920145,6.116103416439543,0.4049805597023892
19.54,-26.606242452076977,-11.723687787585572,-0.6334925214897122,24.54771017987328,-0.4361350985149652,0.7115000782142881,6.108837495795577,0.4048667237857371
19.56,-26.370362992710092,-12.154265431060624,-0.6192625199254262,24.549927864001873,-0.43616074981867453,0.7114668016764775,6.101543862753268,0.4047516195895038
19.580000000000002,-26.128369598753,-12.58148782856767,-0.605033183891897,24.552132087056496,-0.43618695709250044,0.7114329371282694,6.094222550399774,0.4046352474742628
19.6,-25.880310652158283,-13.005268233305223,-0.5908045251493315,24.554322930659087,-0.4362136972551547,0.711398163034832,6.0868735919478185,0.40451760780456
19.62,-25.62623575905597,-13.425520603867136,-0.5765765618886349,24.556500475955325,-0.4362409410877275,0.7113621841213817,6.0794970207355385,0.4043987009489114
19.64,-25.366195739511127,-13.84215962140798,-0.5623493182062074,24.558664803616903,-0.43626865381701607,0.7113247374791298,6.072092870226336,0.404278527279803
19.66,-25.100242617065625,-14.25510070667973,-0.5481228234566249,24.560815993843796,-0.43629679581501285,0.7112855980049096,6.06466117400872,0.4041570871736891
19.68,-24.828429608062205,-14.664260036936852,-0.5338971114965267,24.562954126366527,-0.43632532340012975,0.7112445830605785,6.05720196579617,0.4040343810109912
19.7,-24.55081111074864,-15.069554562706232,-0.5196722198353152,24.56507928044843,-0.43635418972360357,0.711201556254494,6.04971527942696,0.40391040917609683
19.72,-24.26744269415953,-15.47090202441783,-0.5054481887102256,24.567191534887893,-0.4363833457227392,0.7111564302655825,6.042201148864023,0.4037851720573583
19.740000000000002,-23.9783810867732,-15.86822096889135,-0.49122506010491396,24.569290968020614,-0.43641274112123957,0.7111091686504164,6.034659608194791,0.4036586700470916
19.76,-23.683684164941123,-16.26143076567364,-0.47700287673190545,24.571377657721843,-0.4364423254558756,0.7110597865948627,6.027090691631042,0.4035309035415751
19.78,-23.383410941087465,-16.650451623221088,-0.46278168100000805,24.573451681408624,-0.43647204910818244,0.7110083505938014,6.019494433508739,0.40340187294104835
19.8,-23.077621551676554,-17.035204604920732,-0.4485615139881318,24.57551311604202,-0.4365018643197482,0.710954977064709,6.01187086828788,0.4032715786497106
19.82,-22.76637724494643,-17.415611644943564,-0.43434241444683774,24.577562038129354,-0.43653172616998226,0.7108998299230656,6.004220030552342,0.40314002107571995
19.84,-22.44974036840707,-17.791595563923053,-0.4201244178483763,24.579598523726414,-0.4365615934960157,0.710843117169154,5.996541955009721,0.40300720063119155
19.86,-22.127774356102456,-18.163080084451867,-0.40590755550499313,24.581622648439687,-0.4365914297355702,0.7107850865563616,5.988836676491173,0.40287311773219703
19.88,-21.80054371563618,-18.529989846389547,-0.39169185377386606,24.583634487428558,-0.436621203675218,0.7107260204302209,5.981104229951267,0.40273777279876233
19.900000000000002,-21.46811401496107,-18.892250421973984,-0.37747733336526146,24.585634115407526,-0.43665089008840485,0.7106662298446816,5.973344650467804,0.4026011662548671
19.92,-21.130551868933946,-19.24978833072962,-0.36326400876836784,24.587621606648398,-0.43668047024988466,0.7106060480771572,5.965557973241689,0.402463298528443
19.94,-20.78792492563739,-19.6025310541655,-0.3490518878068247,24.589597034982482,-0.43670993231576877,0.7105458236764263,5.957744233596743,0.40232417005137244
19.96,-20.440301852471208,-19.950407050256697,-0.33484097133329627,24.591560473802787,-0.4367392715611718,0.7104859131872218,5.949903466979555,0.4021837812594872
19.98,-20.087752322016954,-20.29334576770296,-0.32063125306955165,24.59351199606619,-0.4367684904703842,0.7104266737021286,5.942035708959326,0.40204213259256727
20.0,-19.73034699767967,-20.631277659959014,-0.30642271959550893,24.59545167429563,-0.4367975986775547,0.7103684553950642,5.934140995227697,0.4018992244943391
20.02,-19.368157519111673,-20.96413419903154,-0.2922153504876075,24.59737958058227,-0.43682661275896556,0.7103115941910855,5.926219361598594,0.40175505741247464
20.04,-19.001256487423802,-21.291847889038458,-0.27800911860378585,24.599295786587657,-0.4368555558810581,0.7102564047245328,5.918270844008062,0.40160963179858933
20.06,-18.629717450190185,-21.61435227952692,-0.26380399050929526,24.601200363545896,-0.4368844573113608,0.7102031737316226,5.910295478514106,0.4014629481082416
20.080000000000002,-18.253614886253008,-21.931581978547136,-0.24959992703466272,24.60309338226579,-0.4369133518023173,0.7101521540147049,5.902293301296523,0.40131500680093046
20.1,-17.873024190334174,-22.243472665479917,-0.23539688395436853,24.604974913133,-0.43694227886065434,0.7101035591036267,5.894264348656741,0.40116580834009474
20.12,-17.488021657461033,-22.549961103616607,-0.2211948127722958,24.606845026112175,-0.4369712819173081,0.7100575587252862,5.886208657017654,0.4010153531931114
20.14,-17.098684467213552,-22.85098515249084,-0.2069936615977901,24.608703790749093,-0.43700040741500085,0.7100142751757923,5.878126262923456,0.4008636418312939
20.16,-16.70509066780036,-23.146483779962253,-0.19279337609427438,24.610551276172785,-0.4370297038322769,0.7099737806710033,5.87001720303947,0.4007106747298912
20.18,-16.307319159971087,-23.43639707405297,-0.17859390048085455,24.61238755109766,-0.43705922066413777,0.7099360957310029,5.861881514151992,0.4005564523680858
20.2,-15.905449680772291,-23.720666254538298,-0.16439517856623453,24.61421268382563,-0.43708900738032885,0.7099011886326995,5.853719233168123,0.40040097522899226
20.22,-15.499562787153984,-23.99923368429358,-0.15019715479358053,24.616026742248202,-0.4371191123828091,0.7098689759426182,5.845530397115585,0.40024424379965606
20.240000000000002,-15.089739839433522,-24.27204288039957,-0.13599977527472795,24.617829793848593,-0.43714958198396686,0.7098393241196026,5.837315043142576,0.40008625857105184
20.26,-14.676062984623167,-24.539038525009087,-0.12180298879233575,24.619621905703823,-0.4371804594267306,0.7098120521549798,5.829073208517589,0.3999270200380818
20.28,-14.258615139627155,-24.80016647597781,-0.10760674774923595,24.62140314448681,-0.43721178396687127,0.709786935196236,5.820804930629245,0.3997665286995742
20.3,-13.837479974313599,-25.05537377726233,-0.0934110090453113,24.623173576468446,-0.43724359003651836,0.7097637090798524,5.812510246986119,0.3996047850582819
20.32,-13.412741894465977,-25.304608669088374,-0.07921573486371436,24.62493326751968,-0.43727590650624537,0.7097420756801079,5.80418919521658,0.39944178962088067
20.34,-12.984486024618336,-25.547820597892176,-0.06502089335011219,24.626682283113585,-0.43730875606104974,0.7097217089636971,5.795841813068614,0.3992775428979676
20.36,-12.552798190777773,-25.784960226037516,-0.050826459170838056,24.628420688327427,-0.4373421547032077,0.7097022616253821,5.787468138409647,0.3991120454040596
20.38,-12.11776490303712,-26.01597944131074,-0.03663241393833028,24.630148547844716,-0.4373761113923674,0.7096833721678074,5.779068209226386,0.3989452976575917
20.400000000000002,-11.679473338080207,-26.240831366195557,-0.022438746494974016,24.631865925957257,-0.4374106278304117,0.7096646722793926,5.7706420636246385,0.3987773001809154
20.42,-11.238011321581526,-26.459470366928773,-0.008245453049386064,24.633572886567205,-0.43744569839563496,0.709645794357999,5.762189739829141,0.3986080535002972
20.44,-10.793467310501633,-26.671852062337653,0.005947462837773809,24.63526949318908,-0.437481310227693,0.7096263790250384,5.753711276183388,0.39843755814591686
20.46,-10.34593037527919,-26.87793333245874,0.02013999041827441,24.63695580895182,-0.4375174434616738,0.7096060824748557,5.745206711149449,0.39826581465186545
20.48,-9.89549018192023,-27.07767232693735,0.034332112067771536,24.63863189660079,-0.4375540716065556,0.7095845835076181,5.73667608330781,0.3980928235561442
20.5,-9.442236973984913,-27.271028473206137,0.04852380373792409,24.640297818499796,-0.43759116206033527,0.7095615901004769,5.728119431357184,0.3979185854006626
20.52,-8.986261554471914,-27.45796248444035,0.06271503553993352,24.64195363663311,-0.43762867675129047,0.7095368453813128,5.71953679411434,0.3977431007312364
20.54,-8.527655267600458,-27.638436367286694,0.0769057724475597,24.643599412607465,-0.437666572892229,0.7095101328817117,5.710928210513933,0.39756637009758633
20.56,-8.066509980490066,-27.812413429361946,0.09109597510519407,24.645235207654036,-0.43770480383224997,0.7094812809607289,5.702293719608321,0.3973883940533363
20.580000000000002,-7.60291806473814,-27.979858286516823,0.10528560072440873,24.646861082630455,-0.43774331998852467,0.7094501663081069,5.693633360567378,0.3972091731560113
20.6,-7.136972377895752,-28.14073686985997,0.11947460405057075,24.648477098022767,-0.43778206983895274,0.7094167164546255,5.684947172678346,0.3970287079670362
20.62,-6.668766244842262,-28.29501643253648,0.13366293837966303,24.650083313947423,-0.4378210009552932,0.70938091123774,5.676235195345629,0.3968469990517337
20.64,-6.198393439059736,-28.44266555625485,0.1478505566044177,24.65167979015324,-0.4378600610555317,0.7093427831922066,5.667497468090616,0.39666404697932234
20.66,-5.725948163808601,-28.58365415755601,0.16203741226826196,24.653266586023356,-0.4378991990538471,0.7093024168575353,5.6587340305515195,0.39647985232291516
20.68,-5.2515250332064,-28.717953493817934,0.17622346060541272,24.654843760577197,-0.4379383660865873,0.7092599470164072,5.6499449224831855,0.3962944156595176
20.7,-4.775219053212087,-28.84553616898912,0.19040865954574082,24.656411372472412,-0.43797751649315514,0.7092155559001871,5.6411301837569034,0.39610773757002593
20.72,-4.297125602518815,-28.966376139044417,0.20459297066374438,24.657969480006813,-0.43801660873163,0.7091694694188834,5.632289854360243,0.39591981863922515
20.740000000000002,-3.817340413358751,-29.080448717156848,0.21877636005212198,24.659518141120305,-0.43805560621029116,0.7091219524929374,5.6234239743968635,0.39573065945578734
20.76,-3.3359595522240273,-29.187730578579334,0.23295879910198058,24.66105741339682,-0.43809447801793344,0.7090733035826571,5.61453258408633,0.3955402606122699
20.78,-2.853079400508459,-29.28819976523072,0.24714026517363363,24.662587354066225,-0.4381331995379451,0.7090238485275417,5.605615723763938,0.3953486227051134
20.8,-2.368796635075214,-29.38183568998103,0.2613207421441843,24.66410802000624,-0.4381717529335009,0.7089739338218841,5.59667343388052,0.3951557463346398
20.82,-1.8832082087560649,-29.46861914063155,0.27550022082062187,24.665619467744328,-0.4382101274938686,0.7089239194645511,5.587705755002275,0.39496163210505103
20.84,-1.3964113307882995,-29.548532283586006,0.28967869920991296,24.667121753459607,-0.4382483198346752,0.7088741715295466,5.578712727810572,0.3947662806244263
20.86,-0.908503447195703,-29.62155866721006,0.30385618264050374,24.668614932984724,-0.43828633394797384,0.708825054609629,5.569694393101778,0.394569692504721
20.88,-0.41958222112031685,-29.687683224877023,0.31803268373269633,24.670099061807747,-0.4383241811010309,0.7087769242878319,5.560650791787058,0.3943718683617641
20.900000000000002,0.07025448688812524,-29.746892277698766,0.33220822221845303,24.671574195074026,-0.4383618795858535,0.7087301197911102,5.551581964892204,0.3941728088152565
20.92,0.5609086386180728,-29.7991735369416,0.3463828246142753,24.673040387588074,-0.43839945432453603,0.7086849569765732,5.542487953557439,0.3939725144887694
20.94,1.052282037970308,-29.84451610612788,0.36055652375380687,24.674497693815415,-0.4384369363384576,0.7086417217939223,5.533368799037236,0.3937709860097418
20.96,1.5442763507533965,-29.88291048282498,0.37472935818968534,24.675946167884444,-0.4384743620921508,0.7086006643579228,5.5242245427001295,0.39356822400947894
20.98,2.036793124493621,-29.914348560124047,0.38890137147684367,24.67738586358826,-0.4385117727252292,0.7085619937522322,5.515055226028519,0.39336422912315
21.0,2.529733808252805,-29.93882362781191,0.4030726113518881,24.678816834386517,-0.4385492131880519,0.7085258736709068,5.505860890618498,0.3931590019897864
21.02,3.022999772447751,-29.95633037324001,0.417243128825306,24.68023913340724,-0.4385867312987755,0.7084924189867517,5.496641578179656,0.3929525432522798
21.04,3.5164923286653873,-29.966864881895035,0.43141297720504124,24.68165281344866,-0.4386243767410503,0.7084616933166872,5.48739733053488,0.3927448535573796
21.06,4.010112749468141,-29.970424637676306,0.44558221107137497,24.68305792698102,-0.43866220002283485,0.7084337076339023,5.478128189620184,0.3925359335556916
21.080000000000002,4.5037622881845465,-29.967008522885454,0.45975088522405283,24.684454526148386,-0.4387002514175961,0.7084084199551334,5.468834197484506,0.39232578390167555
21.1,4.997342198680583,-29.95661681793412,0.4739190536231557,24.68584266277044,-0.4387385799095233,0.7083857361094109,5.459515396289519,0.3921144052536433
21.12,5.490753755107779,-29.93925120077561,0.4880867683453438,24.687222388344285,-0.43877723216430065,0.7083655115724922,5.45017182830944,0.39190179827375626
21.14,5.983898271624624,-29.91491474606641,0.5022540785767937,24.68859375404622,-0.4388162515464602,0.7083475543294139,5.440803535930844,0.3916879636280241
21.16,6.476677122088364,-29.883611924063324,0.5164210296633822,24.689956810733527,-0.4388556772033839,0.7083316287065836,5.43141056165246,0.3914729019863022
21.18,6.968991759714731,-29.845348599261783,0.5305876622375139,24.691311608946226,-0.4388955432346588,0.7083174600950191,5.4219929480849895,0.3912566140222893
21.2,7.460743736703617,-29.80013202878051,0.544754011439414,24.692658198908855,-0.4389358779637442,0.7083047404681743,5.41255073795091,0.3910391004135261
21.22,7.951834723829096,-29.74797086049715,0.5589201062487774,24.693996630532215,-0.4389767033268193,0.7082931345815678,5.403083974084273,0.39082036184139246
21.240000000000002,8.442166529992535,-29.688875130939024,0.5730859689404086,24.695326953415123,-0.4390180343912816,0.7082822867275694,5.393592699430525,0.3906003989911056
21.26,8.931641121737812,-29.622856262932373,0.58725161467496,24.696649216846147,-0.4390598790137215,0.7082718279074164,5.3840769570462985,0.390379212551718
21.28,9.420160642727826,-29.549927063012866,0.6014170512331081,24.697963469805345,-0.4391022376443478,0.7082613832740824,5.374536790099225,0.390156803216115
21.3,9.907627433181622,-29.470101718599217,0.6155822788985899,24.699269760965986,-0.43914510328185097,0.7082505796941939,5.364972241867738,0.38993317168101294
21.32,10.393944049271427,-29.38339579493107,0.6297472904924737,24.700568138696273,-0.4391884615796223,0.7082390532748551,5.355383355740875,0.38970831864695665
21.34,10.879013282478862,-29.28982623177142,0.6439120715579709,24.701858651061045,-0.4392322911011629,0.7082264567020689,5.345770175218076,0.38948224481831745
21.36,11.362738178909423,-29.189411339873093,0.6580766006920125,24.703141345823493,-0.4392765637194757,0.7082124662414154,5.336132743908994,0.3892549509032908
21.38,11.84502205856408,-29.082170797207937,0.6722408500168409,24.704416270446842,-0.4393212451523067,0.7081967882586501,5.326471105533299,0.3890264376138945
21.400000000000002,12.325768534566548,-28.968125644956793,0.6864047857820141,24.70568347209605,-0.43936629562233737,0.7081791651278012,5.316785303920464,0.3887967056659658
21.42,12.804881532344375,-28.8472982832575,0.7005683690845701,24.70694299763949,-0.4394116706288945,0.7081593804069458,5.307075383009595,0.38856575577915975
21.44,13.282265308761591,-28.719712466707758,0.7147315566927093,24.708194893650607,-0.43945732181548297,0.7081372631768671,5.297341386849195,0.38833358867694645
21.46,13.757824471200129,-28.58539329961905,0.7288943019562466,24.709439206409602,-0.43950319791550596,0.7081126914549442,5.287583359596992,0.38810020508660925
21.48,14.231463996586767,-28.44436723101762,0.7430565557853455,24.710675981905084,-0.4395492457569619,0.7080855946155183,5.277801345519732,0.3878656057392423
21.5,14.703089250361753,-28.296662049388104,0.757218267677656,24.711905265835718,-0.43959541130571766,0.7080559547682497,5.26799538899297,0.38762979136974784
21.52,15.172606005384775,-28.14230687715539,0.7713793867730212,24.713127103611875,-0.43964164072619055,0.7080238070672034,5.258165534500878,0.38739276271683465
21.54,15.63992046077337,-27.98133216490024,0.7855398629143653,24.714341540357264,-0.43968788143793097,0.7079892389451292,5.248311826636041,0.3871545205230152
21.56,16.1049392606684,-27.813769685304326,0.7996996476932678,24.71554862091056,-0.439734083146695,0.7079523882892265,5.238434310099247,0.3869150655346035
21.580000000000002,16.567569512920713,-27.639652526820658,0.8138586954590523,24.716748389827025,-0.4397801988291295,0.7079134405961098,5.228533029699297,0.38667439850171276
21.6,17.027718807692754,-27.4590150870657,0.8280169642709745,24.717940891380128,-0.439826185651146,0.7078726251643436,5.218608030352798,0.386432520178253
21.62,17.485295235968454,-27.27189306592996,0.8421744167742613,24.719126169563143,-0.43987200580141667,0.7078302104023183,5.208659357083947,0.3861894313219288
21.64,17.940207407964532,-27.078323458404466,0.8563310209823074,24.720304268090757,-0.4399176272231583,0.707786498347064,5.198687055024344,0.3859451326942366
21.66,18.392364471436114,-26.878344547121237,0.8704867509492491,24.721475230400653,-0.4399630242294399,0.7077418185054288,5.188691169412778,0.38569962506046285
21.68,18.841676129869462,-26.67199589460652,0.8846415873193578,24.722639099655098,-0.4400081779896156,0.7076965211426182,5.178671745595022,0.38545290918968106
21.7,19.28805266055463,-26.45931833524648,0.8987955177422098,24.72379591874252,-0.4400530768771,0.7076509701541084,5.168628829023628,0.3852049858547499
21.72,19.731404932530893,-26.240353966965827,0.9129485371452919,24.72494573027908,-0.4400977166715104,0.7076055356651894,5.158562465257729,0.38495585583231035
21.740000000000002,20.17164442439805,-26.015146142620733,0.9271006478585955,24.726088576610234,-0.44014210061114906,0.7075605865077317,5.148472699962809,0.3847055199027833
21.76,20.60868324198692,-25.783739461108247,0.9412518595887498,24.727224499812277,-0.44018623929482126,0.7075164827260608,5.1383595789105305,0.3844539788503676
21.78,21.04243413588273,-25.546179758195336,0.9554021892432711,24.728353541693902,-0.4402301504350269,0.7074735682630601,5.128223147978498,0.3842012334630371
21.8,21.472810518795526,-25.302514097071395,0.9695516606085324,24.729475743797742,-0.44027385846756034,0.7074321639738194,5.118063453150059,0.3839472845325382
21.82,21.899726482772294,-25.052790758628902,0.9837003038880088,24.730591147401892,-0.44031739402544495,0.7073925611073709,5.107880540514098,0.38369213285438764
21.84,22.323096816245947,-24.797059231477558,0.9978481551101561,24.73169979352144,-0.440360793287857,0.7073550153874595,5.097674456264832,0.38343577922786987
21.86,22.74283702091706,-24.535370201697866,1.0119952554179052,24.732801722909986,-0.4404040972172053,0.7073197418110794,5.087445246701581,0.38317822445603444
21.88,23.158863328464832,-24.267775542340598,1.026141650254127,24.733896976061157,-0.440447350699776,0.7072869102689191,5.0771929582285855,0.3829194693456937
21.900000000000002,23.57109271708438,-23.994328302679023,1.0402873884595056,24.734985593210094,-0.4404906016072803,0.7072566420751846,5.066917637354775,0.3826595147074202
21.92,23.97944292784821,-23.71508269722106,1.0544325213010097,24.736067614334967,-0.4405338997982246,0.7072290074758675,5.056619330693568,0.38239836135554395
21.94,24.38383248089032,-23.430094094488663,1.0685771014505274,24.737143079158454,-0.4405772960792143,0.7072040241847438,5.046298084962652,0.3821360101081501
21.96,24.784180691411958,-23.139419005571828,1.0827211819342226,24.738212027149224,-0.440620841147096,0.7071816569756506,5.0359539469837795,0.3818724617870765
21.98,25.180407685508744,-22.843115072464556,1.0968648150737357,24.739274497523414,-0.4406645845332075,0.7071618183383015,5.025586963682551,0.3816077172179106
22.0,25.572434415819252,-22.541241056189868,1.1110080514405016,24.74033052924609,-0.4407085735709457,0.7071443701834904,5.015197182088207,0.38134177722998747
22.02,25.960182676995704,-22.23385682472075,1.1251509388441718,24.741380161032716,-0.44075285240737405,0.7071291265624394,5.004784649333404,0.3810746426563867
22.04,26.343575120997652,-21.921023340703467,1.1392935213754205,24.7424234313506,-0.4407974610786874,0.7071158573447033,4.9943494126540156,0.38080631433393025
22.06,26.722535272209925,-21.602802648989215,1.1534358385223147,24.743460378420334,-0.44084243466805034,0.7071042927798225,4.983891519388904,0.38053679310317945
22.080000000000002,27.09698754238618,-21.279257863979545,1.1675779243779107,24.74449104021725,-0.44088780256265175,0.7070941288502655,4.9734110169797185,0.3802660798084327
22.1,27.466857245419497,-20.950453156790353,1.1817198069549164,24.745515454472837,-0.4409335878248103,0.7070850333074088,4.962907952970668,0.3799941752977223
22.12,27.83207061194139,-20.616453742238573,1.1958615076210641,24.746533658676164,-0.4409798066896596,0.7070766522687418,4.952382375008318,0.37972108042281255
22.14,28.192554803750497,-20.27732586565506,1.2100030406664395,24.747545690075302,-0.4410264681993902,0.7070686172433812,4.941834330841352,0.37944679603919634
22.16,28.54823792807191,-19.933136789526387,1.2241444130113068,24.748551585678737,-0.44107357398127317,0.7070605524445789,4.931263868320386,0.3791713230060929
22.18,28.899049051647772,-19.583954779967627,1.2382856240601985,24.749551382256765,-0.4411211181738017,0.7070520822423794,4.9206710353977305,0.3788946621864452
22.2,29.24491821465934,-19.229849093027532,1.2524266657050465,24.750545116342895,-0.44116908750231104,0.70704283860699,4.9100558801271745,0.37861681444691664
22.22,29.585776444480192,-18.87088996082688,1.2665675224771862,24.751532824235227,-0.44121746150244373,0.7070324683938856,4.8994184506637755,0.37833778065788914
22.240000000000002,29.921555769259683,-18.507148577530163,1.2807081718450641,24.75251454199784,-0.4412662128868659,0.7070206403250856,4.888758795263634,0.37805756169345983
22.26,30.252189231335088,-18.138697085150344,1.2948485846515663,24.75349030546217,-0.4413153080477828,0.7070070515273976,4.87807696228368,0.3777761584314385
22.28,30.577610900470262,-17.76560855918595,1.3089887256821147,24.754460150228365,-0.44136470768509256,0.7069914334975493,4.8673730001814475,0.377493571753345
22.3,30.897755886917928,-17.38795699408944,1.3231285543520652,24.755424111666663,-0.4414143675475209,0.7069735573758503,4.856646957514863,0.3772098025444062
22.32,31.212560354301992,-17.00581728856558,1.337268025499582,24.756382224918728,-0.4414642392718388,0.7069532384240819,4.845898882942013,0.37692485169355333
22.34,31.521961532315686,-16.61926523069841,1.3514070902680633,24.757334524899,-0.441514271303329,0.7069303396194354,4.835128825220935,0.37663872009341925
22.36,31.8258977292306,-16.228377482905366,1.365545697060452,24.758281046296048,-0.44156440987906836,0.7069047742941514,4.824336833209394,0.3763514086403357
22.38,32.12430834421117,-15.833231566717233,1.3796837925463352,24.75922182357388,-0.4416146000543702,0.706876507769713,4.813522955864652,0.3760629182343303
22.400000000000002,32.41713387942862,-15.433905847382745,1.3938213227017293,24.76015689097329,-0.4416647867518972,0.7068455579546079,4.802687242243259,0.3757732497791238
22.42,32.70431595196784,-15.03047951829698,1.4079582338608212,24.76108628251315,-0.44171491581253863,0.7068119948954064,4.79182974150082,0.37548240418212747
22.44,32.98579730552054,-14.623032585253064,1.4220944737587295,24.76201003199176,-0.4417649350271411,0.7067759392917703,4.780950502891779,0.37519038235443997
22.46,33.26152182185742,-14.211645850517124,1.4362299925445647,24.76292817298811,-0.44181479512859756,0.7067375600066171,4.770049575769189,0.37489718521084453
22.48,33.53143453207229,-13.796400896727004,1.4503647437446974,24.76384073886321,-0.4418644507246209,0.7066970706225714,4.7591270095845015,0.37460281366980636
22.5,33.79548162759084,-13.377380070615821,1.4644986851571486,24.76474776276136,-0.4419138611527383,0.7066547251146943,4.748182853887314,0.37430726865346936
22.52,34.05361047093688,-12.954666466562044,1.4786317796594428,24.76564927761145,-0.4419629912406205,0.7066108127268746,4.737217158325179,0.3740105510876535
22.54,34.30576960624912,-12.528343909968472,1.4927639959139807,24.76654531612822,-0.44201181195676503,0.7065656521548803,4.726229972643361,0.3737126619018521
22.56,34.551908769541775,-12.098496940473131,1.5068953089570787,24.76743591081355,-0.4420603009387556,0.7065195851525987,4.715221346684607,0.37341360202922813
22.580000000000002,34.7919788987028,-11.665210794995762,1.5210257006601307,24.768321093957706,-0.44210844288876805,0.7064729696891698,4.704191330388932,0.3731133724066124
22.6,35.025932143224075,-11.228571390624221,1.5351551600539137,24.769200897640612,-0.44215622982864383,0.7064261727933323,4.693139973793387,0.37281197397449983
22.62,35.25372187365835,-10.788665307345756,1.5492836835097803,24.770075353733084,-0.44220366120964566,0.7063795632271976,4.682067327031829,0.37250940767704666
22.64,35.47530269079864,-10.3455797706286,1.5634112747743245,24.77094449389809,-0.4422507438748984,0.7063335041347362,4.670973440334703,0.37220567446206776
22.66,35.69063043457638,-9.89940263385992,1.5775379448570188,24.77180834959197,-0.44229749187543654,0.7062883458104274,4.659858364028796,0.37190077528103327
22.68,35.89966219267548,-9.45022236064651,1.5916637117732275,24.772666952065684,-0.4423439261436752,0.7062444187308534,4.648722148537032,0.3715947110890659
22.7,36.10235630886034,-8.998128006985018,1.6057886001478447,24.77352033236602,-0.4423900740309349,0.7062020269864882,4.637564844378229,0.37128748284493795
22.72,36.298672391016595,-8.543209203308713,1.6199126406875743,24.77436852133681,-0.44243596871832763,0.7061614422427426,4.626386502166866,0.37097909151106806
22.740000000000002,36.488571318904356,-8.085556136418008,1.634035869532429,24.775211549620163,-0.44248164851279664,0.7061228983485883,4.615187172612865,0.37066953805351827
22.76,36.672015251624416,-7.62525953130202,1.6481583274994005,24.77604944765764,-0.44252715604235254,0.70608658669804,4.6039669065213635,0.3703588234419916
22.78,36.848967634798754,-7.162410632858404,1.6622800592333613,24.776882245691468,-0.44257253736651375,0.7060526524346891,4.592725754792461,0.3700469486498278
22.8,37.01939320746738,-6.697101187518625,1.676401112282055,24.77770997376572,-0.4426178410196054,0.7060211915726479,4.581463768421013,0.36973391465400135
22.82,37.18325800870419,-6.229423424785607,1.6905215361135078,24.778532661727514,-0.44266311700586425,0.7059922490890245,4.570180998496392,0.36941972243511806
22.84,37.34052938395511,-5.7594700386904485,1.7046413810952883,24.77935033922817,-0.44270841576621567,0.7059658180237642,4.5588774962022445,0.36910437297741167
22.86,37.49117599110223,-5.287334169174495,1.7187606974557639,24.780163035724396,-0.44275378713710917,0.705941839602749,4.547553312816279,0.3687878672687415
22.88,37.6351678062581,-4.813109383402712,1.732879534247819,24.780970780479446,-0.4427992793219221,0.7059202043798389,4.536208499710016,0.36847020630058863
22.900000000000002,37.77247612929441,-4.336889657013774,1.746997938335416,24.781773602564282,-0.44284493789515295,0.7059007543734617,4.524843108348558,0.3681513910680531
22.92,37.90307358910958,-3.858769355311834,1.7611159534228848,24.782571530858718,-0.4428908048589442,0.7058832861538172,4.513457190290373,0.3678314225698509
22.94,38.026934148639796,-3.3788432144043745,1.7752336191459612,24.783364594052575,-0.4429369177704071,0.705867554818133,4.502050797187037,0.3675103018083107
22.96,38.14403310961767,-2.8972063222900406,1.7893509702423236,24.78415282064681,-0.4429833089567921,0.7058532787740673,4.490623980783009,0.3671880297893707
22.98,38.254347117082794,-2.4139540998997884,1.8034680358178052,24.784936238954653,-0.44303000483378774,0.705840145235633,4.479176792915401,0.3668646075225755
23.0,38.3578541636478,-1.9291822820941964,1.8175848387225182,24.785714877102738,-0.44307702534017274,0.7058278163222216,4.467709285513742,0.36654003602107305
23.02,38.45453359352335,-1.4429868986192913,1.8317013950489631,24.78648876303221,-0.4431243834997322,0.7058159356397182,4.45622151059973,0.3662143163016111
23.04,38.54436610630467,-0.9554642550227983,1.8458177137617575,24.787257924499848,-0.44317208511882705,0.7058041352135194,4.444713520287014,0.3658874493845346
23.06,38.62733376052182,-0.46671091353234956,1.859933796466028,24.78802238907917,-0.44322012862532384,0.7057920426366838,4.433185366780946,0.3655594362937821
23.080000000000002,38.703419976955104,0.023176326103143075,1.8740496373187616,24.78878218416153,-0.4432685050518069,0.7057792882925845,4.421637102378343,0.36523027805688246
23.1,38.77260954171628,0.5141004458079896,1.8881652230846129,24.789537336957217,-0.4433171981631565,0.7057655125103454,4.410068779467266,0.36489997570495225
23.12,38.834888609095444,1.005964228409309,1.90228053333482,24.790287874496542,-0.44336618472574796,0.7057503725130607,4.398480450526756,0.36456853027269154
23.14,38.890244704172794,1.498670276900998,1.9163955407850812,24.791033823630915,-0.44341543491275653,0.7057335490232503,4.386872168126619,0.3642359427983815
23.16,38.93866672519346,1.992121033741384,1.9305102117655464,24.791775211033933,-0.4434649128374015,0.7057147523971209,4.375243984927177,0.3639022143238809
23.18,38.98014494570314,2.4862188001837824,1.944624506813489,24.792512063202434,-0.44351457720347676,0.7056937281688109,4.363595953679028,0.36356734589462253
23.2,39.014671016441305,2.980865755639019,1.9587383813768655,24.793244406457575,-0.44356438206024673,0.7056702618977015,4.351928127222814,0.36323133855961043
23.22,39.04223796698824,3.475963977068741,1.9728517866148199,24.79397226694588,-0.4436142776467789,0.7056441832258475,4.340240558488973,0.3628941933714162
23.240000000000002,39.06284020716154,3.9714154584080266,1.9869646702793364,24.794695670640294,-0.443664211309071,0.705615369068302,4.328533300497508,0.36255591138617604
23.26,39.07647352815729,4.46712213001544,2.001076977660702,24.79541464334123,-0.4437141284719532,0.7055837458763013,4.316806406357732,0.362216493663587
23.28,39.08313510343058,4.962985878148255,2.015188652578228,24.796129210677602,-0.44376397364672104,0.7055492909315612,4.305059929268047,0.3618759412669043
23.3,39.08282348931003,5.4589085644601045,2.029299638396859,24.79683939810787,-0.44381369145480737,0.7055120326489754,4.293293922515684,0.36153425526293714
23.32,39.07553862534053,5.954792045517825,2.043409879049838,24.79754523092106,-0.443863227647538,0.7054720498844046,4.281508439476472,0.36119143672204623
23.34,39.061281834348584,6.450538192333758,2.0575193200475255,24.79824673423778,-0.44391253010214515,0.7054294702636326,4.269703533614595,0.36084748671814004
23.36,39.04005582222472,6.946048909909256,2.0716279094527987,24.79894393301124,-0.4439615497747262,0.7053844675675671,4.257879258482344,0.36050240632867103
23.38,39.011864677417464,7.441226156784657,2.08573559880415,24.79963685202827,-0.4440102415917217,0.7053372582269904,4.246035667719879,0.3601561966346332
23.400000000000002,38.97671387013398,7.935971964590489,2.0998423439686897,24.800325515910313,-0.44405856526273213,0.7052880969972996,4.234172815054985,0.35980885872055796
23.42,38.93461025124271,8.43018845759426,2.1139481059086354,24.80100994911442,-0.44410648599906427,0.7052372718993536,4.222290754302828,0.35946039367451094
23.44,38.88556205087402,8.923777872236776,2.128052851346622,24.80169017593425,-0.4441539751242703,0.7051850985264984,4.2103895393657105,0.3591108025880886
23.46,38.829578876715416,9.41664257665159,2.142156553317152,24.80236622050106,-0.44420101056507366,0.7051319138298046,4.198469224232825,0.358760086556415
23.48,38.7666717119987,9.908685090160954,2.1562591915937483,24.803038106784665,-0.4442475772134263,0.7050780695032691,4.18652986298001,0.358408246678138
23.5,38.69685291317716,10.399808102741416,2.1703607529838136,24.803705858594434,-0.4442936671529614,0.7050239250980918,4.1745715097695095,0.35805528405542597
23.52,38.62013620729179,10.889914494452087,2.184461231485775,24.804369499580247,-0.4443392797457517,0.70496984099994,4.162594218849722,0.35770119979396464
23.54,38.53653668902631,11.378907354818635,2.198560628305774,24.80502905323346,-0.4443844215779948,0.704916171405317,4.150598044554952,0.357345995002953
23.56,38.44607081745167,11.866690002166012,2.2126589517338804,24.805684542887864,-0.4444291062659807,0.704863257432733,4.138583041305174,0.3569896707951005
23.580000000000002,38.34875641246171,12.353166002893152,2.226756216882535,24.806335991720633,-0.44447335412639294,0.7048114205013045,4.126549263605774,0.35663222828662317
23.6,38.244612650902305,12.838239190683035,2.2408524452925604,24.80698342275327,-0.44451719171760296,0.7047609561038226,4.11449676604731,0.3562736685972401
23.62,38.13366006239725,13.321813685641814,2.2549476644146367,24.80762685885255,-0.4445606512610923,0.7047121280933019,4.102425603305265,0.3559139928501702
23.64,38.01592052487491,13.80379391336107,2.2690419069765024,24.80826632273146,-0.44460376995442313,0.7046651635917143,4.0903358301397805,0.3555532021721284
23.66,37.89141725980025,14.284084623897666,2.2831352102483367,24.808901836950103,-0.44464658918923955,0.7046202486172704,4.078227501395441,0.3551912976933223
23.68,37.76017482711759,14.76259091066615,2.297227615220682,24.809533423916655,-0.44468915368957423,0.7045775245124424,4.066100672000998,0.35482828054744864
23.7,37.62221911990974,15.239218229239125,2.3113191657109304,24.810161105888255,-0.4447315105872299,0.7045370852392202,4.053955396969134,0.35446415187168967
23.72,37.4775773587798,15.713872416051599,2.3254099074157146,24.810784904971936,-0.44477370845216835,0.7044989755911776,4.041791731396205,0.35409891280670946
23.740000000000002,37.326278085961995,16.186459707005806,2.3394998869275376,24.81140484312552,-0.44481579629665696,0.7044631903541,4.029609730461997,0.3537325644966505
23.76,37.16835115916819,16.656886755973584,2.35358915073462,24.81202094215852,-0.4448578225723733,0.7044296744285705,4.017409449429476,0.35336510808913035
23.78,37.00382774517669,17.125060653193874,2.367677744223191,24.81263322373304,-0.44489983417974915,0.7043983239093538,4.005190943644529,0.35299654473523745
23.8,36.832740313170035,17.59088894356348,2.3817657107013783,24.813241709364668,-0.44494187550854536,0.7043689880980272,3.992954268535726,0.352626875589528
23.82,36.65512262782802,18.054279644819626,2.395853090463339,24.81384642042335,-0.4449839875279911,0.7043414724074502,3.9806994796140507,0.35225610181002215
23.84,36.47100974218225,18.515141265613266,2.409939919911488,24.814447378134272,-0.4450262069438174,0.7043155420996597,3.9684266324726685,0.35188422455820045
23.86,36.28043799023775,18.973382823472548,2.4240262307534817,24.815044603578748,-0.4450685654381768,0.704290926782967,3.956135782786663,0.35151124499900016
23.88,36.083444979367066,19.428913862655982,2.438112049289141,24.81563811769507,-0.44511108900680435,0.7042673255797168,3.943826986312779,0.35113716430081154
23.900000000000002,35.88006958248133,19.881644471895157,2.4521973958007353,24.816227941279376,-0.4451537974058635,0.704244412863607,3.9315002988891807,0.35076198363547423
23.92,35.670351929982544,20.331485302026966,2.466282284058007,24.816814094986515,-0.4451967037187819,0.7042218444549022,3.9191557764352014,0.350385704178274
23.94,35.454333401500314,20.778347583515316,2.4803667209471048,24.817396599330895,-0.4452398140510489,0.704199264153512,3.906793474951067,0.35000832710793806
23.96,35.23205661741582,21.222143143862265,2.4944507062301753,24.817975474687326,-0.4452831273584723,0.7041763104838661,3.8944134505176655,0.3496298536066325
23.98,35.003565430174945,21.66278442490839,2.508534232439853,24.818550741291872,-0.4453266354118184,0.7041526235219489,3.882015759296288,0.3492502848599578
24.0,34.76890491539179,22.100184500021992,2.522617284910292,24.81912241924268,-0.44537032289814277,0.7041278516737817,3.8696004575283554,0.34886962205694544
24.02,34.52812136274327,22.534257091176418,2.5366998419437676,24.819690528500814,-0.44541416765650454,0.7041016582760834,3.857167601535192,0.3484878663900542
24.04,34.28126226665447,22.964916585914438,2.5507818751092888,24.820255088891077,-0.44545814104319686,0.7040737278937573,3.8447172477177527,0.3481050190551664
24.060000000000002,34.02837631677431,23.392078054198198,2.5648633496671636,24.82081612010284,-0.44550220841917126,0.7040437721951605,3.8322494525563617,0.34772108125158374
24.080000000000002,33.76951338824002,23.81565726514274,2.5789442251110666,24.821373641690855,-0.4455463297500268,0.7040115352946548,3.8197642726104792,0.3473360541820244
24.1,33.5047245317289,24.23557070363064,2.593024455816959,24.82192767307606,-0.44559046030682187,0.7039767984625829,3.8072617645184232,0.34694993905261856
24.12,33.23406196329514,24.65173558680469,2.607103991786211,24.822478233546402,-0.4456345514540876,0.703939384115281,3.794741984997115,0.3465627370729047
24.14,32.95757905398938,25.064069880435042,2.6211827794685165,24.823025342257612,-0.44567855150980873,0.703899159011848,3.7822049908418336,0.3461744494558261
24.16,32.67533031925835,25.472492315156646,2.6352607626487536,24.823569018234025,-0.44572240666082485,0.7038560365998017,3.769650838925952,0.345785077417727
24.18,32.38737140812209,25.87692240257229,2.649337883380749,24.82410928036936,-0.4457660619161089,0.7038099784681991,3.7570795862006707,0.34539462217834843
24.2,32.09375909212596,26.277280451215987,2.663414082950113,24.824646147427504,-0.44580946207972627,0.7037609948839512,3.744491289694773,0.34500308496082477
24.22,31.794551254065027,26.673487582371028,2.6774893028477926,24.8251796380433,-0.44585255272496993,0.703709144404568,3.7318860065143635,0.3446104669916799
24.240000000000002,31.48980687647866,27.06546574573657,2.691563485735884,24.82570977072331,-0.4458952811512129,0.7036545325781416,3.7192637938425928,0.3442167695008229
24.26,31.179586029913263,27.453137734936256,2.7056365763874464,24.826236563846603,-0.445937597305417,0.7035973097586152,3.706624708939432,0.34382199372154504
24.28,30.86394986095177,27.836427202862097,2.7197085225826187,24.826760035665508,-0.4459794546509725,0.7035376680810266,3.6939688091413703,0.343426140890515
24.3,30.542960580008895,28.21525867684664,2.733779275944239,24.82728020430638,-0.4460208109676061,0.7034758376571046,3.6812961518611904,0.3430292122477756
24.32,30.216681448891705,28.589557573656332,2.747848792697381,24.827797087770357,-0.44606162906745955,0.7034120820660685,3.668606794587694,0.3426312090367398
24.34,29.88517676812577,28.959250214298923,2.761917034338703,24.82831070393411,-0.4461018774140825,0.7033466932284509,3.6559007948854303,0.3422321325041865
24.36,29.54851186404776,29.32426383863794,2.7759839682032723,24.828821070550593,-0.44614153063296647,0.7032799857620149,3.643178210394462,0.3418319839002571
24.38,29.20675307566609,29.68452661980728,2.790049567918512,24.829328205249773,-0.4461805699043373,0.7032122909281566,3.630439098830071,0.34143076447845117
24.400000000000002,28.85996774129192,30.039967678419348,2.804113813737075,24.829832125539387,-0.44621898323118075,0.7031439502843978,3.6176835179825275,0.3410284754956229
24.42,28.50822418494354,30.39051709656047,2.818176692742763,24.830332848805654,-0.4462567655778518,0.7030753091635948,3.6049115257168047,0.34062511821197683
24.44,28.151591702527803,30.73610593156774,2.832238198926035,24.830830392314017,-0.446293918877076,0.7030067101031963,3.5921231799723334,0.34022069389106424
24.46,27.790140547803045,31.07666622958201,2.8462983331280984,24.831324773209857,-0.44633045190563486,0.7029384863482595,3.57931853876272,0.33981520379977864
24.48,27.42394191812842,31.412131038872218,2.8603571028550636,24.831816008519215,-0.4463663800314978,0.7028709555499881,3.5664976601755027,0.3394086492083524
24.5,27.05306794000522,31.742434422926973,2.874414521966063,24.832304115149512,-0.4464017248375669,0.7028044137773305,3.5536606023718815,0.33900103139035265
24.52,26.677591654416222,32.06751147330991,2.88847061024161,24.83278910989024,-0.4464365136295007,0.7027391299527606,3.5408074235864415,0.3385923516226768
24.54,26.297587001969486,32.38729832227606,2.9025253928406656,24.833271009413682,-0.44647077883722935,0.7026753408149081,3.5279381821269107,0.3381826111855492
24.560000000000002,25.913128807853422,32.70173215514717,2.9165788996569635,24.83374983027561,-0.4465045573217308,0.7026132465003457,3.5150529363738796,0.33777181136251666
24.580000000000002,25.524292766610113,33.01075122244457,2.93063116458697,24.834225588915974,-0.4465378896003695,0.7025530068248256,3.5021517447805417,0.33735995344044495
24.6,25.131155426734065,33.31429485177896,2.9446822247234667,24.834698301659593,-0.44657081900557277,0.7024947383307774,3.4892346658724303,0.336947038709514
24.62,24.73379417510361,33.61230345949707,2.958732119490082,24.835167984716843,-0.4466033907928095,0.702438512153226,3.4763017582471494,0.3365330684632146
24.64,24.332287221252145,33.90471856208574,2.972780889733147,24.835634654184346,-0.4466356512147231,0.7023843527407284,3.463353080574104,0.33611804399834366
24.66,23.92671358148621,34.1914827873346,2.9868285767879614,24.83609832604563,-0.44666764657883495,0.7023322374517497,3.4503886915942457,0.33570196661500096
24.68,23.51715306285731,34.472539885258946,3.0008752215369965,24.836559016171815,-0.4466994223064726,0.7022820970304359,3.4374086501198,0.3352848376165844
24.7,23.10368624699391,34.747834738784775,3.014920863477605,24.83701674032228,-0.4467310220104814,0.7022338169492742,3.424413015033991,0.334866658309786
24.72,22.68639447379989,35.01731337419839,3.028965539816591,24.837471514145317,-0.44676248660885753,0.7021872395899845,3.4114018452907904,0.3344474300045883
24.740000000000002,22.265359825025108,35.28092297136302,3.0430092846083907,24.8379233531788,-0.4467938534906958,0.7021421672184558,3.398375199914639,0.3340271540142598
24.76,21.840665107713406,35.53861187370519,3.05705212795276,24.83837227285084,-0.4468251557498044,0.7020983656949261,3.385333138000186,0.3336058316553508
24.78,21.412393837532797,35.79032959797346,3.071094095266659,24.83881828848042,-0.4468564215000104,0.7020555688471547,3.372275718712009,0.33318346424768974
24.8,20.98063022199208,36.036026843772134,3.085135206643602,24.839261415278067,-0.44688767328459694,0.7020134834223161,3.3592030012843557,0.3327600531143784
24.82,20.545459143547593,36.275655502872425,3.0991754763120483,24.839701668346468,-0.44691892759050833,0.7019717945229642,3.3461150450208774,0.3323355995817883
24.84,20.106966142603216,36.50916866830305,3.1132149122025075,24.840139062681125,-0.44695019447596046,0.7019301714238539,3.333011909294352,0.33191010497955653
24.86,19.66523740040632,36.736520643222185,3.1272535156309846,24.840573613170978,-0.44698147731794713,0.7018882736598384,3.319893653546423,0.3314835706405813
24.88,19.220359721841746,36.957666949572015,3.1412912811041815,24.841005334599043,-0.4470127726838737,0.7018457572705579,3.3067603372873156,0.3310559979010176
24.900000000000002,18.77242051812558,37.172564336516665,-3.1278571109299937,24.84143424164302,-0.44704407032922483,0.7018022810853104,3.293612020095583,0.33062738810027364
24.92,18.321507789399906,37.38117078866384,-3.1138210653082874,24.84186034887594,-0.44707535332082277,0.7017575129313517,3.28044876161783,0.3301977425810063
24.94,17.867710107229602,37.583445534069696,-3.0997859150496603,24.842283670766754,-0.4471065982829039,0.701711135650906,3.2672706215684384,0.3297670626891168
24.96,17.411116597001765,37.779349052026035,-3.0857516923366424,24.842704221680957,-0.44713777576097646,0.7016628528163296,3.2540776597293033,0.3293353497737468
24.98,16.951816920228268,37.96884308062801,-3.071718435280316,24.843122015881203,-0.4471688506962621,0.701612394039069,3.2408699359495508,0.3289026051872736
25.0,16.489901256751796,38.151890624120114,-3.0576861873995345,24.843537067527894,-0.4471997830015099,0.7015595197761505,3.22764751014528,0.32846883028530677
25.02,16.02546028685566,38.328455960017415,-3.0436549970040114,24.843949390679786,-0.44723052822713916,0.7015040255477735,3.2144104422992874,0.3280340264266832
25.04,15.558585173277718,38.498504645998466,-3.0296249164930558,24.84435899929459,-0.4472610383050481,0.7014457454909672,3.2011587924607814,0.32759819497346304
25.060000000000002,15.089367543128866,38.6620035265657,-3.0155960015832366,24.844765907229558,-0.44729126235605365,0.7013845551869561,3.1878926207451284,0.32716133729092545
25.080000000000002,14.617899469716734,38.818920739468666,-3.0015683104794975,24.845170128242064,-0.44732114754581725,0.7013203737136652,3.174611987333579,0.32672345474756476
25.1,14.144273454275481,38.96922572188495,-2.987541903005224,24.845571675990197,-0.44735063997329383,0.7012531648893685,3.161316952472973,0.32628454871508505
25.12,13.66858240760291,39.11288921635336,-2.973516839707437,24.84597056403334,-0.44737968557521773,0.7011829376885959,3.1480075764754933,0.32584462056839714
25.14,13.190919631606507,39.249883276453566,-2.959493180953665,24.84636680583274,-0.44740823102992616,0.7011097458267754,3.1346839197183813,0.32540367168561346
25.16,12.711378800760405,39.38018127222633,-2.9454709860371295,24.84676041475208,-0.4474362246439152,0.7010336865254154,3.1213460426436477,0.32496170344804404
25.18,12.230053943475774,39.503757895328306,-2.9314503123066213,24.847151404058042,-0.4474636172049239,0.7009548984846178,3.107994005757828,0.3245187172401921
25.2,11.74703942338756,39.62058916391543,-2.917431214336929,24.847539786920887,-0.44749036278603815,0.7008735591041364,3.0946278696316907,0.32407471444974995
25.22,11.262429920561063,39.73065242724912,-2.9034137431548466,24.847925576414998,-0.44751641948628257,0.7007898810077345,3.081247694899957,0.32362969646759393
25.240000000000002,10.77632041262226,39.83392637001961,-2.889397945534692,24.848308785519436,-0.4475417500944073,0.7007041079380533,3.0678535422610405,0.323183664687781
25.26,10.288806155816342,39.930391016381336,-2.875383863375931,24.8486894271185,-0.44756632266405166,0.7006165101003375,3.054445472476763,0.3227366205075438
25.28,9.799982665999327,40.020027733695315,-2.8613715331739242,24.84906751400227,-0.4475901109901498,0.7005273790429939,3.04102354637208,0.32228856532728645
25.3,9.309945699568093,40.102819235974415,-2.847360985593064,24.849443058867152,-0.4476130949783008,0.7004370221709049,3.0275878248348063,0.32183950055057997
25.32,8.818791234334538,40.17874958702772,-2.833352245149646,24.84981607431641,-0.4476352609008279,0.7003457569935629,3.0141383688153405,0.3213894275841583
25.34,8.326615450349918,40.24780420330088,-2.819345330009775,24.850186572860725,-0.4476566015353504,0.7002539052143306,3.00067523932638,0.32093834783791314
25.36,7.833514710685682,40.30996985641022,-2.805340251905488,24.850554566918696,-0.44767711618386213,0.7001617867693972,2.987198497442658,0.3204862627248905
25.38,7.339585542177377,40.36523467536887,-2.7913370161701003,24.850920068817388,-0.44769681057249655,0.7000697139252818,2.97370820430066,0.32003317366128564
25.400000000000002,6.844924616138281,40.41358814850415,-2.7773356218915946,24.851283090792858,-0.44771569663433664,0.6999779855420116,2.960204421098336,0.3195790820664384
25.42,6.349628729049554,40.455021125066146,-2.763336062180754,24.85164364499067,-0.44773379217974324,0.6998868816054646,2.946687209094851,0.31912398936283004
25.44,5.853794783233676,40.48952581652816,-2.7493383245486447,24.85200174346641,-0.4477511204607025,0.6997966581268455,2.93315662961027,0.31866789697607684
25.46,5.357519767517862,40.517095797580474,-2.7353423913861077,24.852357398186204,-0.447767709637585,0.6997075425000128,2.91961274402531,0.3182108063349273
25.48,4.86090073789403,40.53772600681973,-2.7213482405361074,24.852710621027224,-0.44778359215844227,0.6996197293985111,2.906055613781054,0.317752718871257
25.5,4.3640347981816845,40.55141274713656,-2.707355845948137,24.853061423778207,-0.4477988040624997,0.6995333772838819,2.8924853003786497,0.31729363602006383
25.52,3.867019080699797,40.55815368580511,-2.6933651784024595,24.853409818139937,-0.4478133842208231,0.6994486055852904,2.8789018653790683,0.31683355921946416
25.54,3.369950726953487,40.55794785427832,-2.679376206290754,24.85375581572576,-0.44782737352820456,0.6993654925979843,2.865305370402803,0.3163724899106878
25.560000000000002,2.872926868340902,40.55079564769347,-2.665388896438794,24.85409942806207,-0.4478408140611265,0.6992840741347626,2.851695877129581,0.3159104295380736
25.580000000000002,2.3760446068853307,40.53669882409271,-2.651403214956099,24.854440666588815,-0.44785374821719626,0.6992043429507925,2.8380734472981133,0.3154473795490653
25.6,1.8794009959971376,40.51566050336372,-2.637419128097083,24.85477954265996,-0.44786621785169745,0.699126248947968,2.824438142705788,0.31498334139420664
25.62,1.3830930212696773,40.48768516590563,-2.6234366031181238,24.855116067543996,-0.447878263426873,0.6990497001508599,2.8107900252083935,0.31451831652713647
25.64,0.8872175813128944,40.45277865102561,-2.6094556091151064,24.85545025242441,-0.44788992318923854,0.6989745644323772,2.7971291567198504,0.31405230640458504
25.66,0.3918714686278808,40.410948155071274,-2.595476117826459,24.85578210840017,-0.4479012323896356,0.6989006719538419,2.7834555992119254,0.31358531248636884
25.68,-0.10284864947477201,40.36220222930408,-2.581498104387382,24.85611164648618,-0.4479122225598801,0.6988278182714694,2.7697694147139393,0.3131173362353862
25.7,-0.5968462499103786,40.30655077751861,-2.567521548021953,24.856438877613776,-0.4479229208587642,0.6987557680495081,2.7560706653125013,0.3126483791176126
25.72,-1.090024972807245,40.244005053412266,-2.553546432660963,24.856763812631172,-0.44793334949884506,0.6986842593096979,2.742359413151223,0.31217844260209654
25.740000000000002,-1.5822886404436736,40.1745776577096,-2.539572747474769,24.857086462303936,-0.4479435252639354,0.6986130081374794,2.728635720430421,0.3117075281609538
25.76,-2.073541276133394,40.09828253504494,-2.5256004873120195,24.857406837315448,-0.447953459125517,0.6985417137576464,2.7148996494068647,0.3112356372693645
25.78,-2.5636871230581413,40.0151349706065,-2.5116296530368665,24.857724948267354,-0.4479631559644722,0.6984700638860237,2.70115126239347,0.3107627714055671
25.8,-3.052630663046243,39.92515158654462,-2.497660251759146,24.858040805680016,-0.44797261440259467,0.6983977402594048,2.687390621759017,0.310288932050854
25.82,-3.5402766352961663,39.82835033814599,-2.483692296953958,24.858354419992974,-0.4479818267463401,0.6983244242433928,2.673617789927882,0.30981412068956765
25.84,-4.0265300550439855,39.724750509775376,-2.46972580846909,24.858665801565383,-0.4479907790432479,0.6982498024170647,2.659832829379746,0.3093383388090952
25.86,-4.511296232173679,39.61437271058552,-2.4557608124207486,24.858974960676452,-0.44799945124943624,0.6981735720344578,2.646035802649304,0.308861587899864
25.88,-4.994480789769042,39.49723886999524,-2.4417973409800595,24.859281907525897,-0.44800781750459023,0.6980954462657771,2.6322267723259976,0.30838386945533686
25.900000000000002,-5.475989682605825,39.373372232935345,-2.427835432054744,24.85958665223437,-0.44801584650895754,0.6980151591258259,2.6184058010537123,0.3079051849720077
25.92,-5.95572921558245,39.24279735486118,-2.4138751288722275,24.859889204843885,-0.44802350199506985,0.6979324700034155,2.6045729515305114,0.3074255359493965
25.94,-6.433606062087389,39.105540096530355,-2.399916479472159,24.860189575318262,-0.44803074328525755,0.6978471677132546,2.590728286508343,0.30694492389004496
25.96,-6.909527282300916,38.96162761854345,-2.385959536117894,24.860487773543547,-0.4480375259245448,0.697759074000918,2.5768718687927468,0.3064633502995111
25.98,-7.3834003414285965,38.8110883756454,-2.3720043546378755,24.860783809328435,-0.44804380237722957,0.6976680464417698,2.5630037612425873,0.30598081668636534
26.0,-7.85513312786345,38.65395211078465,-2.35805099370904,24.861077692404688,-0.44804952277438714,0.6975739806859627,2.549124026769755,0.30549732456218565
26.02,-8.324633971273311,38.49024984892733,-2.3440995140953205,24.861369432427555,-0.4480546356987087,0.6974768120136584,2.5352327283388894,0.30501287544155237
26.04,-8.79181166060947,38.32001389062304,-2.330149977855047,24.86165903897619,-0.4480590889925038,0.6973765161771697,2.52132992896708,0.30452747084204346
26.060000000000002,-9.256575462032268,38.14327780531937,-2.316202447531504,24.861946521554046,-0.4480628305743752,0.6972731095196071,2.5074156917235992,0.3040411122842305
26.080000000000002,-9.718835136748872,37.96007642442186,-2.3022569853411117,24.862231889589307,-0.4480658092500094,0.6971666483725617,2.493490079729602,0.30355380129167303
26.1,-10.178500958758088,37.77044583409643,-2.2883136523736605,24.86251515243527,-0.4480679755027261,0.697057227748164,2.4795531561578463,0.3030655393909146
26.12,-10.6354837324967,37.57442336781168,-2.2743725078186974,24.862796319370762,-0.4480692822498794,0.6969449793532781,2.4656049842324057,0.30257632811147717
26.14,-11.089694810381506,37.37204759861848,-2.2604336082316316,24.863075399600522,-0.4480696855519006,0.6968300689654194,2.4516456272283733,0.3020861689858568
26.16,-11.541046110240941,37.16335833116486,-2.2464970068523233,24.863352402255607,-0.4480691452616962,0.6967126932210084,2.4376751484715924,0.30159506354951876
26.18,-11.98945013263001,36.94839659344471,-2.2325627529879033,24.863627336393783,-0.44806762560325253,0.6965930758766057,2.4236936113383574,0.30110301334089284
26.2,-12.43481997802202,36.727204628279196,-2.2186308914703714,24.863900210999912,-0.4480650956696221,0.6964714636126517,2.409701079255121,0.3006100199013684
26.22,-12.877069363870623,36.49982588453036,-2.2047014621981185,24.864171034986335,-0.448061529831959,0.6963481214568034,2.3956976156982224,0.30011608477528934
26.240000000000002,-13.316112641535584,36.266305008047254,-2.1907744997689824,24.864439817193254,-0.448056908052895,0.6962233279101093,2.3816832841935875,0.2996212095099497
26.26,-13.751864813065787,36.02668783234525,-2.1768500332107803,24.864706566389117,-0.44805121609928233,0.69609736986388,2.3676581483164485,0.29912539565558854
26.28,-14.184241547833114,35.781021369020095,-2.1629280858135025,24.864971291270987,-0.4480444456511367,0.6959705373981563,2.3536222716910395,0.298628644765385
26.3,-14.613159199011047,35.52935379789877,-2.1490086750655393,24.86523400046492,-0.4480365943054645,0.6958431185540771,2.339575717990334,0.29813095839545384
26.32,-15.038534819892067,35.27173445693007,-2.1350918126944576,24.865494702526334,-0.44802766547551875,0.6957153941722186,2.325518550935727,0.2976323381048398
26.34,-15.460286180038295,35.0082138318182,-2.1211775048110133,24.865753405940378,-0.44801766818786526,0.6955876328871345,2.311450834296772,0.29713278545551375
26.36,-15.878331781260169,34.738843545403526,-2.1072657521532707,24.86601011912229,-0.44800661678142095,0.6954600863648975,2.2973726318908776,0.29663230201236707
26.38,-16.292590873418398,34.463676346794976,-2.093356550425973,24.866264850417767,-0.44799453051432225,0.6953329848655293,2.2832840075830134,0.2961308893432066
26.400000000000002,-16.702983470044895,34.18276610025924,-2.0794498907286623,24.866517608103315,-0.44798143308605975,0.6952065332058912,2.2691850252854358,0.2956285490187505
26.42,-17.109430363778884,33.89616777387226,-2.0655457600645444,24.86676840038661,-0.44796735208375354,0.695080907191011,2.2550757489573856,0.2951252826126228
26.44,-17.511853141614893,33.60393742793891,-2.051644141920724,24.867017235406855,-0.4479523183627127,0.694956250573103,2.2409562426048035,0.2946210917013483
26.46,-17.910174199959883,33.30613220318703,-2.037745016909262,24.86726412123511,-0.4479363653725065,0.6948326725878474,2.226826570280037,0.2941159778643483
26.48,-18.30431675949728,33.002810308742255,-2.023848363457505,24.867509065874664,-0.44791952844065197,0.6947102461070119,2.212686796081554,0.29360994268393503
26.5,-18.694204879856176,32.69403100989005,-2.009954158535365,24.86775207726136,-0.4479018440266832,0.6945890064354203,2.1985369841536415,0.2931029877453066
26.52,-19.0797634740845,32.37985461563168,-1.9960623784066565,24.867993163263947,-0.44788334895979576,0.6944689507687871,2.184377198686129,0.29259511463654286
26.54,-19.460918322925348,32.06034246604053,-1.9821729993912807,24.868232331684407,-0.4478640796734589,0.6943500383172675,2.1702075039140913,0.2920863249485998
26.560000000000002,-19.83759608889616,31.735556919425242,-1.9682859986249353,24.868469590258307,-0.4478440714503467,0.6942321910878966,2.1560279641175444,0.2915766202753042
26.580000000000002,-20.209724330170744,31.40556133930587,-1.9544013548031773,24.868704946655114,-0.44782335769066695,0.694115295307649,2.1418386436211865,0.29106600221334983
26.6,-20.577231514264476,31.070420081209093,-1.9405190488970243,24.868938408478535,-0.44780196921646803,0.6939992034578085,2.127639606794065,0.29055447236229115
26.62,-20.940047031523225,30.73019847928809,-1.9266390648278682,24.86916998326684,-0.4477799336237877,0.6938837368799017,2.1134309180493154,0.2900420323245392
26.64,-21.2981012084168,30.38496283277239,-1.9127613900902702,24.869399678493185,-0.4477572746935911,0.6937686889038054,2.099212641843863,0.2895286837053562
26.66,-21.65132532063774,30.034780392252564,-1.8988860163121941,24.869627501565937,-0.44773401187134465,0.6936538284399277,2.0849848426781077,0.2890144281128504
26.68,-21.999651606006342,29.67971934580417,-1.8850129397433955,24.86985345982899,-0.4477101598238081,0.69353890396974,2.0707475850956665,0.28849926715797136
26.7,-22.343013277182816,29.319848804954944,-1.8711421616640007,24.870077560562084,-0.44768572808022333,0.6934236478625411,2.056500933683064,0.2879832024545049
26.72,-22.681344534187236,28.955238790498647,-1.8572736887067498,24.87029981098111,-0.44766072076356117,0.6933077809412359,2.042244953069427,0.28746623561906753
26.740000000000002,-23.014580576727898,28.58596021815859,-1.8434075330879252,24.870520218238426,-0.4476351364158827,0.6931910172162161,2.027979707926212,0.28694836827110204
26.76,-23.342657616338382,28.212084884103312,-1.8295437127436007,24.870738789423168,-0.4476089679202113,0.6930730687041678,2.0137052629669117,0.2864296020328724
26.78,-23.665512888323285,27.833685450316484,-1.8156822513695174,24.870955531561545,-0.4475822025196201,0.6929536502478487,1.9994216829467346,0.2859099385294579
26.8,-23.983084663512315,27.45083542982264,-1.8018231783645604,24.871170451617154,-0.4475548219325524,0.6928324842535504,1.9851290326623436,0.28538937938874887
26.82,-24.295312259821923,27.063609171769954,-1.7879665286794895,24.871383556491264,-0.4475268025617356,0.6927093052650952,1.970827376951546,0.28486792624144147
26.84,-24.60213605362333,26.672081846370997,-1.7741123425741876,24.871594853023126,-0.4474981157924501,0.6925838642967139,1.9565167806929955,0.2843455807210319
26.86,-24.903497490915218,26.276329429702017,-1.7602606652882533,24.871804347990263,-0.44746872837440554,0.6924559328519905,1.9421973088059103,0.2838223444638122
26.88,-25.199339098298985,25.876428688361184,-1.7464115466312136,24.872012048108758,-0.447438602880077,0.6923253065621058,1.9278690262497742,0.2832982191088648
26.900000000000002,-25.4896044937539,25.472457163985958,-1.7325650404999715,24.872217960033545,-0.44740769823109056,0.6921918083837486,1.913531998024028,0.28277320629805675
26.92,-25.774238397209068,25.064493157629727,-1.7187212043322966,24.8724220903587,-0.4473759702831421,0.692055291305179,1.8991862891678037,0.28224730767603584
26.94,-26.053186640908596,24.652615713997825,-1.704880098506193,24.872624445617717,-0.4473433724589974,0.6919156405178454,1.8848319647596048,0.2817205248902245
26.96,-26.32639617956603,24.236904605543018,-1.691041785695836,24.87282503228379,-0.44730985641838067,0.6917727750205293,1.8704690899170116,0.28119285959081436
26.98,-26.59381510030357,23.817440316420747,-1.6772063301954254,24.8730238567701,-0.44727537275300816,0.6916266486330361,1.8560977297964023,0.28066431343076226
27.0,-26.855392632371405,23.394304026304532,-1.6633737972227647,24.873220925430083,-0.4472398716946896,0.6914772504067891,1.8417179495926517,0.28013488806578435
27.02,-27.111079156642084,22.967577594062178,-1.6495442522146289,24.8734162445577,-0.4472033038242889,0.6913246044301457,1.8273298145388135,0.2796045851543505
27.04,-27.36082621487466,22.53734354129374,-1.635717760126026,24.87360982038772,-0.4471656207694195,0.691168769036641,1.8129333899058602,0.2790734063576799
27.060000000000002,-27.6045865187432,22.10368503573252,-1.6218943847452931,24.87380165909598,-0.4471267758790393,0.6910098354345131,1.798528741002364,0.2785413533397356
27.080000000000002,-27.84231395862412,21.666685874510748,-1.608074188036603,24.87399176679965,-0.44708672486360057,0.690847925785584,1.7841159331742062,0.278008427767219
27.1,-28.07396361213681,21.226430467291994,-1.5942572295208912,24.8741801495575,-0.4470454263900898,0.6906831907707325,1.7696950318042832,0.2774746313095653
27.12,-28.299491752432104,20.78300381927286,-1.5804435657054765,24.874366813370155,-0.44700284262214884,0.6905158066876054,1.7552661023121987,0.2769399656389369
27.14,-28.518855856223205,20.336491514056824,-1.5666332495717243,24.87455176418036,-0.44695893969648415,0.6903459721337722,1.7408292101539837,0.27640443243022006
27.16,-28.732014611554025,19.88697969640369,-1.5528263301290488,24.874735007873234,-0.44691368812792864,0.6901739043351024,1.7263844208217924,0.2758680333610183
27.18,-28.938927925300007,19.434555054858446,-1.5390228520423468,24.874916550276524,-0.44686706313679675,0.6899998351846286,1.7119317998435946,0.27533077011164725
27.2,-29.13955693039703,18.979304804263855,-1.5252228553386542,24.875096397160846,-0.44681904489354596,0.6898240070614785,1.697471412782897,0.27479264436513007
27.22,-29.333863992794264,18.521316668161415,-1.5114263751974246,24.875274554239947,-0.44676961867720527,0.6896466685025558,1.6830033252384333,0.2742536578071916
27.240000000000002,-29.5218127181274,18.06067886108582,-1.4976334418273736,24.87545102717095,-0.4467187749455219,0.6894680698014745,1.6685276028438711,0.2737138121262532
27.26,-29.70336795810917,17.597480070758294,-1.483844080431344,24.875625821554582,-0.4466665093162928,0.6892884586097928,1.6540443112675118,0.2731731090134276
27.28,-29.87849581663459,17.131809440184554,-1.470058311259148,24.87579894293543,-0.4466128224608557,0.6891080756148741,1.6395535162119976,0.27263155016251367
27.3,-30.047163655599004,16.66375654966336,-1.4562761497468506,24.875970396802177,-0.446557719912194,0.6889271503666976,1.6250552834140009,0.27208913726999046
27.32,-30.209340100427525,16.193411398711834,-1.4424976067395165,24.876140188587836,-0.4465012117915327,0.6887458973227698,1.6105496786439437,0.2715458720350125
27.34,-30.364995045315144,15.720864387913858,-1.428722688793061,24.876308323669985,-0.44644331245864766,0.6885645121759545,1.5960367677056908,0.27100175615940514
27.36,-30.514099658177326,15.246206300697972,-1.4149513985495419,24.876474807370997,-0.44638404009235594,0.6883831685246575,1.5815166164362418,0.2704567913476573
27.38,-30.6566263853115,14.769528285051178,-1.4011837351790488,24.876639644958267,-0.4463234162087761,0.6882020149384811,1.566989290705454,0.269910979306918
27.400000000000002,-30.792548955770478,14.290921835175055,-1.3874196948802793,24.876802841644448,-0.4462614651259347,0.6880211724652959,1.5524548564157186,0.26936432174699
27.42,-30.92184238544921,13.810478773090491,-1.3736592714309734,24.87696440258766,-0.4461982133841251,0.6878407326178124,1.5379133795016837,0.26881682038032473
27.44,-31.044482980886976,13.328291230197198,-1.359902456778617,24.877124332891732,-0.446133689132089,0.687660755869308,1.5233649259299435,0.26826847692201705
27.46,-31.160448342787316,12.844451628793985,-1.3461492416612308,24.877282637606402,-0.4460679214895808,0.6874812706793174,1.5088095616987436,0.26771929308979986
27.48,-31.269717369258554,12.359052663565516,-1.3323996162476446,24.877439321727547,-0.44600093989718037,0.6873022730609899,1.4942473528376705,0.267169270604038
27.5,-31.37227025877799,11.872187283041018,-1.3186535707864249,24.87759439019739,-0.4459327734643404,0.6871237266926061,1.4796783654073704,0.26661841118772406
27.52,-31.46808851288305,11.383948671030122,-1.3049110962525727,24.877747847904725,-0.44586345032658853,0.6869455635665817,1.4651026654992396,0.26606671656647235
27.54,-31.55715493859291,10.894430228040623,-1.2911721849812412,24.87789969968511,-0.4457929970225565,0.6867676851603356,1.4505203192351166,0.2655141884685131
27.560000000000002,-31.639453650564178,10.40372555268268,-1.2774368312780344,24.87804995032109,-0.4457214379010814,0.6865899641047924,1.4359313927669997,0.26496082862468784
27.580000000000002,-31.714970072984208,9.911928423063578,-1.2637050319959386,24.878198604542394,-0.44564879456803175,0.6864122463181888,1.4213359522767344,0.2644066387684436
27.6,-31.78369094120554,9.419132778176818,-1.2499767870695748,24.878345667026146,-0.4455750853817597,0.6862343535653652,1.4067340639757175,0.2638516206358274
27.62,-31.845604303124933,8.92543269928898,-1.2362520999982676,24.878491142397056,-0.44550032500518877,0.6860560863960041,1.3921257941045984,0.26329577596548104
27.64,-31.90069952031014,8.43092239132744,-1.2225309782703475,24.87863503522763,-0.4454245240215285,0.685877227409376,1.3775112089329666,0.26273910649863513
27.66,-31.948967268877357,7.93569616427177,-1.20881343372216,24.878777350038366,-0.4453476886194821,0.6856975447882372,1.3628903747590713,0.2621816139791045
27.68,-31.99039954012199,7.439848414551271,-1.1950994828263954,24.878918091297933,-0.4452698203526004,0.6855167960405706,1.3482633579095054,0.261623300153282
27.7,-32.024989640905,6.9434736064509694,-1.181389146905584,24.879057263423384,-0.4451909159761571,0.6853347318850331,1.3336302247389122,0.26106416677013355
27.72,-32.052732193796594,6.446666253528093,-1.1676824522678833,24.87919487078033,-0.4451109673635991,0.6851511002141975,1.3189910416296735,0.2605042155811919
27.740000000000002,-32.07362313697881,5.9495209000409455,-1.1539794302635993,24.879330917683145,-0.4450299615032798,0.6849656500690631,1.3043458749916246,0.25994344834055216
27.76,-32.08765972390781,5.452132102391958,-1.1402801172622183,24.87946540839513,-0.4449478805748453,0.684778135558791,1.2896947912617411,0.2593818668048655
27.78,-32.094840522736426,4.954594410586645,-1.1265845545510427,24.879598347128717,-0.44486470210332335,0.6845883196612157,1.2750378569038454,0.25881947273333417
27.8,-32.09516541549698,4.457002349710167,-1.1128927881578186,24.879729738045636,-0.44478039918769335,0.6843959778423252,1.2603751384082944,0.25825626788770556
27.82,-32.08863559704387,3.9594504014232323,-1.0992048686009719,24.879859585257105,-0.4446949407995124,0.6842009014365492,1.245706702291684,0.2576922540322668
27.84,-32.0752535737551,3.462032985479179,-1.085520850572241,24.879987892823994,-0.44460829214605196,0.684002900734283,1.231032615096554,0.2571274329338396
27.86,-32.05502316199133,2.964844441264171,-1.0718407925575555,24.880114664757016,-0.44452041509138557,0.6838018077284721,1.216352943391081,0.2565618063617742
27.88,-32.027949486310874,2.4679790093626455,-1.0581647564029861,24.880239905016882,-0.44443126862797133,0.6835974784782506,1.2016677537687643,0.2559953760879442
27.900000000000002,-31.99403897743847,1.97153081315034,-1.0444928068334214,24.880363617514487,-0.44434080939051146,0.6833897950544026,1.1869771128481432,0.25542814388674057
27.92,-31.953299369985658,1.4755938404174784,-1.0308250109323334,24.880485806111068,-0.4442489922032519,0.6831786670386994,1.1722810872724942,0.2548601115350671
27.94,-31.905739699920073,0.980261925024964,-1.0171614375915592,24.880606474618375,-0.44415577065142003,0.6829640325568341,1.1575797437095032,0.2542912808123332
27.96,-31.851370301781063,0.4856287285967194,-1.0035021569404226,24.880725626798835,-0.44406109766719093,0.6827458588325772,1.142873148850993,0.2537216535004498
27.98,-31.790202805638735,-0.008212277748380292,-0.9898472397637708,24.88084326636571,-0.4439649261204288,0.6825241422588055,1.1281613694126083,0.2531512313838233
28.0,-31.722250133793636,-0.5011678316212227,-0.9761967569185948,24.880959396983258,-0.4438672094044668,0.6822989079890396,1.1134444721335046,0.25258001624934934
28.02,-31.647526497214276,-0.9931448975397499,-0.9625507787588141,24.8810740222669,-0.4437679020073664,0.682070209060977,1.0987225237760636,0.25200800988640815
28.04,-31.566047391709766,-1.484050685054449,-0.9489093745775947,24.88118714578336,-0.4436669600594319,0.6818381250710547,1.0839955911255803,0.2514352140868588
28.060000000000002,-31.477829593835082,-1.9737926668173735,-0.9352726120761736,24.881298771050833,-0.44356434184823534,0.6816027604262326,1.0692637409899484,0.25086163064503264
28.080000000000002,-31.382891156526686,-2.462278596589755,-0.9216405568676489,24.88140890153912,-0.4434600082930274,0.6813642422058214,1.0545270401993887,0.25028726135772905
28.1,-31.281251404466502,-2.9494165271830233,-0.9080132720235325,24.881517540669797,-0.443353923371157,0.6811227176721918,1.0397855556061166,0.24971210802420898
28.12,-31.172930929172676,-3.4351148283278423,-0.8943908176700885,24.88162469181635,-0.4432460544899793,0.6808783514745155,1.0250393540840435,0.24913617244618902
28.14,-31.057951583815846,-3.9192822044655933,-0.8807732506405981,24.881730358304313,-0.44313637279868967,0.6806313225941997,1.0102885025284878,0.24855945642783667
28.16,-30.936336477760225,-4.401827712456609,-0.8671606241887142,24.881834543411433,-0.4430248534355572,0.6803818210843451,0.9955330678558652,0.24798196177576426
28.18,-30.808109970829154,-4.882660779199376,-0.8535529877670274,24.88193725036779,-0.44291147570712985,0.6801300446583344,0.9807731170033647,0.24740369029902284
28.2,-30.673297667295387,-5.361691219154869,-0.8399503868738609,24.882038482355952,-0.4427962231971276,0.6798761951844836,0.966008716928681,0.2468246438090973
28.22,-30.531926409596835,-5.838829251770227,-0.8263528629701713,24.882138242511097,-0.4426790838039054,0.6796204751445794,0.9512399346096889,0.24624482411990037
28.240000000000002,-30.384024271779058,-6.313985518795982,-0.8127604534672797,24.88223653392116,-0.442560049706543,0.6793630841140545,0.9364668370441311,0.24566423304776627
28.26,-30.229620552666294,-6.787071101491206,-0.7991731917849987,24.88233335962695,-0.44243911726077356,0.6791042153205566,0.921689491249348,0.24508287241144672
28.28,-30.0687457687634,-7.2579975377110735,-0.7855911074785875,24.88242872262231,-0.44231628682709345,0.6788440523357337,0.9069079642619293,0.2445007440321031
28.3,-29.901431646891474,-7.726676838871525,-0.7720142264318728,24.882522625854218,-0.4421915625344665,0.6785827659522935,0.8921223231374461,0.24391784973330244
28.32,-29.727711116560542,-8.193021506785954,-0.7584425711128269,24.882615072222922,-0.44206495198404666,0.6783205112947831,0.8773326349501318,0.243334191341011
28.34,-29.547618302082984,-8.656944550369131,-0.744876160886931,24.882706064582067,-0.4419364658982658,0.6780574252082132,0.8625389667925706,0.24274977068358822
28.36,-29.361188514431927,-9.118359502203838,-0.7313150123827667,24.882795605738817,-0.4418061177214621,0.6777936239636421,0.8477413857754106,0.24216458959178194
28.38,-29.16845824284904,-9.577180434966044,-0.7177591399034942,24.88288369845398,-0.44167392317894144,0.6775292013142694,0.8329399590270474,0.24157864989872183
28.400000000000002,-28.969465146206616,-10.033321977704789,-0.7042085558772087,24.882970345442118,-0.4415398998019623,0.6772642269295372,0.8181347536933224,0.24099195343991403
28.42,-28.76424804412891,-10.486699331973274,-0.690663271338618,24.883055549371665,-0.4414040664266063,0.67699874522833,0.8033258369372186,0.24040450205323527
28.44,-28.55284690787806,-10.937228287808058,-0.6771232964340514,24.88313931286505,-0.44126644267483084,0.6767327746256693,0.7885132759385582,0.23981629757892717
28.46,-28.335302851009903,-11.384825239553575,-0.6635886409415379,24.88322163849881,-0.4411270484261996,0.6764663072004858,0.7736971378936867,0.23922734185959052
28.48,-28.11165811980513,-11.829407201529564,-0.6500593147975282,24.883302528803682,-0.44098590328884435,0.676199308785167,0.7588774900151856,0.23863763674017935
28.5,-27.881956083481235,-12.270891823539326,-0.6365353286218247,24.883381986264734,-0.44084302607813314,0.6759317194707997,0.7440543995315614,0.23804718406799552
28.52,-27.646241224190614,-12.709197406217033,-0.6230166942324087,24.88346001332146,-0.44069843431130185,0.6756634545153977,0.72922793368692,0.23745598569268206
28.54,-27.404559126810124,-13.144242916212614,-0.6095034251421008,24.88353661236789,-0.4405521437259619,0.6753944056360925,0.7143981597406971,0.2368640434662185
28.560000000000002,-27.156956468527166,-13.575948001212971,-0.595995537029379,24.88361178575269,-0.44040416782992586,0.6751244426603185,0.6995651449673299,0.23627135924291448
28.580000000000002,-26.90348100822721,-14.004233004798527,-0.5824930481761728,24.883685535779268,-0.44025451748920874,0.6748534155055633,0.684728956655957,0.23567793487940392
28.6,-26.644181575687398,-14.42901898113423,-0.5689959798660613,24.88375786470586,-0.44010320056037644,0.6745811564523515,0.6698896621101138,0.23508377223463925
28.62,-26.379108060580585,-14.850227709494346,-0.5555043567370141,24.88382877474564,-0.4399502215726327,0.6743074826708534,0.6550473286474301,0.2344888731698859
28.64,-26.108311401293818,-15.267781708620378,-0.542018207083597,24.88389826806682,-0.4397955814641817,0.6740321989579363,0.640202023599312,0.23389323954871566
28.66,-25.831843573564978,-15.681604250911542,-0.5285375631044382,24.883966346792718,-0.4396392773764842,0.6737551006386251,0.6253538143106558,0.23329687323700182
28.68,-25.549757578940874,-16.091619376447206,-0.5150624610916656,24.88403301300188,-0.4394813025090604,0.6734759765838865,0.6105027681395323,0.23269977610291298
28.7,-25.26210743305979,-16.497751906840627,-0.5015929415599878,24.88409826872815,-0.4393216460364959,0.6731946122953726,0.5956489524568723,0.23210195001690656
28.72,-24.96894815376106,-16.899927458923248,-0.4881290493140802,24.884162115960756,-0.439160293088298,0.6729107930073134,0.5807924346461801,0.23150339685172402
28.740000000000002,-24.67033574902392,-17.298072458258677,-0.474670833453934,24.884224556644416,-0.43899722479123976,0.6726243067560856,0.5659332821032146,0.23090411848238415
28.76,-24.366327204737573,-17.69211415248523,-0.4612183473188125,24.884285592679394,-0.4388324183728403,0.6723349473691256,0.5510715622356871,0.23030411678617776
28.78,-24.056980472303984,-18.081980624485837,-0.4477716483714298,24.884345225921603,-0.4386658473236727,0.6720425173267435,0.5362073424629584,0.22970339364266137
28.8,-23.74235445607479,-18.467600805383682,-0.43433079802489516,24.88440345818267,-0.4384974816152834,0.6717468304530051,0.521340690215721,0.22910195093365138
28.82,-23.422509000623293,-18.84890448736189,-0.4208958614158349,24.884460291230035,-0.4383272879696634,0.6714477143951246,0.5064716729357113,0.2284997905432185
28.84,-23.097504877852423,-19.225822336305104,-0.4074669071279322,24.884515726786994,-0.4381552301754395,0.6711450128546792,0.49160035807539115,0.22789691435768153
28.86,-22.767403773939268,-19.59828590426064,-0.3940440068708386,24.884569766532803,-0.4379812694452736,0.6708385875383724,0.4767268130976489,0.22729332426560184
28.88,-22.432268276116762,-19.966227641716497,-0.380627235120071,24.88462241210274,-0.43780536480836946,0.6705283198009255,0.4618511054754799,0.22668902215777656
28.900000000000002,-22.092161859292922,-20.329580909693323,-0.36721666872405256,24.88467366508817,-0.43762747353150494,0.6702141119579065,0.44697330269170304,0.22608400992723382
28.92,-21.74714887250809,-20.688279991647004,-0.3538123864848943,24.884723527036616,-0.4374475515616359,0.6698958882518121,0.4320934722386291,0.2254782894692261
28.94,-21.397294525230635,-21.042260105178418,-0.34041446871985803,24.884771999451832,-0.4372655539828607,0.6695735954604097,0.41721168161777655,0.22487186268122442
28.96,-21.04266487349157,-21.39145741354652,-0.32702299681064995,24.884819083793857,-0.4370814354803962,0.669247203142134,0.40232799833955635,0.22426473146291248
28.98,-20.68332680585882,-21.735809036980783,-0.3136380527478071,24.88486478147909,-0.43689515080419283,0.6689167035191189,0.3874424899229558,0.2236568977161807
29.0,-20.31934802925182,-22.075253063788782,-0.30025971867742474,24.884909093880342,-0.4367066552249144,0.6685821110041389,0.3725552238952513,0.22304836334512015
29.02,-19.950797054597555,-22.40972856125456,-0.28688807645734204,24.88495202232689,-0.4365159049752143,0.6682434613832469,0.35766626779169236,0.2224391302560169
29.04,-19.5777431823292,-22.739175586323306,-0.27352320722967693,24.884993568104548,-0.43632285766955936,0.6679008106711444,0.34277568915518636,0.2218292003573452
29.060000000000002,-19.200256487728957,-23.06353519606782,-0.2601651910162541,24.885033732455717,-0.4361274726962714,0.66755423366122,0.32788355553600734,0.2212185755597627
29.080000000000002,-18.81840780611686,-23.382749457932164,-0.24681410634302958,24.885072516579434,-0.43592971157596977,0.6672038221966852,0.3129899344914926,0.2206072577761041
29.1,-18.432268717887727,-23.696761459747957,-0.2334700298990957,24.88510992163143,-0.43572953828119654,0.6668496831932326,0.2980948935857086,0.21999524892137404
29.12,-18.04191153339876,-24.005515319518874,-0.22013303623523095,24.885145948724162,-0.43552691951267725,0.6664919364471245,0.2831985003891754,0.21938255091274275
29.14,-17.64740927771061,-24.308956194968925,-0.2068031975062885,24.885180598926894,-0.4353218249284051,0.6661307122654969,0.26830082247854725,0.21876916566953916
29.16,-17.248835675185138,-24.607030292850364,-0.19348058326097872,24.88521387326571,-0.43511422732251925,0.6657661489579382,0.25340192743629775,0.21815509511324466
29.18,-16.846265133943387,-24.899684878007243,-0.18016526028181978,24.885245772723575,-0.4349041027517696,0.6653983902300282,0.2385018828504307,0.21754034116748774
29.2,-16.4397727301877,-25.186868282190822,-0.16685729247721914,24.885276298240377,-0.4346914306082036,0.6650275825204888,0.22360075631416498,0.21692490575803797
29.22,-16.02943419239216,-25.468529912623467,-0.15355674082680926,24.88530545071296,-0.434476193637565,0.6646538723238922,0.20869861542561843,0.21630879081279883
29.240000000000002,-15.615325885365927,-25.744620260307816,-0.14026366338033158,24.885333230995165,-0.434258377903745,0.664277403540524,0.19379552778751963,0.21569199826180321
29.26,-15.197524794194218,-26.01509090807852,-0.1269781153095213,24.885359639897874,-0.4340379727004582,0.6638983148939935,0.1788915610068889,0.2150745300372065
29.28,-14.776108508062041,-26.279894538394085,-0.11370014901164138,24.885384678189038,-0.43381497041212114,0.6635167374555655,0.16398678269473804,0.21445638807328052
29.3,-14.35115520396594,-26.538984940866854,-0.10042981426252995,24.885408346593703,-0.4335893663266717,0.6631327923119912,0.14908126046575076,0.21383757430640787
29.32,-13.922743630319198,-26.79231701952946,-0.0871671584162903,24.885430645794056,-0.4333611584037768,0.6627465884108711,0.13417506193799816,0.21321809067507558
29.34,-13.490953090456124,-27.039846799836578,-0.07391222664807273,24.885451576429446,-0.4331303470025215,0.6623582206143613,0.1192682547326067,0.2125979391198687
29.36,-13.055863426041087,-27.281531435401167,-0.060665062235785605,24.885471139096413,-0.4328969345732449,0.6619677679883786,0.10436090647347354,0.21197712158346516
29.38,-12.617555000388096,-27.517329214464766,-0.047425706876018214,24.885489334348712,-0.43266092531868144,0.6615752923504247,0.08945308478695022,0.211355640010629
29.400000000000002,-12.17610868169668,-27.747199566101827,-0.03419420102900972,24.885506162697336,-0.43242232482997167,0.6611808370948415,0.07454485730152358,0.2107334963482039
29.42,-11.73160582620984,-27.97110306615842,-0.02097058428711307,24.885521624610544,-0.4321811397034204,0.6607844263097523,0.05963629164754305,0.21011069254510856
29.44,-11.28412826129975,-28.18900144292597,-0.007754895760918146,24.88553572051387,-0.4319373771440989,0.6603860641952424,0.0447274554568704,0.20948723055232862
29.46,-10.833758268486841,-28.400857582550987,0.0054528255229868705,24.88554845079016,-0.43169104456250884,0.6599857347875544,0.029818416362607143,0.2088631123229122
29.48,-10.380578566397697,-28.60663553418204,0.01865254021873808,24.885559815779562,-0.43144214917054924,0.6595834019892948,0.014909241998775205,0.20823833981196302
29.5,-9.924672293667097,-28.806300514855437,0.03184420825852419,24.88556981577956,-0.43119069758295403,0.6591790099009371,8.572527594031472e-16,0.20761291497663395
29.52,-9.466122991789314,-28.999818914121274,0.04502778845654287,24.88557845104499,-0.4309366954302008,0.658772483444343,-0.014909241998773491,0.20698683977612206
29.54,-9.00501458792357,-29.187158298411656,0.058203238125429824,24.885585721788026,-0.43068014698863305,0.6583637292646725,-0.029818416362605425,0.20636011617166147
29.560000000000002,-8.541431377658343,-29.368287415152988,0.07137051271072314,24.88559162817822,-0.43042105483319676,0.6579526368929781,-0.0447274554568718,0.20573274612651685
29.580000000000002,-8.075458007738952,-29.5431761966243,0.08452956544858292,24.885596170342485,-0.43015941951777026,0.6575390801480435,-0.05963629164754443,0.20510473160597892
29.6,-7.607179458762634,-29.711795763563575,0.09768034705154394,24.88559934836512,-0.42989523928757656,0.6571229187526645,-0.07454485730152498,0.20447607457735673
29.62,-7.136681027845037,-29.874118428524,0.11082280542659717,24.88560116228779,-0.4296285098276133,0.656704000136669,-0.08945308478694851,0.20384677700997186
29.64,-6.664048311261846,-30.030117698981993,0.12395688542933048,24.885601612109557,-0.42935922405043025,0.6562821613965134,-0.10436090647347493,0.20321684087515282
29.66,-6.189367187068993,-30.179768280198754,0.13708252865726056,24.88560069778685,-0.42908737192593727,0.6558572313793579,-0.11926825473260189,0.2025862681462285
29.68,-5.7127237977046885,-30.32304607783687,0.15019967328484762,24.88559841923348,-0.42881294035524536,0.655429032858101,-0.13417506193799333,0.20195506079852144
29.7,-5.234204532576302,-30.459928200333415,0.16330825394200943,24.885594776320644,-0.42853591308984534,0.65499738476297,-0.14908126046574904,0.20132322080934278
29.72,-4.753896010634935,-30.590392961030673,0.176408201637269,24.885589768876894,-0.4282562706967171,0.6545621044349295,-0.1639867826947332,0.20069075015798535
29.740000000000002,-4.271885062940342,-30.714419880065417,0.1894994437259676,24.885583396688155,-0.427973990569257,0.6541230098663592,-0.1788915610068903,0.20005765082571703
29.76,-3.7882587152187535,-30.831989686017426,0.20258190392329478,24.885575659497697,-0.4276890469832136,0.6536799218951875,-0.193795527787521,0.19942392479577595
29.78,-3.303104170416015,-30.943084317317624,0.21565550236119835,24.88556655700614,-0.4274014111961513,0.6532326663198835,-0.20869861542561674,0.1987895740533631
29.8,-2.81650879124839,-31.04768692341595,0.22872015568759618,24.885556088871425,-0.4271110515883207,0.652781075904431,-0.2236007563141633,0.19815460058563591
29.82,-2.328560082753333,-31.145781865708816,0.24177577720568477,24.88554425470881,-0.42681793384221667,0.6523249922445504,-0.23850188285043206,0.19751900638170322
29.84,-1.8393456748425066,-31.237354718225713,0.2548222770505757,24.885531054090855,-0.4265220211575609,0.6518642674689932,-0.253401927436296,0.1968827934326183
29.86,-1.3489533048593545,-31.32239226807426,0.26785956239995556,24.88551648654739,-0.42622327449795333,0.6513987657526434,-0.2683008224785456,0.1962459637313722
29.88,-0.8574708001435724,-31.400882515642746,0.2808875377150084,24.885500551565517,-0.4259216528650164,0.6509283646213755,-0.2831985003891767,0.1956085192728885
29.900000000000002,-0.3649860606048987,-31.47281467455902,0.29390610500743586,24.88548324858956,-0.42561711359549903,0.6504529560320891,-0.29809489358571,0.1949704620540164
29.92,0.12841295869124347,-31.538179171404355,0.3069151641280774,24.88546457702106,-0.4253096126765313,0.6499724472149955,-0.312989934491494,0.19433179407352458
29.94,0.6226382649236035,-31.596967645180722,0.3199146130723771,24.885444536218753,-0.4249991050740141,0.6494867612690327,-0.32788355553600873,0.19369251733209525
29.96,1.1176018448976572,-31.649172946529845,0.33290434829775783,24.885423125498523,-0.42468554506900985,0.6489958375051453,-0.3427756891551847,0.19305263383231702
29.98,1.6132156824078898,-31.694789136702244,0.34588426504786085,24.88540034413339,-0.42436888659695204,0.6484996315360562,-0.35766626779169064,0.19241214557867972
30.0,2.109391775576661,-31.73381148627445,0.35885425767858203,24.885376191353473,-0.4240490835845312,0.6479981151149801,-0.37255522389524953,0.1917710545775677
30.02,2.6060421541663152,-31.766236473612548,0.3718142199808816,24.88535066634595,-0.42372609027922425,0.6474912757294705,-0.387442489922951,0.19112936283725293
30.04,3.1030788968610037,-31.792061783080225,0.38476404549547105,24.885323768255038,-0.4233998615666228,0.6469791159601593,-0.4023279983395516,0.19048707236788975
30.060000000000002,3.60041414851449,-31.81128630298959,0.3977036278146744,24.88529549618194,-0.42307035327097137,0.6464616526175098,-0.4172116816177749,0.18984418518150786
30.080000000000002,4.097960137360009,-31.823910123293093,0.41063286086702444,24.88526584918482,-0.42273752243464896,0.6459389156728166,-0.4320934722386274,0.1892007032920061
30.1,4.5956291921780785,-31.829934533015077,0.4235516391804808,24.885234826278747,-0.42240132757270715,0.6454109470024816,-0.4469733026917013,0.18855662871514683
30.12,5.093333759417951,-31.82936201742162,0.43645985812053034,24.885202426435672,-0.4220617288990101,0.6448777989670821,-0.4618511054754782,0.18791196346854858
30.14,5.590986420268278,-31.8221962549276,0.4493574140998722,24.88516864858437,-0.4217186885210005,0.644339532848837,-0.4767268130976472,0.18726670957167996
30.16,6.088499907672368,-31.808442113740153,0.4622442047568489,24.885133491610393,-0.4213721706006271,0.6437962171728026,-0.49160035807539254,0.18662086904585407
30.18,6.5857871232833185,-31.788105648237917,0.4751201291003051,24.88509695435603,-0.4210221414795148,0.64324792593842,-0.5064716729357095,0.1859744439142217
30.2,7.082761154354198,-31.76119409508587,0.48798508761907344,24.885059035620255,-0.4206685697670165,0.6426947367889301,-0.5213406902157194,0.1853274362017644
30.22,7.579335290558373,-31.727715869085802,0.500838982354852,24.885019734158675,-0.42031142639036323,0.6421367291466191,-0.5362073424629568,0.18467984793528924
30.240000000000002,8.075423040735021,-31.687680558762825,0.5136817169377843,24.88497904868347,-0.4199506846066999,0.6415739823418816,-0.5510715622356885,0.18403168114342178
30.26,8.570938149554857,-31.64109892168871,0.5265131965846219,24.884936977863344,-0.4195863199773657,0.6410065737637072,-0.565933282103216,0.18338293785659981
30.28,9.06579461410111,-31.587982879543134,0.5393333280598962,24.88489352032347,-0.4192183103053303,0.6404345770583968,-0.5807924346461815,0.1827336201070671
30.3,9.5599067003608,-31.528345512914324,0.5521420196010642,24.88484867464543,-0.418846635537228,0.6398580604021318,-0.5956489524568706,0.18208372992886707
30.32,10.053188959621455,-31.462201055840918,0.5649391808091071,24.884802439367142,-0.4184712776319319,0.639277084871482,-0.6105027681395305,0.1814332693578359
30.34,10.545556244768466,-31.38956489009717,0.5777247225065367,24.88475481298282,-0.41809222039807387,0.6386917029340694,-0.6253538143106572,0.18078224043159702
30.36,11.036923726478447,-31.31045353922399,0.5904985565652181,24.884705793942885,-0.4177094493033335,0.6381019570794323,-0.6402020235993104,0.18013064518955427
30.38,11.52720690930401,-31.224884662308607,0.6032605957068067,24.884655380653914,-0.41732295125869173,0.6375078786077119,-0.6550473286474284,0.17947848567288507
30.400000000000002,12.01632164764564,-31.132877047515887,0.6160107532789612,24.884603571478568,-0.41693271438115825,0.6369094865911444,-0.6698896621101121,0.17882576392453498
30.42,12.504184161606428,-31.03445060537463,0.628748943010784,24.884550364735517,-0.41653872773874245,0.636306787020516,-0.6847289566559552,0.17817248198921054
30.44,12.990711052725679,-30.929626361822372,0.6414750787511942,24.884495758699373,-0.4161409810816356,0.6356997721458046,-0.6995651449673281,0.17751864191337327
30.46,13.475819319587576,-30.81842645101241,0.6541890741941101,24.884439751600617,-0.4157394645637079,0.6350884200171961,-0.7143981597406954,0.17686424574523302
30.48,13.959426373301316,-30.700874107886932,0.6668908425944542,24.884382341625514,-0.4153341684584969,0.6344726942296052,-0.7292279336869151,0.17620929553474177
30.5,14.441450052849332,-30.576993660520237,0.6795802964790463,24.88432352691605,-0.41492508287387475,0.6338525438707786,-0.7440543995315567,0.1755537933335867
30.52,14.92180864030044,-30.44681052223615,0.6922573473564619,24.88426330556983,-0.41451219746952905,0.6332279036700602,-0.7588774900151869,0.1748977411951846
30.54,15.400420875884974,-30.310351183503712,0.7049219054298632,24.884201675640025,-0.41409550118127986,0.6325986943420024,-0.773697137893685,0.1742411411746749
30.560000000000002,15.877205972929131,-30.16764320361535,0.7175738793167032,24.88413863513526,-0.41367498195608665,0.6319648231162538,-0.7885132759385596,0.1735839953289128
30.580000000000002,16.352083632646032,-30.01871520215155,0.7302131757790282,24.884074182019546,-0.41325062650137545,0.6313261844425724,-0.8033258369372199,0.17292630571646442
30.6,16.8249740587811,-29.86359685023621,0.7428396994678796,24.884008314212192,-0.4128224200520435,0.6306826608574485,-0.8181347536933239,0.17226807439759811
30.62,17.29579797210957,-29.702318861586534,0.7554533526850289,24.883941029587707,-0.41239034615818204,0.6300341239967067,-0.8329399590270488,0.17160930343427985
30.64,17.764476624784127,-29.5349129833614,0.7680540351649632,24.88387232597571,-0.4119543864962011,0.6293804357366032,-0.8477413857754089,0.17094999489016596
30.66,18.230931814530717,-29.36141198681188,0.7806416438796955,24.883802201160844,-0.41151452070565187,0.6287214494443794,-0.8625389667925689,0.17029015083059673
30.68,18.69508589869075,-29.181849657737494,0.7932160728685833,24.88373065288268,-0.4110707262536257,0.6280570113179863,-0.87733263495013,0.16962977332259
30.7,19.15686180810801,-28.996260786751574,0.805777213094943,24.88365767883561,-0.4106229783281731,0.6273869617937774,-0.8921223231374444,0.1689688644348349
30.72,19.616183060858607,-28.8046811593589,0.8183249523308187,24.88358327666876,-0.4101712497617388,0.6267111370003585,-0.9069079642619278,0.16830742623768455
30.740000000000002,20.07297377582231,-28.607147545848644,0.8308591750708256,24.883507443985874,-0.40971551098515113,0.6260293702365427,-0.9216894912493493,0.16764546080315068
30.76,20.527158686093777,-28.40369769100535,0.8433797624755566,24.883430178345233,-0.4092557300122525,0.6253414934514068,-0.9364668370441327,0.16698297020489694
30.78,20.978663152231974,-28.194370303640543,0.8558865923445849,24.883351477259527,-0.40879187245480847,0.6246473387048408,-0.9512399346096873,0.16631995651823125
30.8,21.42741317534619,-27.979205045947356,0.8683795391186813,24.88327133819577,-0.4083239015669001,0.6239467395876814,-0.9660087169286794,0.16565642182010074
30.82,21.873335410016963,-27.7582425226803,0.8808584739104353,24.883189758575167,-0.4078517783175911,0.6232395325815042,-0.98077311700336,0.16499236818908472
30.84,22.316357177050136,-27.531524270162187,0.8933232645620652,24.88310673577303,-0.4073754614902719,0.6225255583394085,-0.9955330678558605,0.16432779770538747
30.86,22.75640647606221,-27.29909274512002,0.9057737757288535,24.88302226711864,-0.4068949078067263,0.621804662870641,-1.0102885025284891,0.16366271245083303
30.88,23.193411997895012,-27.060991313351487,0.9182098689862661,24.88293634989515,-0.4064100720736446,0.6210766986136238,-1.0250393540840417,0.16299711450885782
30.900000000000002,23.62730313685765,-26.817264238223565,0.9306314029585385,24.88284898133946,-0.405920907349022,0.6203415253838738,-1.0397855556061182,0.1623310059645038
30.92,24.05801000279349,-26.56795666900471,0.9430382334662157,24.882760158642103,-0.4054273651256439,0.6195990111853669,-1.0545270401993931,0.16166438890441331
30.94,24.48546343296993,-26.31311462903187,0.9554302136899233,24.882669878947123,-0.4049293955286634,0.6188490328761049,-1.0692637409899497,0.16099726541682127
30.96,24.90959500378838,-26.052785003713623,0.9678071943474453,24.882578139351946,-0.40442694752412756,0.6180914766809171,-1.0839955911255785,0.16032963759154858
30.98,25.330337042311974,-25.787015528370695,0.9801690238810634,24.882484936907264,-0.4039199691352133,0.6173262385468804,-1.098722523776065,0.15966150751999658
31.0,25.747622637608234,-25.51585477591501,0.9925155486520012,24.882390268616906,-0.4034084076628798,0.6165532243390781,-1.113444472133503,0.15899287729513997
31.02,26.161385651903824,-25.23935214436859,1.004846613138783,24.882294131437707,-0.40289220990764557,0.6157723498767755,-1.1281613694126065,0.15832374901151966
31.04,26.571560731548495,-24.957557844223544,1.017162060136318,24.88219652227938,-0.4023713223892424,0.6149835408123645,-1.1428731488509942,0.15765412476523727
31.060000000000002,26.978083317785114,-24.670522885644566,1.0294617309525655,24.88209743800438,-0.40184569156099126,0.6141867323576371,-1.1575797437095046,0.156984006653948
31.080000000000002,27.380889657322673,-24.378299065515357,1.0417454655997185,24.881996875427774,-0.40131526401588175,0.6133818688640416,-1.1722810872724958,0.15631339677685396
31.1,27.77991681270904,-24.080938954330623,1.0540131029769988,24.8818948313171,-0.4007799866815106,0.6125689032655199,-1.1869771128481446,0.15564229723469808
31.12,28.175102672500223,-23.778495882935374,1.0662644810423094,24.881791302392234,-0.4002398070012511,0.6117477963943069,-1.2016677537687628,0.1549707101297566
31.14,28.566385961222853,-23.471023929113414,1.078499436970196,24.88168628532524,-0.3996946730992708,0.6109185161816763,-1.2163529433910791,0.1542986375658337
31.16,28.953706249126604,-23.158577904027126,1.0907178072938297,24.88157977674024,-0.39914453392729166,0.6100810367569892,-1.2310326150965494,0.153626081648254
31.18,29.337003961723305,-22.841213338510855,1.1029194280289696,24.88147177321325,-0.3985893393912881,0.6092353374595785,-1.2457067022916792,0.15295304448385638
31.2,29.716220389109473,-22.518986469220337,1.1151041347781607,24.881362271272057,-0.3980290404566382,0.6083814017789262,-1.2603751384082895,0.15227952818098722
31.220000000000002,30.091297695069173,-22.191954224640902,1.1272717628137396,24.881251267396053,-0.3974635892305787,0.6075192162392756,-1.2750378569038439,0.1516055348494938
31.240000000000002,30.46217892595408,-21.860174210957343,1.139422147138525,24.881138758016085,-0.39689293902115946,0.6066487692452648,-1.2896947912617427,0.15093106660071787
31.26,30.82880801933784,-21.523704697788595,1.1515551225234306,24.88102473951431,-0.39631704437224097,0.6057700499053534,-1.304345874991626,0.1502561255474887
31.28,31.191129812441837,-21.18260460379056,1.1636705235215379,24.880909208224033,-0.3957358610744272,0.6048830468497708,-1.318991041629672,0.14958071380411705
31.3,31.54909005032979,-20.836933482130583,1.1757681844585335,24.880792160429554,-0.3951493461521682,0.6039877470594128,-1.3336302247389105,0.14890483348638744
31.32,31.902635393868593,-20.486751505837393,1.187847939399722,24.880673592366005,-0.39455745782759805,0.603084134721602,-1.3482633579095067,0.1482284867115529
31.34,32.25171342745311,-20.13211945303035,1.1999096220941539,24.880553500219193,-0.39396015546199037,0.6021721901278856,-1.3628903747590697,0.14755167559832758
31.36,32.59627266649284,-19.77309869203213,1.2119530658967115,24.88043188012543,-0.3933573994760105,0.6012518886281142,-1.377511208932965,0.14687440226687978
31.38,32.93626256465849,-19.409751166369123,1.2239781036692738,24.88030872817137,-0.3927491512502174,0.6003231996539242,-1.3921257941045966,0.1461966688388262
31.400000000000002,33.271633520886844,-19.04213937966386,1.2359845676623529,24.88018404039385,-0.3921353730075155,0.5993860858234673,-1.4067340639757189,0.14551847743722465
31.42,33.60233688614235,-18.670326380423997,1.247972289378822,24.8800578127797,-0.39151602767947374,0.5984405021378102,-1.421335952276736,0.14483983018656763
31.44,33.92832496993432,-18.294375746732488,1.259941099421578,24.879930041265595,-0.390891078758616,0.5974863952778987,-1.435931392767001,0.1441607292127756
31.46,34.24955104658859,-17.914351570843515,1.2718908273271357,24.87980072173786,-0.39026049013893727,0.5965237030093472,-1.4505203192351153,0.14348117664319043
31.48,34.56596936127299,-17.530318443688984,1.2838213013873228,24.8796698500323,-0.389624225947017,0.5955523537006255,-1.4651026654992378,0.14280117460656838
31.5,34.8775351357759,-17.142341439300267,1.2957323484613354,24.879537421934035,-0.3889822503661812,0.594572265958487,-1.4796783654073717,0.14212072523307392
31.52,35.184204574037665,-16.750486099149953,1.3076237937805049,24.879403433177302,-0.3883345274562078,0.5935833483827304,-1.4942473528376659,0.14143983065427307
31.54,35.485934867434565,-16.35481841641834,1.3194954607481595,24.879267879445273,-0.38768102097107754,0.5925854994406572,-1.508809561698739,0.14075849300312585
31.560000000000002,35.78268419981544,-15.95540482018936,1.3313471707369722,24.879130756369882,-0.38702169417724414,0.5915786074598862,-1.5233649259299418,0.1400767144139808
31.580000000000002,36.07441175229109,-15.55231215958057,1.3431787428861703,24.87899205953163,-0.38635650967483426,0.5905625507365488,-1.5379133795016822,0.1393944970225676
31.6,36.3610777077768,-15.145607687811772,1.354989993900901,24.878851784459393,-0.385685429224093,0.5895371977543273,-1.5524548564157168,0.13871184296599043
31.62,36.642643255288434,-14.735359046216741,1.3667807378559873,24.878709926630233,-0.38500841357926424,0.5885024075083463,-1.5669892907054492,0.13802875438272164
31.64,36.91907059399266,-14.321634248202429,1.378550786006154,24.87856648146921,-0.3843254223319411,0.5874580299265834,-1.5815166164362402,0.13734523341259414
31.66,37.19032293701196,-13.904501663159898,1.390299946604686,24.87842144434918,-0.3836364137657428,0.5864039063802734,-1.5960367677056893,0.1366612821967959
31.68,37.45636451498519,-13.484030000331131,1.4020280247322914,24.87827481059059,-0.3829413447239725,0.58533987027372,-1.610549678643945,0.13597690287786257
31.7,37.71716057938437,-13.060288292635697,1.4137348221377657,24.87812657546129,-0.38224017049169123,0.5842657477030422,-1.625055283413999,0.13529209759967073
31.720000000000002,37.97267740558864,-12.633345880461155,1.4254201370918267,24.87797673417633,-0.3815328446934075,0.5831813581726641,-1.639553516211999,0.13460686850743145
31.740000000000002,38.22288229571608,-12.203272395420917,1.4370837642552798,24.877825281897742,-0.3808193192073361,0.5820865153578084,-1.6540443112675132,0.1339212177476833
31.76,38.467743581214265,-11.77013774408317,1.448725494562436,24.877672213734343,-0.3800995440969255,0.5809810279008901,-1.6685276028438725,0.13323514746828585
31.78,38.70723062521027,-11.334012091674287,1.4603451151204538,24.877517524741524,-0.379373467560095,0.5798647002295175,-1.6830033252384347,0.13254865981841288
31.8,38.94131382462099,-10.894965845760089,1.4719424091250444,24.87736120992104,-0.37864103589636566,0.578737333383802,-1.6974714127828952,0.13186175694854568
31.82,39.16996461202423,-10.453069639908126,1.48351715579272,24.87720326422079,-0.37790219349181386,0.5775987258408417,-1.7119317998435928,0.13117444101046583
31.84,39.39315545729142,-10.008394317334087,1.4950691303095365,24.8770436825346,-0.3771568828215294,0.576448674324576,-1.7263844208217907,0.13048671415724933
31.86,39.610859868982274,-9.561010914535299,1.506598103796028,24.87688245970202,-0.37640504446902384,0.5752869745896936,-1.740829210153982,0.12979857854325946
31.88,39.823052395501946,-9.110990644914217,1.5181038432878218,24.87671959050808,-0.37564661716180997,0.5741134221689139,-1.7552661023121972,0.12911003632413948
31.900000000000002,40.02970862602099,-8.65840488239471,1.5295861117312004,24.876555069683082,-0.3748815378221682,0.57292781307373,-1.7696950318042848,0.1284210896568066
31.92,40.230805191158375,-8.203325145033862,1.5410446679926748,24.87638889190237,-0.37410974163192645,0.5717299444395894,-1.7841159331742047,0.12773174069944565
31.94,40.426319763427685,-7.745823078632008,1.5524792668814662,24.876221051786104,-0.3733311621099126,0.5705196151074734,-1.7985287410023625,0.1270419916115006
31.96,40.616231057446605,-7.285970440343614,1.5638896591836158,24.876051543899024,-0.3725457312005959,0.5692966261349236,-1.8129333899058586,0.12635184455366946
31.98,40.80051882990961,-6.823839082291639,1.5752755917063137,24.875880362750223,-0.3717533793723125,0.5680607812307,-1.8273298145388086,0.1256613016878971
32.0,40.979163879323764,-6.359500935187995,1.5866368073309278,24.87570750279291,-0.3709540357233758,0.5668118871084576,-1.8417179495926472,0.12497036517736754
32.02,41.15214804550737,-5.893027991962702,1.597973045073097,24.875532958424174,-0.3701476280943048,0.5655497537560581,-1.8560977297964034,0.12427903718649864
32.04,41.31945420885134,-5.424492291404375,1.6092840401482178,24.87535672398474,-0.36933408318436034,0.56427419461837,-1.8704690899170096,0.12358731988093453
32.06,41.481066289342856,-4.9539659018147,1.6205695240405849,24.875178793758735,-0.3685133266705639,0.5629850266926627,-1.884831964759606,0.1228952154275382
32.08,41.636969245350976,-4.4815209046795985,1.631829224574438,24.87499916197343,-0.36768528332738326,0.5616820705369052,-1.8991862891678053,0.12220272599438665
32.1,41.78714907217386,-4.007229378359812,1.6430628659851756,24.874817822799013,-0.36684987714530376,0.5603651501924716,-1.913531998024029,0.12150985375076159
32.12,41.93159280034721,-3.531163381803723,1.654270168989025,24.874634770348315,-0.3660070314465635,0.5590340930238783,-1.9278690262497695,0.12081660086714488
32.14,42.07028849371352,-3.0533949382852708,1.6654508508495027,24.874449998676575,-0.3651566689964108,0.5576887294792395,-1.9421973088059115,0.12012296951520983
32.160000000000004,42.20322524725183,-2.5739960191698867,1.6766046254390874,24.874263501781183,-0.3642987121083443,0.5563288927761103,-1.9565167806929966,0.1194289618678164
32.18,42.33039318466765,-2.093038527711472,1.68773120329461,24.874075273601424,-0.3634330827419166,0.5549544185182635,-1.9708273769515445,0.11873458009900283
32.2,42.45178345574282,-1.6105942828834758,1.698830291664975,24.873885308018213,-0.36255970259181836,0.5535651442497472,-1.9851290326623448,0.11803982638397886
32.22,42.567388233445136,-1.1267350032472385,1.7099015945499696,24.873693598853837,-0.3616784931671113,0.5521609089532368,-1.9994216829467333,0.1173447028991203
32.24,42.6772007107977,-0.6415322908608101,1.7209448127290345,24.87350013987169,-0.360789375859641,0.5507415525002503,-2.013705262966913,0.11664921182196018
32.26,42.78121509750798,-0.15505761523153938,1.7319596437790397,24.87330492477601,-0.3598922720008307,0.5493069150612471,-2.0279797079262134,0.1159533553311843
32.28,42.879426616356824,0.3326177026842204,1.7429457820802643,24.873107947211608,-0.3589871029062378,0.547856836483931,-2.0422449530694253,0.11525713560662228
32.3,42.97183149934765,0.8214225064308817,1.7539029188099429,24.872909200763587,-0.35807378990743305,0.5463911556482799,-2.0565009336830564,0.11456055482924209
32.32,43.058426983616336,1.311285819949416,1.7648307419229088,24.872708678957082,-0.35715225437094805,0.5449097098068856,-2.0707475850956625,0.11386361518114207
32.34,43.13921130710238,1.8021368634156787,1.7757289361190463,24.87250637525698,-0.3562224177042164,0.5434123339191383,-2.0849848426781055,0.11316631884554527
32.36,43.21418370398214,2.293905069017743,1.7865971827974292,24.87230228306763,-0.35528420134861166,0.5418988599876167,-2.099212641843858,0.11246866800679244
32.38,43.2833443998651,2.786520096668706,1.7974351599971818,24.872096395732573,-0.35433752675985625,0.540369116404768,-2.1134309180493167,0.11177066485033392
32.4,43.346694606754305,3.2799118496514152,1.808242542325277,24.871888706534257,-0.3533823153762386,0.5388229273175795,-2.1276396067940633,0.11107231156272454
32.42,43.40423651777225,3.7740104901915847,1.819019000871629,24.87167920869374,-0.35241848857522645,0.5372601120174605,-2.1418386436211883,0.11037361033161507
32.44,43.455973301653756,4.26874645495576,1.8297642031119778,24.87146789537042,-0.3514459676192059,0.535680484361998,-2.1560279641175457,0.10967456334574746
32.46,43.50190909700753,4.764050470470652,1.840477812799218,24.87125475966171,-0.3504646735911999,0.5340838522346067,-2.1702075039140896,0.10897517279494556
32.480000000000004,43.542049006348165,5.259853568460369,1.8511594898439103,24.87103979460278,-0.34947452732153234,0.5324700170473918,-2.1843771986861302,0.1082754408701102
32.5,43.57639908990076,5.756087101098153,1.8618088901848582,24.870822993166236,-0.3484754493064957,0.5308387732917936,-2.1985369841536397,0.10757536976321153
32.52,43.60496635918015,6.252682756169263,1.8724256656506943,24.87060434826183,-0.34746735962016095,0.5291899081407853,-2.212686796081556,0.10687496166728153
32.54,43.62775877034729,6.749572572141753,1.8830094638135098,24.870383852736147,-0.3464501778205239,0.5275232011055825,-2.2268265702800383,0.10617421877640906
32.56,43.64478521734512,7.246688953141934,1.8935599278356214,24.870161499372315,-0.34542382285122686,0.5258384237489743,-2.240956242604805,0.10547314328573056
32.58,43.65605552481662,7.743964683831432,1.904076696310601,24.869937280889683,-0.3443882129401166,0.524135339456561,-2.255075748957384,0.10477173739142519
32.6,43.66158044080783,8.241332944182837,1.914559403099732,24.86971118994352,-0.3433432654959046,0.5224137032663463,-2.2691850252854366,0.1040700032907063
32.62,43.661371629258554,8.738727324151034,1.925007677165059,24.869483219124696,-0.3422888970041853,0.5206732617563197,-2.283284007583009,0.10336794318181675
32.64,43.65544166228383,9.236081838237428,1.9354211424001857,24.86925336095937,-0.3412250229240389,0.5189137529888919,-2.297372631890876,0.1026655592640187
32.660000000000004,43.64380401224916,9.733330939944382,1.9457994174599635,24.869021607908664,-0.3401515575864006,0.5171349065103047,-2.311450834296773,0.10196285373759047
32.68,43.6264730436426,10.230409536117284,1.9561421155901701,24.868787952368347,-0.3390684140953206,0.5153364434024474,-2.3255185509357226,0.1012598288038171
32.7,43.60346400474678,10.7272530011718,1.9664488444582187,24.868552386668515,-0.33797550423316597,0.5135180763838787,-2.3395757179903316,0.10055648666498372
32.72,43.57479301911428,11.223797191203976,1.976719205985896,24.868314903073255,-0.33687273837073156,0.5116795099562956,-2.3536222716910378,0.09985282952437033
32.74,43.54047707684928,11.719978457980938,1.9869527961850224,24.86807549378032,-0.33576002538313326,0.5098204405921818,-2.3676581483164463,0.09914885958624246
32.76,43.50053402569896,12.215733662810086,1.997149204996866,24.867834150920796,-0.3346372725722521,0.5079405569589587,-2.381683284193586,0.09844457905584642
32.78,43.454982561957834,12.711000190284773,2.0073080161360455,24.867590866558764,-0.33350438559638884,0.5060395401746143,-2.3956976156982206,0.09773999013940073
32.8,43.403842221188135,13.205715961904547,2.017428806939538,24.867345632690967,-0.33236126840767155,0.5041170640895279,-2.4097010792551163,0.09703509504409052
32.82,43.347133368759664,13.69981944956815,2.027511148221329,24.867098441246466,-0.33120782319764064,0.5021727955890237,-2.423693611338356,0.0963298959780599
32.84,43.28487719021212,14.193249688937547,2.03755460413311,24.866849284086292,-0.3300439503513132,0.5002063949110959,-2.4376751484715937,0.09562439515040491
32.86,43.2170956814432,14.685946292671353,2.047558732031332,24.86659815300311,-0.32886954840990906,0.49821751597372643,-2.451645627228372,0.09491859477116772
32.88,43.14381163872547,15.17784946352609,2.057523082350807,24.866345039720862,-0.32768451404230076,0.49620580670627756,-2.4656049842324066,0.09421249705132753
32.9,43.06504864855521,15.668900007323794,2.067447198484933,24.86608993589441,-0.32648874202513234,0.4941709093795833,-2.479553156157847,0.09350610420279648
32.92,42.9808310773362,16.159039345784528,2.0773306166725245,24.86583283310919,-0.3252821252314431,0.4921124609295599,-2.493490079729603,0.09279941843840993
32.94,42.89118406090139,16.648209529222452,2.087172865891116,24.865573722880857,-0.3240645546275246,0.49003009326943464,-2.5074156917235975,0.09209244197192175
32.96,42.796133493875516,17.136353249104108,2.096973467756505,24.865312596654903,-0.3228359192776423,0.487923433586025,-2.5213299289670785,0.0913851770179957
32.980000000000004,42.69570601888145,17.62341385046764,2.1067319364282255,24.86504944580632,-0.32159610635616537,0.4857921046158734,-2.5352327283388907,0.09067762579219966
33.0,42.589929015593185,18.109335344201707,2.116447778520543,24.864784261639215,-0.3203450011665654,0.48363572489748363,-2.549124026769756,0.0899697905109988
33.02,42.47883058963827,18.594062419182876,2.126120493018493,24.864517035386445,-0.31908248716667853,0.4814539089963642,-2.563003761242588,0.08926167339174702
33.04,42.36243956135251,19.07754045427027,2.1357495711984207,24.86424775820925,-0.3178084459995648,0.4792462677000899,-2.5768718687927423,0.08855327665268202
33.06,42.24078545438959,19.559715530156325,2.1453344965524224,24.863976421196863,-0.3165227575292521,0.47701240818110463,-2.590728286508344,0.08784460251291655
33.08,42.11389848418851,20.040534441072456,2.154874744716045,24.86370301536615,-0.315225299880617,0.47475193412553846,-2.604572951530507,0.08713565319243373
33.1,41.98180954630145,20.519944706348518,2.1643697833985556,24.86342753166121,-0.3139159494826308,0.4724644458268359,-2.6184058010537106,0.08642643091207679
33.12,41.84455020458484,20.99789458182486,2.1738190723150925,24.863149960953002,-0.31259458111418675,0.4701495402435595,-2.6322267723259927,0.08571693789354595
33.14,41.70215267925637,21.474333071115872,2.1832220631199633,24.86287029403896,-0.31126106795172487,0.46780681102124355,-2.646035802649302,0.08500717635938818
33.160000000000004,41.55464983482071,21.949209936723864,2.192578199340389,24.862588521642582,-0.3099152816178807,0.46543584847871167,-2.6598328293797477,0.08429714853299201
33.18,41.402075167866684,22.422475711002146,2.201886916309963,24.862304634413064,-0.30855709223040656,0.46303623955976553,-2.673617789927883,0.08358685663858084
33.2,41.2444627947388,22.89408170696617,2.2111476411011584,24.86201862292488,-0.3071863684506442,0.46060756775161665,-2.687390621759018,0.08287630290120412
33.22,41.08184743908592,23.36398002895162,2.2203597924561906,24.86173047767739,-0.3058029775308691,0.4581494129718882,-2.701151262393468,0.08216548954673243
33.24,40.91426441929004,23.83212358311834,2.2295227807156284,24.861440189094445,-0.30440678535987603,0.45566135142640424,-2.714899649406866,0.08145441880184896
33.26,40.741749635778234,24.298466087798968,2.238636007744157,24.86114774752397,-0.30299765650623034,0.45314295544035327,-2.728635720430419,0.08074309289404391
33.28,40.56433955822069,24.762962083691217,2.2476988668529643,24.860853143237552,-0.3015754542586747,0.45059379326572546,-2.7423594131512212,0.08003151405160586
33.3,40.38207121261817,25.2255669438927,2.256710742718279,24.860556366430043,-0.3001400406632472,0.44801342886820367,-2.7560706653125,0.079319684503617
33.32,40.19498216828205,25.686236883777287,2.265671011295643,24.860257407219127,-0.2986912765567405,0.44540142169689784,-2.769769414713938,0.07860760647994364
33.34,40.00311052471028,26.144928970711916,2.2745790397295806,24.85995625564491,-0.29722902159620795,0.44275732644050136,-2.783455599211927,0.077895282211231
33.36,39.806494898362786,26.601601133612945,2.2834341862583907,24.859652901669502,-0.2957531342842986,0.4400806927735638,-2.7971291567198517,0.07718271392889621
33.38,39.605174409339824,27.056212172341013,2.292235800113862,24.85934733517658,-0.29426347199028463,0.43737106509665014,-2.8107900252083944,0.07646990386511969
33.4,39.39918866796705,27.508721766933558,2.3009832214157946,24.859039545970965,-0.29275989096672084,0.4346279822741913,-2.8244381427057865,0.07575685425284004
33.42,39.188577761291036,27.959090486674086,2.3096757810612782,24.858729523778194,-0.29124224636175605,0.4318509773738094,-2.8380734472981115,0.07504356732574603
33.44,38.9733822394892,28.40727979899741,2.318312800608755,24.858417258244078,-0.28971039222718975,0.4290395774108359,-2.8516958771295764,0.07433004531827006
33.46,38.75364310219822,28.853252078230078,2.3268935921569716,24.858102738934274,-0.28816418152244144,0.42619330310164893,-2.8653053704027984,0.07361629046558019
33.480000000000004,38.52940178476513,29.2969706141653,2.3354174582190046,24.857785955333828,-0.2866034661146686,0.42331166862931197,-2.878901865379067,0.07290230500357499
33.5,38.300700144425335,29.738399620471743,2.343883691591591,24.857466896846745,-0.2850280967753332,0.4203941814248251,-2.8924853003786453,0.07218809116887485
33.52,38.06758044641211,30.1775042429356,2.3522915752200877,24.857145552795537,-0.28343792317357697,0.41744034196709456,-2.906055613781052,0.07147365119881509
33.54,37.83008535000199,30.614250567535475,2.3606403820594295,24.85682191242076,-0.281832793866817,0.41444964360451714,-2.919612744025309,0.07075898733144081
33.56,37.58825789450092,31.04860562834957,2.36892937493152,24.856495964880573,-0.28021255628902325,0.4114215724008052,-2.933156629610272,0.0700441018054965
33.58,37.34214148517586,31.48053741529491,2.377157806379536,24.85616769925028,-0.2785770567371786,0.4083556070074451,-2.9466872090948497,0.06932899686042301
33.6,37.091779879136766,31.910014881698224,2.385324918519685,24.855837104521854,-0.27692614035645574,0.4052512185648806,-2.9602044210983376,0.06861367473634712
33.62,36.83721717117412,32.337007951698276,2.3934299428909824,24.85550416960349,-0.27525965112467515,0.40210787063426406,-2.9737082043006557,0.0678981376740768
33.64,36.578497779557026,32.761487527479524,2.4014721003036676,24.85516888331912,-0.2735774318366251,0.3989250191613136,-2.987198497442659,0.06718238791509246
33.660000000000004,36.315666431797275,33.18342549633692,2.4094506006868937,24.854831234407953,-0.27187932408884136,0.3957021124735559,-3.000675239326381,0.06646642770154187
33.68,36.04876815038465,33.60279473757195,2.4173646429363647,24.854491211524,-0.2701651682654496,0.39243859131195236,-3.014138368815339,0.06575025927623154
33.7,35.777848238499054,34.019569129219704,2.425213414762604,24.854148803235585,-0.26843480352567456,0.38913388889765615,-3.0275878248348103,0.06503388488261966
33.72,35.50295226570496,34.43372355460735,2.4329960925405576,24.853803998024873,-0.2666880677936143,0.385787431034403,-3.0410235463720783,0.06431730676481108
33.74,35.22412605363397,34.84523390874379,2.440711841161246,24.853456784287374,-0.26492479775086786,0.38239863624680354,-3.0544454724767642,0.06360052716754688
33.76,34.94141566166112,35.25407710454095,2.4483598138861815,24.853107150331468,-0.2631448288325865,0.3789669159546183,-3.067853542261039,0.06288354833620124
33.78,34.654867372580995,35.660231078866566,2.455939152205274,24.852755084377897,-0.26134799522750035,0.37549167468289296,-3.081247694899955,0.06216637251677101
33.8,34.36452767828939,36.063674798429,2.463448985698932,24.852400574559283,-0.25953412988244495,0.3719723103076948,-3.094627869631684,0.06144900195587106
33.82,34.07044326547677,36.46438826549398,2.4708884319050863,24.852043608919615,-0.2577030645118858,0.36840821433704807,-3.107994005757827,0.06073143890072538
33.84,33.77266100133951,36.86235252343373,2.4782565961918275,24.85168417541376,-0.2558546296129065,0.364798772226576,-3.121346042643646,0.060013685599162044
33.86,33.47122791931529,37.25754966210846,2.485552571636359,24.851322261906933,-0.2539886544860935,0.36114336372927147,-3.1346839197183773,0.05929574429960456
33.88,33.16619120484882,37.64996282308064,2.492775438910945,24.85095785617422,-0.252104967262715,0.3574413632787895,-3.1480075764754947,0.05857761725106498
33.9,32.85759818119439,38.039576204662,2.499924266176521,24.850590945900027,-0.25020339493855615,0.3536921404056271,-3.161316952472972,0.05785930670313778
33.92,32.54549629526169,38.42637506679347,2.506998108984634,24.850221518677593,-0.24828376341473643,0.34989506018558025,-3.1746119873335803,0.0571408149059921
33.94,32.229933103511556,38.81034573575819,2.513996010188346,24.84984956200845,-0.24634589754579866,0.3460494837199004,-3.1878926207451297,0.05642214411036482
33.96,31.910956257908204,39.19147560872744,2.5209169998627434,24.849475063301906,-0.2443896211953252,0.3421547686466412,-3.20115879246078,0.05570329656755359
33.980000000000004,31.588613491934897,39.569753158139484,2.527760095235676,24.84909800987451,-0.2424147572993024,0.3382102696827816,-3.2144104422992887,0.054984274529409696
34.0,31.262952606679775,39.945167935911236,2.5345243006293323,24.848718388949525,-0.2404211279374229,0.33421533919681773,-3.2276475101452817,0.054265080248331085
34.02,30.934021456998963,40.31771057748234,2.541208607413269,24.848336187656393,-0.23840855441248635,0.330169327811652,-3.240869935949552,0.05354571597725524
34.04,30.60186793776399,40.687372805691375,2.5478119939695016,24.847951393030186,-0.2363768573380317,0.3260715850377566,-3.2540776597293015,0.05282618396965234
34.06,30.266539970200803,41.0541474344837,2.554333425670256,24.847563992011068,-0.23432585673431117,0.32192145993675303,-3.2672706215684393,0.05210648647951748
34.08,29.92808548832768,41.41802837245021,2.5607718548689906,24.847173971443752,-0.23225537213269473,0.3177183018157318,-3.280448761617828,0.05138662576136486
34.1,29.58655242549959,41.779010626196246,2.5671262209053047,24.84678131807694,-0.2301652226885782,0.3134614609528069,-3.2936120200955843,0.05066660407021909
34.12,29.241988701066546,42.137090303539786,2.5733954501243606,24.846386018562768,-0.22805522730285274,0.3091502893546132,-3.3067603372873138,0.04994642366161033
34.14,28.894442207153816,42.492264616537604,2.5795784559114523,24.84598805945626,-0.22592520475198588,0.304784141546627,-3.3198936535464214,0.04922608679156466
34.160000000000004,28.543960795571845,42.84453188433822,2.5856741387423847,24.845587427214753,-0.22377497382675604,0.30036237539740457,-3.333011909294356,0.04850559571659883
34.18,28.190592264863998,43.19389153586006,2.5916813862503325,24.845184108197323,-0.22160435347968163,0.29588435297801147,-3.346115045020873,0.04778495269371336
34.2,27.834384347500382,43.54034411229308,2.597599073309892,24.844778088664235,-0.21941316298118574,0.291349441458103,-3.3592030012843543,0.04706415998038299
34.22,27.475384697226165,43.883891269421824,2.6034260621390537,24.84436935477635,-0.21720122208454193,0.28675701404030807,-3.3722757187120047,0.04634321983455333
34.24,27.113640876573,44.22453577976783,2.60916120241986,24.843957892594563,-0.2149683511996546,0.28210645093470976,-3.3853331380001848,0.04562213451463039
34.26,26.749200344542356,44.56228153454874,2.614803331438554,24.843543688079205,-0.2127143715757367,0.27739714037539187,-3.398375199914638,0.04490090627947588
34.28,26.382110444469717,44.89713354545154,2.6203512742460617,24.843126727089462,-0.21043910549296116,0.2726284796811382,-3.4114018452907917,0.04417953738839827
34.300000000000004,26.01241839207887,45.229097946216726,2.6258038438396847,24.842706995382795,-0.20814237646317696,0.2677998763625036,-3.424413015033992,0.04345803010114777
34.32,25.64017126373565,45.55818199403019,2.6311598413669346,24.842284478614324,-0.2058240094397977,0.2629107492775572,-3.4374086501197985,0.04273638667790755
34.34,25.26541598491073,45.88439407071917,2.636418056352486,24.841859162336252,-0.20348383103698875,0.2579605298386837,-3.450388691594247,0.04201460937928688
34.36,24.8881993188613,46.20774368374817,2.64157726694926,24.841431031997246,-0.2011216697582984,0.2529486632728735,-3.463353080574102,0.041292700466315155
34.38,24.508567855541603,46.528241467010744,2.6466362402147174,24.841000072941842,-0.19873735623489824,0.2478746099379516,-3.4763017582471507,0.04057066220043313
34.4,24.126568000752624,46.845899181412264,2.6515937324134766,24.84056627040983,-0.19633072347361763,0.2427378466972035,-3.4892346658724316,0.03984849684348805
34.42,23.742245965541343,47.160729715238766,2.6564484893474205,24.840129609535634,-0.19390160711497748,0.23753786835480617,-3.5021517447805435,0.039126206657724004
34.44,23.355647755860243,47.47274708430635,2.661199246714517,24.839690075347704,-0.19144984570144644,0.23227418915442538,-3.515052936373878,0.03840379390577687
34.46,22.96681916249794,47.78196643188536,2.6658447304976054,24.839247652767884,-0.18897528095616126,0.2269463443432431,-3.5279381821269125,0.03768126085066626
34.480000000000004,22.57580575129208,48.088404028393015,2.6703836573844697,24.838802326610793,-0.1864777580723681,0.22155389180354673,-3.5408074235864433,0.03695860975578867
34.5,22.18265285363572,48.39207727084787,2.67481473522054,24.838354081583184,-0.18395712601385616,0.21609641375386912,-3.55366060237188,0.03623584288491036
34.52,21.787405557288803,48.69300468207883,2.6791366634956173,24.837902902283314,-0.18141323782666577,0.21057351852146639,-3.5664976601755045,0.03551296250216026
34.54,21.39010869750635,48.991205909681206,2.6833481338660468,24.83744877320031,-0.17884595096236186,0.2049848423877077,-3.579318538762716,0.034789970872023075
34.56,20.990806848495282,49.28670172471166,2.6874478307138006,24.83699167871352,-0.17625512761316897,0.19933005150768596,-3.5921231799723343,0.03406687025933127
34.58,20.58954431521197,49.579514020113386,2.6914344317439545,24.836531603091856,-0.1736406350592648,0.19360884390507793,-3.604911525716803,0.033343662929259985
34.6,20.186365125512665,49.86966580886241,2.6953066086220563,24.836068530493158,-0.17100234602852765,0.18782095154294715,-3.6176835179825257,0.032620351147317386
34.62,19.781313022669256,50.15718122182537,2.6990630276529153,24.83560244496353,-0.16834013906902578,0.18196614247083076,-3.630439098830067,0.03189693717933975
34.64,19.374431458262826,50.44208550531852,2.7027023505023315,24.835133330436676,-0.16565389893452528,0.17604422304805284,-3.643178210394457,0.03117342329148274
34.660000000000004,18.965763585467645,50.724405018357196,2.706223234963293,24.834661170733238,-0.1629435169832774,0.17005504024278129,-3.655900794885432,0.030449811750215383
34.68,18.5553522527383,51.00416722958434,2.709624335768149,24.834185949560126,-0.1602088915903243,0.16399848400587447,-3.668606794587692,0.02972610482231317
34.7,18.143239997912765,51.28140071386622,2.7129043054482667,24.833707650509847,-0.15744992857353654,0.1578744897180637,-3.681296151861192,0.02900230477484929
34.72,17.729469042744245,51.556135148542744,2.716061795242628,24.833226257059824,-0.15466654163356244,0.15168304070849167,-3.693968809141369,0.02827841387518955
34.74,17.31408128787463,51.82840130931921,2.719095456056798,24.832741752571714,-0.15185865280783334,0.1454241708420381,-3.7066247089394326,0.027554434390983474
34.76,16.897118308262396,52.09823106578582,2.7220039394736393,24.832254120290717,-0.149026192938724,0.1390979671722786,-3.7192637938425945,0.02683036859015933
34.78,16.478621349077784,52.36565737655045,2.7247858988170854,24.831763343344896,-0.14616910215591933,0.13270457265625438,-3.731886006514362,0.026106218740914518
34.800000000000004,16.0586313220779,52.63071428396986,2.727439990270211,24.831269404744464,-0.14328733037298308,0.1262441889265822,-3.7444912896947744,0.025381987111710455
34.82,15.637188802474384,52.893436908463514,2.7299648740487426,24.830772287381098,-0.1403808377980626,0.11971707911570116,-3.757079586200669,0.02465767597126474
34.84,15.21433402630603,53.15386144239405,2.7323592156310568,24.83027197402723,-0.1374495954585976,0.1131235707263208,-3.7696508389259535,0.023933287588543312
34.86,14.790106888328603,53.41202514349737,2.7346216870455837,24.829768447335333,-0.13449358573982692,0.10646405854135679,-3.7822049908418354,0.023208824232755363
34.88,14.364546940433787,53.667966327844994,2.736750968216411,24.829261689837214,-0.13151280293680795,0.09973900756582521,-3.794741984997117,0.02248428817334367
34.9,13.937693390608931,53.921724362320795,2.7387457483677276,24.828751683943292,-0.12850725381957878,0.09294895599234472,-3.8072617645184224,0.02175968167997966
34.92,13.509585102448884,54.17333965659341,2.7406047274875744,24.82823841194187,-0.1254769582110012,0.08609451818101486,-3.819764272610483,0.0210350070225545
34.94,13.080260595230763,54.42285365456538,2.7423266178511945,24.827721855998423,-0.1224219495767254,0.07917638764356807,-3.8322494525563573,0.020310266471174343
34.96,12.649758044562073,54.670308825279385,2.7439101456040653,24.82720199815484,-0.11934227562661512,0.07219534002075866,-3.8447172477177487,0.019585462296149755
34.980000000000004,12.218115283611994,54.915748653261566,2.7453540524044806,24.82667882032872,-0.11623799892686153,0.06515223604105404,-3.85716760153519,0.01886059676799242
35.0,11.785369804935073,55.159217628281496,2.7466570971253015,24.8261523043126,-0.11310919752190171,0.058048024447719226,-3.8696004575283514,0.018135672157405507
35.02,11.351558762895872,55.400761234507975,2.7478180576142552,24.825622431773226,-0.10995596556513636,0.05088374488045261,-3.8820157592962863,0.017410690735276707
35.04,10.916718976702347,55.64042593903948,2.748835732511864,24.825089184250796,-0.10677841395731696,0.043660530696775036,-3.8944134505176664,0.01668565477267277
35.06,10.48088693405493,55.87825917978798,2.7497089431257997,24.82455254315821,-0.10357667099134317,0.03637961171740541,-3.9067934749510678,0.015960566540830574
35.08,10.044098795417344,56.11430935269447,2.750436535360148,24.8240124897803,-0.10035088300207566,0.02904231687892865,-3.9191557764352005,0.015235428311151095
35.1,9.606390398914236,56.34862579825458,2.751017381697727,24.82346900527308,-0.09710121501963188,0.021650076776122816,-3.9315002988891825,0.014510242355191393
35.12,9.167797265859573,56.58125878733263,2.7514503832332498,24.822922070662955,-0.09382785142448843,0.01420442607542148,-3.943826986312775,0.013785010944658756
35.14,8.728354606918673,56.81225950624244,2.7517344717547587,24.822371666845967,-0.0905309966025681,0.006707005780107242,-3.9561357827866614,0.013059736351401955
35.160000000000004,8.288097328905428,57.04168004107356,2.7518686118703606,24.821817774587004,-0.08721087559833963,-0.0008404346729702942,-3.9684266324726694,0.012334420847406128
35.18,7.847060042214997,57.269573361241676,2.7518518031769013,24.821260374519017,-0.08386773476380702,-0.008436035506140863,-3.9806994796140502,0.011609066704784019
35.2,7.405277068890816,57.495993302242546,2.751683082466778,24.820699447142236,-0.08050184240111068,-0.016077824904793585,-3.9929542685357275,0.010883676195768867
35.22,6.962782451323281,57.72099454758919,2.751361525968682,24.820134972823364,-0.07711348939630847,-0.023763717554676825,-4.00519094364453,0.010158251592709108
35.24,6.51960996157588,57.944632609912844,2.7508862516175885,24.8195669317948,-0.07370298984174886,-0.0314915134354319,-4.0174094494294765,0.009432795168058701
35.26,6.075793111332892,58.16696381120881,2.7502564213488796,24.81899530415381,-0.07027068164429358,-0.03925889689356991,-4.0296097304619956,0.008707309194372207
35.28,5.63136516246102,58.38804526220954,2.7494712434110085,24.81842006986173,-0.06681692711649345,-0.0470634360184029,-4.041791731396204,0.007981795944296015
35.300000000000004,5.186359138175527,58.60793484086816,2.7485299746906406,24.81784120874316,-0.06334211354767003,-0.054902582344579336,-4.053955396969136,0.0072562576905623325
35.32,4.740807834799544,58.826691169937035,2.7474319230437487,24.817258700485134,-0.05984665375170724,-0.06277367090487644,-4.066100672000996,0.00653069670598223
35.34,4.294743834103266,59.044373593627284,2.7461764496256507,24.816672524636296,-0.05633098658821488,-0.07067392065673646,-4.078227501395439,0.0058051152634368995
35.36,3.8481995162077527,59.26104215333696,2.7447629712125163,24.816082660606078,-0.052795577453587476,-0.07860043530566678,-4.090335830139777,0.005079515635872525
35.38,3.4012070730359705,59.476757562437086,2.743190962506403,24.815489087663867,-0.04924091873835291,-0.08655020454809427,-4.102425603305263,0.00435390009629135
35.4,2.953798522291615,59.691581180106965,2.741459958415441,24.814891784938155,-0.04566753024708331,-0.09452010575548359,-4.114496766047309,0.0036282709177469174
35.42,2.5060057219441063,59.9055749842121,2.7395695563003315,24.814290731415706,-0.042075959577030295,-0.10250690612057353,-4.126549263605775,0.002902630373333493
35.44,2.0578603851959745,60.11880154322049,2.7375194181779197,24.81368590594071,-0.03846678245154693,-0.11050726528533292,-4.138583041305173,0.0021769807361829503
35.46,1.6093940959066868,60.33132398715547,2.735309272872213,24.81307728721391,-0.034840603004274315,-0.11851773846881263,-4.15059804455495,0.0014513242794541913
35.480000000000004,1.160638324444767,60.543205977585934,2.732938918102837,24.812464853791774,-0.031198054009999948,-0.12653478011132202,-4.162594218849724,0.0007256632763280251
35.5,0.7116244439378947,60.754511676657636,2.7304082225006105,24.811848584085592,-0.027539797058042985,-0.13455474804939746,-4.17457150976951,5.021051876504148e-17
35.52,0.26238374688853455,60.96530571517218,2.7277171275396226,24.81122845636064,-0.0238665226639879,-0.14257390823378877,-4.186529862980011,-0.0007256632763281068
35.54,-0.18705253787948,61.17565315972352,2.724865649374947,24.81060444873529,-0.02017895031557562,-0.15058844000016663,-4.198469224232824,-0.0014513242794539087
35.56,-0.6366532279800072,61.38561947890506,2.721853880574944,24.809976539180127,-0.01647782844857231,-0.1585944418994969,-4.2103895393657105,-0.002176980736182668
35.58,-1.0863871699678955,61.59527050860383,2.718681991736954,24.809344705517077,-0.012763934348471584,-0.16658793809197642,-4.222290754302827,-0.0029026303733333918
35.6,-1.5362232216269915,61.80467241640178,2.7153502329751147,24.808708925418504,-0.009038073973948896,-0.17456488530514636,-4.234172815054987,-0.0036282709177468163
35.62,-1.98613023408511,62.013891665107955,2.711858935269012,24.808069176406317,-0.005301081698078651,-0.18252118035325657,-4.246035667719878,-0.004353900096291432
35.64,-2.4360770337998776,62.222994975448984,2.7082085116619474,24.807425435851076,-0.0015538199634471516,-0.19045266821120516,-4.257879258482342,-0.005079515635872426
35.660000000000004,-2.8860324044608783,62.432049287949084,2.7043994582977238,24.80677768097108,0.0022028211525505392,-0.1983551506323922,-4.269703533614597,-0.005805115263437163
35.68,-3.335965068854881,62.641121724034825,2.7004323552850753,24.806125888831453,0.005967924465752192,-0.20622439529568132,-4.281508439476473,-0.006530696705982311
35.7,-3.785843670742129,62.85027954640359,2.6963078673791614,24.805470036343234,0.009740546309905862,-0.2140561454623453,-4.2932939225156845,-0.007256257690562595
35.72,-4.23563675679264,63.05959011869875,2.6920267444699144,24.804810100262447,0.013519717261018634,-0.22184613011941182,-4.305059929268044,-0.007981795944295916
35.74,-4.685312758632281,63.26912086453828,2.687589821867526,24.804146057189183,0.01730444296411147,-0.22959007458129888,-4.31680640635773,-0.008707309194372105
35.76,-5.134839975048927,63.47893922594752,2.6829980203758996,24.803477883566657,0.021093705064775814,-0.237283711517012,-4.3285333004975035,-0.0094327951680586
35.78,-5.584186554409351,63.689112621250494,2.678252346145559,24.802805555680273,0.024886462247548157,-0.24492279236556988,-4.340240558488974,-0.010158251592709187
35.800000000000004,-6.033320477337588,63.89970840247778,2.673353890298248,24.802129049656685,0.02868165138269986,-0.25250309909771745,-4.3519281272228145,-0.01088367619576913
35.82,-6.482209539705338,64.11079381235255,2.6683038283162936,24.801448341462837,0.032478188782579825,-0.26002045627748266,-4.363595953679027,-0.011609066704783918
35.84,-6.930821335984547,64.32243594091979,2.663103419190744,24.80076340690502,0.03627497156814911,-0.26747074337272375,-4.375243984927178,-0.01233442084740639
35.86,-7.379123243011585,64.53470168188657,2.657754004323289,24.8000742216279,0.04007087914580866,-0.27484990725958863,-4.386872168126617,-0.013059736351401854
35.88,-7.827082404211499,64.74765768874481,2.652257006178097,24.79938076111356,0.04386477479404576,-0.28215397486182414,-4.3984804505267565,-0.013785010944658655
35.9,-8.274665714329513,64.96137033074983,2.6466139266808604,24.798683000680533,0.047655507358814055,-0.2893790658621178,-4.410068779467265,-0.014510242355191291
35.92,-8.721839804715469,65.17590564883125,2.6408263453636174,24.797980915482807,0.05144191305591624,-0.2965214054192935,-4.421637102378344,-0.015235428311150993
35.94,-9.168571029205053,65.3913293115143,2.634895917255232,24.797274480508857,0.05522281737798332,-0.3035773368221293,-4.4331853667809415,-0.01596056654083047
35.96,-9.614825450639623,65.60770657093175,2.628824370518789,24.796563670580653,0.05899703710293958,-0.3105433340079998,-4.444713520287014,-0.01668565477267285
35.980000000000004,-10.060568828064088,65.82510221900789,2.622613503838629,24.79584846035267,0.0627633824001151,-0.3174160138724053,-4.456221510599731,-0.017410690735276787
36.0,-10.505766604639746,66.04358054389718,2.6162651835611808,24.795128824310876,0.06652065902941909,-0.32419214829386556,-4.46770928551374,-0.018135672157405226
36.02,-10.950383896306151,66.26320528676094,2.609781340595303,24.794404736771742,0.07026767062822471,-0.33086867579759793,-4.4791767929154025,-0.018860596767992323
36.04,-11.39438548122308,66.48403959896552,2.603163967079351,24.793676171881224,0.07400322107984308,-0.33744271278094573,-4.490623980783007,-0.01958546229614947
36.06,-11.837735790020412,66.7061459997855,2.596415112823732,24.79294310361374,0.07772611695668703,-0.3439115642236957,-4.502050797187038,-0.020310266471174062
36.08,-12.280398896880362,66.9295863346946,2.5895368815392583,24.792205505771165,0.08143517003045063,-0.35027273380721713,-4.513457190290372,-0.021035007022554404
36.1,-12.722338511472948,67.15442173432642,2.582531426863114,24.79146335198178,0.08512919984086434,-0.35652393336784827,-4.524843108348557,-0.021759681679979378
36.12,-13.163517971761854,67.38071257418521,2.5754009481957567,24.790716615699253,0.08880703631383567,-0.36266309161207194,-4.5362084997100105,-0.02248428817334357
36.14,-13.603900237694099,67.60851843518557,2.568147686363515,24.789965270201606,0.09246752241905809,-0.3686883620238636,-4.5475533128162775,-0.023208824232755262
36.160000000000004,-14.04344788578305,67.83789806509711,2.5607739191230383,24.789209288590147,0.0961095168564747,-0.3745981298980733,-4.558877496202245,-0.023933287588543392
36.18,-14.482123104590384,68.06890934096792,2.553281956525077,24.78844864378844,0.09973189676032576,-0.38039101843785694,-4.57018099849639,-0.02465767597126464
36.2,-14.919887691108718,68.30160923259737,2.54567413615632,24.787683308541233,0.10333356040889763,-0.38606589385896883,-4.581463768421013,-0.02538198711171054
36.22,-15.356703048042665,68.53605376712524,2.537952818279141,24.78691325541341,0.1069134299275341,-0.39162186944913135,-4.592725754792459,-0.02610621874091442
36.24,-15.792530181982274,68.77229799480051,2.5301203808901587,24.78613845678891,0.11047045397197638,-0.3970583085366978,-4.603966906521364,-0.02683036859015941
36.26,-16.22732970245896,69.01039595598883,2.522179214719425,24.78535888486965,0.11400361037867332,-0.4023748263293448,-4.615187172612867,-0.02755443439098356
36.28,-16.66106182187038,69.25040064947315,2.5141317181928375,24.784574511674464,0.11751190876835596,-0.40757129059058056,-4.626386502166865,-0.02827841387518945
36.300000000000004,-17.09368635625717,69.49236400209736,2.5059802923810253,24.783785309037988,0.12099439308890794,-0.4126478211293054,-4.63756484437823,-0.02900230477484955
36.32,-17.525162726911038,69.73633683979754,2.497727335958439,24.782991248609594,0.12445014408339097,-0.41760478808552814,-4.648722148537031,-0.029726104822313065
36.34,-17.95544996279055,69.98236886006036,2.489375240196729,24.782192301852273,0.12787828166900972,-0.42244280900352305,-4.659858364028797,-0.03044981175021565
36.36,-18.38450670371791,70.23050860584237,2.4809263840166587,24.781388440041543,0.13127796721282847,-0.4271627446921173,-4.670973440334701,-0.03117342329148264
36.38,-18.812291204327387,70.48080344097873,2.472383129122816,24.780579634264328,0.13464840569018588,-0.4317656938804394,-4.682067327031831,-0.03189693717933965
36.4,-19.23876133873338,70.73329952710377,2.463747815245208,24.77976585541785,0.13798884771199982,-0.4362529866861452,-4.693139973793386,-0.03262035114731728
36.42,-19.663874605884107,70.98804180210016,2.455022755511485,24.7789470742085,0.1412985914075137,-0.4406261769219082,-4.704191330388934,-0.03334366292926007
36.44,-20.087588135564797,71.24507396008767,2.4462102319730468,24.778123261150718,0.14457698414950917,-0.4448870332746442,-4.7152213466846025,-0.03406687025933135
36.46,-20.50985869501273,71.50443843295638,2.4373124913075532,24.777294386565853,0.14782342410960214,-0.44903752940053554,-4.726229972643357,-0.03478997087202298
36.480000000000004,-20.93064269610515,71.76617637344356,2.4283317407195426,24.776460420581017,0.15103736163194392,-0.45307983298727794,-4.737217158325177,-0.03551296250216034
36.5,-21.349896203080053,72.03032763974757,2.419270144059797,24.77562133312795,0.1542183004144717,-0.4570162938430865,-4.74818285388731,-0.03623584288491026
36.52,-21.76757494074924,72.29693078166662,2.410129818182935,24.774777093941857,0.15736579848778348,-0.46084943107973914,-4.7591270095845,-0.036958609755788754
36.54,-22.183634303162567,72.56602302824439,2.4009128295613404,24.773927672560255,0.16047946898275292,-0.4645819194642564,-4.77004957576919,-0.037681260850666164
36.56,-22.598029362682485,72.83764027689963,2.391621191172055,24.773073038321808,0.16355898067914126,-0.46821657502066166,-4.78095050289178,-0.03840379390577677
36.58,-23.01071487942804,73.1118170840112,2.3822568596716422,24.77221316036515,0.16660405832870154,-0.471756339969524,-4.791829741500819,-0.039126206657723726
36.6,-23.421645311048287,73.3885866569255,2.372821732872252,24.771348007627715,0.1696144827475956,-0.4752042670986633,-4.80268724224326,-0.03984849684348794
36.62,-23.830774822785894,73.66798084734859,2.3633176475302786,24.770477548844546,0.1725900906743506,-0.4785635036633636,-4.813522955864649,-0.040570662200433025
36.64,-24.2380572977929,73.95003014608048,2.3537463774570115,24.769601752547114,0.1755307743910554,-0.48183727491872563,-4.824336833209394,-0.04129270046631487
36.660000000000004,-24.643446347662085,74.23476367904583,2.344109631958637,24.768720587062113,0.17843648110703145,-0.48502886739026174,-4.835128825220936,-0.042014609379286784
36.68,-25.04689532313912,74.52220920457079,2.3344090546108323,24.76783402051026,0.1813072121057922,-0.4881416119915419,-4.845898882942012,-0.04273638667790745
36.7,-25.448357324982588,74.81239311185298,2.324646222371001,24.766942020805093,0.18414302165771942,-0.49117886709954395,-4.856646957514864,-0.04345803010114785
36.72,-25.847785214941187,75.10534042056834,2.31482264502901,24.76604455565175,0.18694401570251878,-0.49414400169934525,-4.867373000181448,-0.04417953738839836
36.74,-26.245131626819703,75.40107478155582,2.304939764995023,24.765141592545746,0.1897103503071587,-0.4970403787099028,-4.87807696228368,-0.04490090627947577
36.76,-26.640348977607964,75.6996184785193,2.294998957420825,24.764233098771747,0.19244222990662835,-0.49987133860188204,-4.888758795263633,-0.045622134514630285
36.78,-27.033389478649514,76.00099243068344,2.2850015306487874,24.763319041402347,0.1951399053364619,-0.5026401834167993,-4.899418450663774,-0.04634321983455322
36.800000000000004,-27.424205146829642,76.30521619633961,2.274948726980451,24.762399387296814,0.19780367166754628,-0.5053501612941815,-4.910055880127175,-0.04706415998038325
36.82,-27.81274781576517,76.61230797721643,2.264841723754568,24.761474103099843,0.20043386585524994,-0.5080044516099714,-4.92067103539773,-0.04778495269371327
36.84,-28.19896914698134,76.92228462360909,2.2546816347223686,24.76054315524032,0.20303086421635969,-0.5106061508250975,-4.931263868320384,-0.04850559571659909
36.86,-28.58282064106409,77.23516164020161,2.2444695117058666,24.759606509930045,0.20559507974868096,-0.5131582591379601,-4.941834330841349,-0.04922608679156456
36.88,-28.96425364877893,77.550953192516,2.2342063465231075,24.758664133162473,0.2081269593094278,-0.515663668028635,-4.952382375008317,-0.049946423661610416
36.9,-29.343219382150533,77.86967211392322,2.223893073162534,24.757715990711443,0.21062698066968885,-0.5181251487758647,-4.962907952970669,-0.050666604070219175
36.92,-29.719668925500013,78.19132991315156,2.2135305701870163,24.756762048129904,0.21309564946329365,-0.5205453420204892,-4.973411016979719,-0.051386625761364754
36.94,-30.093553246439605,78.51593678222979,2.203119663346607,24.75580227074862,0.21553349604930444,-0.5229267484408741,-4.983891519388903,-0.05210648647951738
36.96,-30.464823206827177,78.84350160480332,2.1926611283777895,24.75483662367489,0.2179410723081165,-0.5252717205972213,-4.994349412654014,-0.05282618396965224
36.980000000000004,-30.83342957368542,79.17403196476475,2.1821556939658446,24.75386507179124,0.22031894839175026,-0.527582455992442,-5.004784649333406,-0.053545715977255506
37.0,-31.199323030093012,79.50753415514144,2.1716040448459957,24.752887579754123,0.22266770944935715,-0.5298609913876269,-5.0151971820882055,-0.054265080248331175
37.02,-31.56245418605717,79.84401318718602,2.1610068250182426,24.751904111992616,0.2249879523492292,-0.5321091984001365,-5.025586963682552,-0.054984274529409786
37.04,-31.922773589379034,80.18347279961843,2.15036464105024,24.750914632707094,0.22728028241869627,-0.5343287804020265,-5.035953946983779,-0.0557032965675535
37.06,-32.280231736524996,80.52591546797117,2.139678065442199,24.749919105867907,0.22954531022321076,-0.5365212707260416,-5.046298084962654,-0.0564221441103649
37.08,-32.63477908351871,80.87134241399292,2.128947640027679,24.748917495214055,0.2317836484056553,-0.5386880321758134,-5.056619330693566,-0.05714081490599182
37.1,-32.98636605686969,81.21975361506895,2.1181738793841625,24.74790976425185,0.2339959086064671,-0.5408302578263111,-5.066917637354776,-0.05785930670313768
37.12,-33.334943064555524,81.57114781362085,2.1073572742276365,24.74689587625357,0.23618269848455195,-0.5429489730900697,-5.077192958228585,-0.058577617251064695
37.14,-33.68046050707535,81.92552252645152,2.0964982947658353,24.745875794256115,0.23834461885816838,-0.5450450390144262,-5.087445246701581,-0.059295744299604276
37.160000000000004,-34.02286878859288,82.28287405400549,2.0855973939855463,24.74484948105964,0.2404822609840021,-0.5471191567649398,-5.097674456264832,-0.06001368559916212
37.18,-34.36211832818721,82.64319748951863,2.0746550108502477,24.743816899226204,0.24259620399153106,-0.54917187324053,-5.107880540514099,-0.06073143890072528
37.2,-34.69815957122991,83.00648672803509,2.063671573385437,24.742778011078403,0.24468701248851,-0.5512035877566868,-5.118063453150059,-0.061449001955870775
37.22,-35.03094300090621,83.37273447527367,2.052647501630304,24.741732778697983,0.24675523435199395,-0.5532145597244735,-5.128223147978495,-0.06216637251677091
37.24,-35.36041914989775,83.74193225632959,2.041583210435814,24.740681163924464,0.24880139871778142,-0.5552049172450867,-5.13835957891053,-0.06288354833620113
37.26,-35.68653861224329,84.11407042420133,2.0304791120909123,24.73962312835375,0.25082601417950656,-0.5571746665324707,-5.148472699962807,-0.06360052716754679
37.28,-36.009252055392864,84.48913816813669,2.0193356187602625,24.73855863333673,0.25282956720685973,-0.5591237020700441,-5.158562465257726,-0.064317306764811
37.300000000000004,-36.3285102324694,84.86712352179512,2.008153144718861,24.737487639977893,0.25481252079058203,-0.5610518174019892,-5.168628829023629,-0.06503388488261992
37.32,-36.64426399475027,85.24801337122753,1.996932108370821,24.736410109133892,0.25677531331998155,-0.5629587164548976,-5.178671745595021,-0.06575025927623145
37.34,-36.95646430437962,85.63179346267778,1.9856729340417232,24.735326001412155,0.2587183576967715,-0.5648440252818371,-5.18869116941278,-0.06646642770154214
37.36,-37.26506224732034,86.01844841021351,1.9743760535360861,24.734235277169443,0.2606420406870548,-0.566707304118209,-5.198687055024345,-0.06718238791509255
37.38,-37.57000904655237,86.4079617031967,1.9630419074537215,24.733137896510435,0.26254672251129163,-0.5685480596370868,-5.208659357083948,-0.06789813767407671
37.4,-37.871256075522254,86.80031571360705,1.9516709462609798,24.732033819286286,0.2644327366701061,-0.5703657572910891,-5.218608030352797,-0.06861367473634702
37.42,-38.16875487184597,87.19549170323393,1.9402636311151582,24.730923005093185,0.26630039000183564,-0.57215983362827,-5.228533029699298,-0.06932899686042293
37.44,-38.46245715126539,87.59346983075453,1.928820434442593,24.729805413270917,0.2681499629658169,-0.5739297084709758,-5.238434310099244,-0.0700441018054964
37.46,-38.752314821855805,87.99422915871793,1.9173418402731732,24.728681002901393,0.26998171014355526,-0.5756747968491209,-5.24831182663604,-0.0707589873314407
37.480000000000004,-39.03827999847991,88.39774766045625,1.9058283443361912,24.727549732807198,0.27179586094816016,-0.5773945205828452,-5.258165534500879,-0.07147365119881535
37.5,-39.32030501748105,88.80400222694533,1.8942804539245346,24.72641156155012,0.27359262053075695,-0.5790883194139926,-5.267995388992969,-0.07218809116887476
37.52,-39.59834245160635,89.21296867363847,1.882698687536255,24.725266447429675,0.27537217087102983,-0.580755661591251,-5.277801345519734,-0.07290230500357524
37.54,-39.87234512514797,89.62462174729731,1.8710835743044303,24.724114348481628,0.27713467203761766,-0.5823960538200542,-5.28758335959699,-0.07361629046558009
37.56,-40.14226612928862,90.03893513284426,1.8594356532280294,24.722955222476497,0.2788802636027935,-0.5840090504954293,-5.297341386849196,-0.07433004531826995
37.58,-40.40805883763533,90.45588146026115,1.8477554722181209,24.72178902691807,0.28060906619471754,-0.5855942621437422,-5.307075383009593,-0.07504356732574594
37.6,-40.66967692192377,90.87543231155833,1.8360435869752463,24.720615719041895,0.2823211831695738,-0.5871513630077604,-5.316785303920466,-0.07575685425283993
37.62,-40.927074367873345,91.29755822783807,1.8243005597150912,24.71943525581377,0.2840167023850906,-0.5886800977184385,-5.326471105533294,-0.07646990386511941
37.64,-41.18020549117208,91.72222871647554,1.8125269577607224,24.718247593928243,0.2856956980563131,-0.5901802870063104,-5.336132743908995,-0.0771827139288961
37.660000000000004,-41.42902495356857,92.14941225843923,1.8007233520205963,24.717052689807065,0.28735823267404365,-0.5916518324152158,-5.345770175218077,-0.07789528221123108
37.68,-41.67348777904749,92.57907631577193,1.7888903153722922,24.715850499597686,0.28900435896609966,-0.593094719991205,-5.355383355740874,-0.07860760647994337
37.7,-41.91354937006392,93.01118733925188,1.777028420972468,24.714640979171705,0.2906341218814601,-0.5945090229297657,-5.3649722418677435,-0.0793196845036169
37.72,-42.14916552381121,93.44571077625181,1.7651382405138722,24.713424084123336,0.2922475605774766,-0.5958949031748594,-5.374536790099227,-0.08003151405160558
37.74,-42.38029244849665,93.88261107881246,1.7532203424503754,24.712199769767857,0.2938447103906175,-0.5972526119736118,-5.384076957046299,-0.08074309289404363
37.76,-42.606886779598774,94.32185171194467,1.7412752902109032,24.71096799114006,0.29542560477168406,-0.5985824894006732,-5.393592699430521,-0.0814544188018487
37.78,-42.82890559608057,94.76339516217293,1.7293036404228896,24.709728702992674,0.2969902771670831,-0.5998849628762499,-5.40308397408427,-0.08216548954673233
37.800000000000004,-43.04630643653259,95.20720294633047,1.7173059411653648,24.708481859794823,0.2985387628285561,-0.6011605447114338,-5.4125507379509115,-0.0828763029012042
37.82,-43.25904731522097,95.65323562061467,1.7052827302711364,24.707227415730422,0.30007110053473657,-0.6024098287236829,-5.421992948084989,-0.08358685663858093
37.84,-43.46708673801564,96.10145278990893,1.6932345336966623,24.705965324696614,0.301587334209028,-0.6036334859740115,-5.431410561652459,-0.08429714853299228
37.86,-43.67038371817526,96.55181311737549,1.6811618639771826,24.70469554030218,0.3030875144195569,-0.6048322596855753,-5.4408035359308435,-0.08500717635938806
37.88,-43.86889779196642,97.00427433432127,1.6690652187834711,24.70341801586594,0.30457169974833453,-0.6060069594107901,-5.450171828309441,-0.08571693789354587
37.9,-44.06258903409586,97.4587932503373,1.6569450795952552,24.70213270441515,0.3060399580182578,-0.6071584545208476,-5.4595153962895155,-0.08642643091207669
37.92,-44.251418072936225,97.91532576370993,1.644801910504838,24.700839558683896,0.30749236736816654,-0.6082876670974245,-5.468834197484507,-0.08713565319243363
37.94,-44.43534610552723,98.37382687210062,1.6326361571628896,24.699538531111486,0.30892901716784443,-0.6093955643114547,-5.478128189620181,-0.08784460251291662
37.96,-44.61433491233604,98.83425068348906,1.620448245876661,24.69822957384082,0.310350008766581,-0.6104831503780367,-5.487397330534877,-0.08855327665268194
37.980000000000004,-44.78834687176255,99.29655042737313,1.6082385828691006,24.696912638716757,0.3117554560706896,-0.6115514581797873,-5.496641578179656,-0.08926167339174729
38.0,-44.95734497437712,99.76067846621778,1.5960075537055047,24.6955876772845,0.31314548594718233,-0.6126015406532749,-5.505860890618497,-0.0899697905109987
38.02,-45.12129283688054,100.22658630714331,1.5837555228924387,24.694254640787936,0.3145202384526166,-0.6136344620344832,-5.515055226028517,-0.09067762579219993
38.04,-45.28015471577783,100.69422461384298,1.571482833651749,24.69291348016799,0.3158798668879385,-0.6146512890595972,-5.524224542700128,-0.0913851770179956
38.06,-45.43389552075977,101.16354321871869,1.559189807870557,24.691564146060987,0.3172245376819286,-0.615653082216779,-5.5333687990372376,-0.09209244197192164
38.08,-45.58248082778807,101.6344911352227,1.5468767462262214,24.69020658879697,0.31855443010759665,-0.6166408871429727,-5.542487953557438,-0.09279941843840983
38.1,-45.725876891882166,102.10701657039313,1.5345439284833624,24.68884075839804,0.3198697358375511,-0.617615726257231,-5.551581964892207,-0.09350610420279655
38.12,-45.86405065960757,102.58106693757023,1.522191613958218,24.6874666045767,0.32117065834597086,-0.6185785907185523,-5.560650791787057,-0.09421249705132761
38.14,-45.996969781267666,103.05658886928076,1.509820042143847,24.686084076734137,0.32245741216631896,-0.6195304327918609,-5.569694393101777,-0.09491859477116761
38.160000000000004,-46.12460262280277,103.53352823027734,1.4974294334880103,24.68469312395857,0.3237302220153375,-0.6204721587005368,-5.578712727810577,-0.09562439515040518
38.18,-46.24691827740179,104.01183013072014,1.4850199903139991,24.683293695023536,0.32498932179514783,-0.6214046220379107,-5.587705755002272,-0.09632989597805962
38.2,-46.36388657683357,104.49143893948865,1.472591897873241,24.6818857383862,0.3262349534864239,-0.6223286178034264,-5.596673433880521,-0.09703509504409044
38.22,-46.47547810250641,104.9722982976114,1.460145325517173,24.68046920218564,0.3274673659466111,-0.6232448771217975,-5.605615723763935,-0.09773999013940045
38.24,-46.581664196265365,105.45435113180287,1.4476804279747366,24.679044034241144,0.32868681362800756,-0.6241540626955581,-5.614532584086329,-0.09844457905584614
38.26,-46.68241697093834,105.93753966809662,1.435197346720825,24.677610182050476,0.3298935552312105,-0.6250567650329714,-5.623423974396863,-0.09914885958624217
38.28,-46.77770932064248,106.42180544556565,1.4226962114201651,24.676167592788165,0.331087852309941,-0.6259534994844387,-5.632289854360242,-0.09985282952437022
38.300000000000004,-46.86751493086348,106.90708933012104,1.4101771414304762,24.674716213303764,0.33226996784360124,-0.6268447041114216,-5.641130183756902,-0.1005564866649838
38.32,-46.95180828832064,107.39333152838154,1.3976402473482477,24.673255990120115,0.33344016479407895,-0.6277307384025557,-5.649944922483185,-0.10125982880381683
38.34,-47.030564690630975,107.88047160160772,1.3850856325801963,24.6717868694316,0.33459870466329467,-0.628611882842185,-5.65873403055152,-0.10196285373759037
38.36,-47.10376025578567,108.36844847969549,1.3725133949233523,24.670308797102386,0.3357458460677944,-0.6294883393271044,-5.6674974680906125,-0.1026655592640186
38.38,-47.17137193145226,108.85720047522473,1.3599236281368103,24.66882171866468,0.33688184334631743,-0.6303602324179489,-5.67623519534563,-0.10336794318181665
38.4,-47.23337750411535,109.34666529756055,1.3473164234884516,24.667325579316955,0.33800694521572927,-0.6312276114025128,-5.6849471726783465,-0.1040700032907064
38.42,-47.28975560806843,109.83678006700512,1.334691871260402,24.665820323922176,0.3391213934900048,-0.6320904531394483,-5.693633360567379,-0.1047717373914251
38.44,-47.34048573426862,110.32748132899975,1.3220500621976132,24.66430589700603,0.3402254218760866,-0.6329486656423264,-5.702293719608319,-0.10547314328573046
38.46,-47.38554823906523,110.81870506837762,1.3093910888847669,24.662782242755142,0.34131925485943754,-0.633802092356103,-5.710928210513934,-0.10617421877640913
38.480000000000004,-47.42492435281225,111.31038672366883,1.2967150470376447,24.661249305015282,0.34240310669096713,-0.6346505170706389,-5.719536794114341,-0.10687496166728178
38.5,-47.45859618837345,111.80246120146016,1.284022036696232,24.659707027289574,0.34347718048575254,-0.6354936694092289,-5.728119431357185,-0.10757536976321144
38.52,-47.48654674952786,112.29486289081302,1.271312163308048,24.65815535273669,0.3445416674426077,-0.6363312308240905,-5.736676083307811,-0.10827544087011028
38.54,-47.50875993928173,112.78752567774352,1.258585538691566,24.65659422416904,0.3455967461920989,-0.6371628410256089,-5.745206711149448,-0.10897517279494548
38.56,-47.52522056809178,113.28038295976957,1.2458422818710542,24.655023584050966,0.34664258227907485,-0.6379881047678067,-5.753711276183387,-0.10967456334574754
38.58,-47.53591436200307,113.77336766053021,1.2330825197756976,24.653443374496913,0.3476793277841938,-0.6388065989090987,-5.762189739829142,-0.11037361033161514
38.6,-47.54082797070305,114.26641224448277,1.2203063877975158,24.651853537269606,0.3487071210873058,-0.6396178796649336,-5.770642063624639,-0.11107231156272443
38.62,-47.53994897549207,114.75944873168375,1.2075140302042175,24.650254013778216,0.34972608677390504,-0.6404214899674138,-5.7790682092263825,-0.11177066485033382
38.64,-47.53326589716873,115.2524087126596,1.1947056004048697,24.648644745076524,0.3507363356842238,-0.6412169668464861,-5.787468138409644,-0.11246866800679235
38.660000000000004,-47.520768203827124,115.74522336337317,1.1818812610679403,24.647025671861076,0.3517379651029115,-0.6420038487477534,-5.7958418130686145,-0.11316631884554552
38.68,-47.50244631856132,116.23782346029186,1.1690411840929853,24.64539673446933,0.35273105908565416,-0.6427816827034131,-5.80418919521658,-0.11386361518114198
38.7,-47.47829162707111,116.73013939556309,1.1561855504389174,24.643757872877803,0.35371568891755245,-0.64355003127523,-5.812510246986118,-0.11456055482924198
38.72,-47.44829648516154,117.22210119230216,1.1433145498134127,24.6421090267002,0.35469191369661235,-0.6443084791917739,-5.820804930629244,-0.11525713560662218
38.74,-47.412454226127515,117.71363851999739,1.1304283802295778,24.64045013518556,0.3556597810343255,-0.6450566396063596,-5.82907320851759,-0.11595335533118437
38.76,-47.37075916801349,118.20468071003643,1.117527247437451,24.638781137216366,0.3566193278640427,-0.6457941599071612,-5.837315043142577,-0.11664921182196009
38.78,-47.32320662073741,118.69515677135738,1.1046113642393074,24.637101971306677,0.3575705813466863,-0.6465207270167707,-5.845530397115585,-0.11734470289912002
38.800000000000004,-47.26979289306684,119.18499540622707,1.0916809496989721,24.63541257560024,0.3585135598623208,-0.6472360721249579,-5.853719233168123,-0.11803982638397878
38.82,-47.210515299434775,119.67412502614857,1.0787362282564725,24.633712887868587,0.3594482740752133,-0.6479399748054924,-5.861881514151992,-0.11873458009900255
38.84,-47.14537216658169,120.16247376789836,1.065777428760363,24.632002845509152,0.36037472805927884,-0.6486322664755189,-5.870017203039472,-0.11942896186781649
38.86,-47.0743628400103,120.64996950969352,1.0528047834308527,24.630282385543367,0.3612929204702262,-0.6493128331640361,-5.878126262923455,-0.12012296951520973
38.88,-46.99748769023891,121.13653988748749,1.0398185267675721,24.628551444614743,0.36220284575030354,-0.649981617564438,-5.886208657017655,-0.12081660086714462
38.9,-46.91474811883925,121.62211231139258,1.0268188944162837,24.626809958986964,0.36310449535129413,-0.6506386203547012,-5.89426434865674,-0.1215098537507615
38.92,-46.82614656424482,122.10661398222602,1.0138061220091892,24.625057864541965,0.3639978589613321,-0.6512839007775914,-5.902293301296524,-0.12220272599438653
38.94,-46.73168650731589,122.58997190817563,1.0007804439936372,24.62329509677801,0.3648829257211968,-0.6519175764820498,-5.910295478514104,-0.12289521542753812
38.96,-46.631372476647705,123.07211292158011,0.9877420924639964,24.62152159080775,0.36575968541600057,-0.6525398226356628,-5.9182708440080605,-0.12358731988093444
38.980000000000004,-46.52521005360906,123.55296369581826,0.974691296011283,24.6197372813563,0.3666281296286015,-0.6531508703266694,-5.9262193615985925,-0.12427903718649874
39.0,-46.41320587709898,124.03245076230019,0.9616282786047492,24.6179421027593,0.36748825284165,-0.6537510042822531,-5.934140995227696,-0.12497036517736745
39.02,-46.295367648010185,124.51050052755346,0.9485532585191043,24.616135988960952,0.3683400534759018,-0.6543405599377732,-5.942035708959326,-0.12566130168789716
39.04,-46.1717041333888,124.98703929039593,0.9354664473203487,24.614318873512076,0.3691835348532959,-0.6549199198990587,-5.949903466979555,-0.12635184455366957
39.06,-46.042225170280986,125.46199325918647,0.9223680489223671,24.61249068956816,0.37001870607429,-0.6554895098467878,-5.957744233596744,-0.12704199161150065
39.08,-45.90694166925817,125.93528856914486,0.9092582587254316,24.61065136988738,0.3708455828000584,-0.6560497939382798,-5.965557973241687,-0.12773174069944557
39.1,-45.765865617613805,126.40685129973087,0.8961372628466657,24.608800846828654,0.37166418793137246,-0.6566012697676196,-5.973344650467803,-0.12842108965680668
39.12,-45.6190100822259,126.87660749207316,0.8830052374513135,24.60693905234966,0.37247455217728676,-0.6571444629498708,-5.9811042299512645,-0.1291100363241392
39.14,-45.46638921208072,127.34448316643773,0.8698623481923162,24.605065918004843,0.3732767145081329,-0.6576799213991764,-5.988836676491173,-0.12979857854325935
39.160000000000004,-45.30801824045463,127.81040433972622,0.8567087497643326,24.60318137494346,0.3740707224887551,-0.6582082093737147,-5.99654195500972,-0.1304867141572494
39.18,-45.14391348675208,128.27429704299396,0.8435445855768582,24.60128535390757,0.37485663248939494,-0.6587299013627774,-6.004220030552343,-0.13117444101046571
39.2,-44.97409235799935,128.73608733897822,0.8303699875496027,24.599377785230054,0.37563450977312735,-0.6592455758926056,-6.011870868287881,-0.13186175694854577
39.22,-44.79857334999468,129.19570133962694,0.8171850760317505,24.59745859883261,0.376404428460249,-0.6597558093280812,-6.01949443350874,-0.13254865981841296
39.24,-44.6173760481169,129.65306522361914,0.8039899598451887,24.595527724223757,0.37716647137150455,-0.6602611697468899,-6.027090691631044,-0.13323514746828596
39.26,-44.430521127795636,130.10810525386836,0.7907847364502509,24.593585090496823,0.3779207297534897,-0.6607622109613751,-6.03465960819479,-0.1339212177476832
39.28,-44.238030354647435,130.5607477950009,0.7775694922310237,24.59163062632794,0.3786673028909756,-0.6612594667610074,-6.042201148864022,-0.13460686850743134
39.300000000000004,-44.039926584283066,131.01091933080167,0.7643443028958035,24.58966425997402,0.37940629761223726,-0.6617534454452202,-6.0497152794269615,-0.13529209759967084
39.32,-43.83623376179219,131.4585464816207,0.7511092339868992,24.587685919270736,0.3801378276947288,-0.662244624712359,-6.057201965796169,-0.1359769028778625
39.34,-43.62697692091235,131.9035560217346,0.737864341492652,24.58569553163051,0.38086201317960905,-0.662733446965703,-6.064661174008721,-0.13666128219679582
39.36,-43.41218218289002,132.3458748966576,0.724609672553338,24.58369302404046,0.3815789796046746,-0.6632203150920032,-6.072092870226333,-0.13734523341259386
39.38,-43.19187675504187,132.78543024039752,0.7113452662514979,24.58167832306039,0.3822888571661874,-0.663705588761807,-6.07949702073554,-0.13802875438272155
39.4,-42.96608892902485,133.22214939265368,0.6980711544762617,24.579651354820736,0.3829917798208813,-0.6641895812940907,-6.086873591947818,-0.13871184296599035
39.42,-42.73484807882412,133.65595991595333,0.68478736285038,24.57761204502053,0.3836878843400863,-0.6646725571204571,-6.094222550399773,-0.1393944970225675
39.44,-42.49818465846775,134.086789612725,0.6714939117079708,24.575560318925355,0.3843773093284146,-0.6651547298764937,-6.101543862753267,-0.14007671441398073
39.46,-42.25613019947736,134.51456654230753,0.6581908171104409,24.573496101365293,0.3850601942197988,-0.6656362611399056,-6.1088374957955764,-0.14075849300312576
39.480000000000004,-42.00871730806367,134.93921903789405,0.6448780918876427,24.571419316732868,0.3857366782638655,-0.6661172598268307,-6.116103416439544,-0.14143983065427296
39.5,-41.75597966207561,135.36067572341142,0.6315557466911059,24.56932988898099,0.3864068995156483,-0.6665977822494273,-6.1233415917237295,-0.142120725233074
39.52,-41.4979520077114,135.77886553033576,0.6182237910461175,24.567227741620904,0.3870709938415153,-0.6670778328294962,-6.130551988812557,-0.14280117460656844
39.54,-41.23467015599953,136.19371771444537,0.6048822343895277,24.565112797720097,0.387729093953886,-0.667557365454645,-6.137734574996461,-0.14348117664319035
39.56,-40.96617097905691,136.60516187251298,0.5915310870804347,24.562984979900257,0.3883813284868666,-0.6680362854554757,-6.14488931769205,-0.14416072921277565
39.58,-40.692492406130825,137.01312795893952,0.5781703613713249,24.560844210335187,0.38902782112432827,-0.6685144521744943,-6.15201618444223,-0.14483983018656754
39.6,-40.41367341943065,137.41754630233163,0.5648000723278352,24.558690410748728,0.38966868979121416,-0.6689916820901092,-6.159115142916373,-0.14551847743722474
39.62,-40.129754049754496,137.8183476220259,0.551420238686033,24.55652350241268,0.3903040459179843,-0.6694677524521837,-6.16618616091045,-0.1461966688388261
39.64,-39.84077537191489,138.2154630445621,0.5380308836369894,24.554343406144728,0.3909339937871133,-0.6699424053793268,-6.173229206347187,-0.1468744022668797
39.660000000000004,-39.546779499966966,138.60882412010864,0.524632035529403,24.552150042306334,0.39155862996945245,-0.6704153523624382,-6.180244247276202,-0.14755167559832766
39.68,-39.24780958224163,138.9983628388421,0.5112237284821544,24.54994333080067,0.3921780428570697,-0.6708862791141129,-6.187231251874154,-0.14822848671155298
39.7,-38.94390979618508,139.3840116472839,0.4978060028998721,24.54772319107051,0.3927923122979068,-0.671354850699362,-6.194190188444894,-0.1489048334863875
39.72,-38.635125343005484,139.76570346459542,0.48437890588588495,24.54548954209615,0.39340150933625384,-0.6718207168798151,-6.201121025419594,-0.14958071380411694
39.74,-38.321502442126366,140.1433716988336,0.4709424915482887,24.543242302393285,0.3940056960616605,-0.6722835176011528,-6.208023731356902,-0.1502561255474888
39.76,-38.0030883254457,140.51695026316784,0.45749682119626556,24.54098139001093,0.39460492556749277,-0.6727428885520023,-6.214898274943076,-0.15093106660071776
39.78,-37.67993123139868,140.88637359205887,0.4440419634252253,24.538706722529312,0.39519924201892526,-0.6731984667219785,-6.221744624992144,-0.1516055348494939
39.800000000000004,-37.35208039882154,141.25157665739908,0.4305779940907857,24.536418217057747,0.3957886808287521,-0.6736498958868836,-6.228562750446015,-0.15227952818098728
39.82,-37.01958606061305,141.61249498461402,0.4171049961730482,24.534115790232548,0.39637326893801506,-0.6740968319503985,-6.235352620374646,-0.15295304448385627
39.84,-36.68249943718977,141.96906466872284,0.40362305953404043,24.531799358214904,0.39695302519711156,-0.674538948073784,-6.242114203976181,-0.1536260816482541
39.86,-36.34087272973061,142.3212223903558,0.39013228057256466,24.52946883668877,0.3975279608417718,-0.6749759395281998,-6.248847470577065,-0.15429863756583342
39.88,-35.99475911320592,142.66890543172542,0.3766327617820009,24.527124140858753,0.39809808005709457,-0.6754075282081778,-6.255552389632219,-0.15497071012975652
39.9,-35.644212729185874,143.01205169254715,0.36312461121783723,24.52476518544798,0.3986633806217313,-0.6758334667494876,-6.262228930725153,-0.1556422972346978
39.92,-35.289288678422956,143.3505997059053,0.3496079418828475,24.522391884695992,0.39922385462330956,-0.6762535422000734,-6.268877063568113,-0.15631339677685388
39.94,-34.93004301320309,143.68448865405804,0.33608287103884615,24.520004152356616,0.3997794892353131,-0.6766675791988186,-6.275496758002214,-0.1569840066539477
39.96,-34.56653272946007,144.01365838417578,0.32254951945486976,24.51760190169584,0.4003302675448892,-0.6770754426235516,-6.282087983997593,-0.15765412476523719
39.980000000000004,-34.19881575864803,144.33804942400533,0.3090080106023989,24.515185045489684,0.40087616942045057,-0.6774770396768397,-6.288650711653515,-0.15832374901151955
40.0,-33.826950959366975,144.65760299745276,0.29545846980886203,24.51275349602208,0.40141717240748004,-0.6778723213856371,-6.295184911198534,-0.1589928772951399
40.02,-33.450998108736705,144.9722610400764,0.2819010233811494,24.510307165082725,0.4019532526406434,-0.6782612834986635,-6.3016905529906255,-0.1596615075199967
40.04,-33.07101789351491,145.28196621448132,0.2683357977111762,24.50784596396498,0.4024843857601673,-0.6786439667733829,-6.308167607517307,-0.1603296375915485
40.06,-32.68707190095569,145.5866619256062,0.25476291837570875,24.505369803463704,0.4030105478204483,-0.6790204566525224,-6.31461604539579,-0.16099726541682136
40.08,-32.29922260940529,145.88629233589302,0.2411825092426585,24.50287859387315,0.4035317161790282,-0.6793908823381226,-6.321035837373089,-0.1616643889044134
40.1,-31.907533378632753,146.18080238033008,0.22759469159589596,24.500372244984803,0.4040478703543913,-0.6797554152790253,-6.327426954326187,-0.16233100596450387
40.12,-31.512068439893426,146.4701377813581,0.21399958329031543,24.497850666085274,0.404558992841512,-0.6801142670953831,-6.333789367262136,-0.16299711450885754
40.14,-31.112892885724495,146.75424506362995,0.20039729794840788,24.49531376595414,0.4050650698746963,-0.6804676869711341,-6.340123047318207,-0.16366271245083308
40.160000000000004,-30.710072659472143,147.0330715686139,0.18678794420898504,24.492761452861817,0.4055660921280128,-0.6808159585522874,-6.346427965762018,-0.16432779770538755
40.18,-30.303674544550905,147.30656546903091,0.17317162503793915,24.490193634567422,0.406062055344481,-0.6811593963952887,-6.352704093991659,-0.1649923681890846
40.2,-29.893766153436523,147.57467578311645,0.15954843711003353,24.487610218316632,0.4065529608861776,-0.6814983420155094,-6.358951403535826,-0.16565642182010085
40.22,-29.480415916394417,147.83735238869798,0.14591847026972316,24.485011110839555,0.40703881619850724,-0.6818331595910437,-6.365169866053949,-0.16631995651823114
40.24,-29.063693069946634,148.09454603707943,0.13228180707790216,24.482396218348576,0.4075196351830587,-0.6821642313813693,-6.371359453336329,-0.16698297020489702
40.26,-28.643667645080935,148.34620836672468,0.11863852245027484,24.479765446536234,0.4079954384747122,-0.6824919529240075,-6.3775201373042405,-0.16764546080315074
40.28,-28.2204104552063,148.59229191673273,0.10498868339179479,24.477118700573076,0.40846625361995975,-0.6828167280750617,-6.3836518900100945,-0.16830742623768447
40.300000000000004,-27.793993083859878,148.83275014009757,0.09133234883029351,24.474455885105513,0.4089321151547354,-0.6831389639613532,-6.389754683637538,-0.16896886443483494
40.32,-27.364487872170926,149.06753741674711,0.07766956955106652,24.471776904253694,0.40939306458140184,-0.6834590659128428,-6.395828490501583,-0.1696297733225899
40.34,-26.931967906087824,149.2966090663556,0.06400038823280951,24.469081661609362,0.4098491502458947,-0.68377743244404,-6.401873283048754,-0.1702901508305968
40.36,-26.496507003374717,149.51992136092528,0.05032483958392886,24.466370060233718,0.41030042711735926,-0.684094450352238,-6.407889033857187,-0.17094999489016588
40.38,-26.058179700384727,149.73743153713377,0.03664295057688394,24.46364200265528,0.4107469564739161,-0.6844104899986073,-6.413875715636765,-0.17160930343427977
40.4,-25.617061238616884,149.949097808444,0.02295474077691173,24.46089739086776,0.41118880549943865,-0.6847259008355197,-6.41983330122924,-0.17226807439759786
40.42,-25.173227551064198,150.15487937697537,0.00926022276020122,24.458136126327915,0.4116260467974052,-0.6850410072399554,-6.425761763608366,-0.17292630571646433
40.44,-24.726755248360423,150.3547364451344,-0.004440597384598011,24.455358109953426,0.41205875782898405,-0.6853561047085275,-6.431661075879998,-0.17358399532891272
40.46,-24.277721604732996,150.5486302270048,-0.018147719478768476,24.452563242120757,0.41248702028350265,-0.6856714564645937,-6.437531211282245,-0.17424114117467465
40.480000000000004,-23.82620454376969,150.73652295949748,-0.03186114860806022,24.449751422663034,0.4129109193903386,-0.6859872905221946,-6.443372143185562,-0.1748977411951845
40.5,-23.372282624006303,150.9183779132611,-0.045580894418504325,24.446922550867907,0.4133305431820255,-0.6863037972452082,-6.4491838450928896,-0.17555379333358645
40.52,-22.916035024342534,151.09415940335526,-0.059306970363408595,24.444076525475428,0.4137459817189943,-0.6866211274332679,-6.454966290639773,-0.17620929553474168
40.54,-22.457541529292914,151.2638327996882,-0.07303939291207406,24.441213244675925,0.4141573262868502,-0.6869393909587055,-6.460719453594466,-0.17686424574523307
40.56,-21.99688251407926,151.427364537222,-0.08677818073124799,24.438332606107885,0.41456466857741886,-0.6872586559711772,-6.466443307858073,-0.17751864191337338
40.58,-21.5341389295708,151.58472212594802,-0.10052335385067135,24.435434506855817,0.4149680998649743,-0.6875789486788079,-6.472137827464648,-0.17817248198921046
40.6,-21.069392287077616,151.73587416063614,-0.11427493282424761,24.43251884344815,0.4153677101890828,-0.6879002537067389,-6.477802986581324,-0.17882576392453506
40.62,-20.60272464300253,151.8807903303612,-0.12803293789838222,24.429585511855116,0.41576358755536424,-0.68822251502602,-6.483438759508422,-0.17947848567288482
40.64,-20.13421858335619,152.01944142781016,-0.14179738819890275,24.426634407486628,0.41615581716518335,-0.6885456374379243,-6.48904512067958,-0.18013064518955416
40.660000000000004,-19.663957208139347,152.15179935837378,-0.15556830094766116,24.423665425190173,0.4165444806848447,-0.6888694885911313,-6.494622044661849,-0.18078224043159707
40.68,-19.192024115596034,152.2778371490261,-0.1693456907194837,24.42067845924871,0.4169296555642815,-0.6891939015018929,-6.500169506155828,-0.18143326935783582
40.7,-18.718503386340636,152.3975289569952,-0.18312956874952135,24.41767340337856,0.4173114144145094,-0.6895186775403793,-6.505687479995775,-0.18208372992886715
40.72,-18.243479567361394,152.51085007822786,-0.19691994230032872,24.41465015072732,0.4176898244522676,-0.6898435898400123,-6.511175941149702,-0.18273362010706717
40.74,-17.767037655902417,152.61777695565127,-0.21071681409712895,24.411608593871733,0.418064947019311,-0.6901683870807929,-6.516634864719521,-0.18338293785659987
40.76,-17.289263083225745,152.7182871872334,-0.224520181838745,24.408548624815637,0.41843683718275265,-0.6904927975925147,-6.5220642259411274,-0.18403168114342186
40.78,-16.81024169825465,152.81235953384385,-0.23833003779059547,24.405470134987848,0.4188055434217058,-0.6908165337194123,-6.527464000184531,-0.1846798479352893
40.800000000000004,-16.33005975109897,152.89997392691652,-0.2521463684649836,24.402373015240084,0.41917110740425567,-0.6911392963842391,-6.532834162953958,-0.18532743620176448
40.82,-15.848803876462917,152.98111147591376,-0.26596915439266855,24.39925715584488,0.419533563857516,-0.691460779787122,-6.538174689887965,-0.18597444391422144
40.84,-15.366561076935676,153.05575447559255,-0.279798369988411,24.396122446493518,0.4198929405322151,-0.6917806761727655,-6.543485556759557,-0.18662086904585432
40.86,-14.883418706164731,153.12388641307103,-0.2936339835118664,24.392968776293955,0.42024925826192866,-0.6920986805987573,-6.548766739476277,-0.18726670957167987
40.88,-14.39946445191193,153.1854919746942,-0.3074759571238417,24.389796033768754,0.4206025311157496,-0.6924144956378495,-6.554018214080342,-0.1879119634685485
40.9,-13.91478631899215,153.24055705269598,-0.3213242470365989,24.386604106853017,0.42095276664187636,-0.6927278359481441,-6.559239956748729,-0.1885566287151469
40.92,-13.42947261209447,153.28906875165467,-0.33517880375556164,24.38339288289234,0.421299966198333,-0.6930384326471136,-6.564431943793298,-0.1892007032920062
40.94,-12.943611918485894,153.33101539473813,-0.34903957240850403,24.380162248640755,0.4216441253658174,-0.6933460374282756,-6.569594151660887,-0.18984418518150745
40.96,-12.457293090597778,153.36638652973386,-0.3629064931570696,24.376912090258685,0.4219852344365354,-0.693650426363104,-6.574726556933438,-0.19048707236788967
40.980000000000004,-11.970605228495412,153.3951729348593,-0.37677950168433183,24.37364229331091,0.4223232789718209,-0.6939514033353128,-6.579829136328074,-0.19112936283725285
41.0,-11.48363766223146,153.41736662434644,-0.3906585297510379,24.370352742764524,0.42265824042039607,-0.6942488030599734,-6.5849018666972325,-0.1917710545775673
41.02,-10.996479934084325,153.43296085379495,-0.4045435058122373,24.367043322986923,0.42299009678828875,-0.6945424936458882,-6.5899447250287615,-0.19241214557867978
41.04,-10.509221780682907,153.4419501252869,-0.4184343556851551,24.36371391774377,0.4233188233507212,-0.6948323786662132,-6.5949576884460095,-0.19305263383231674
41.06,-10.021953115019667,153.4443301922567,-0.4323310032584793,24.360364410196983,0.42364439339571563,-0.695118398709377,-6.599940734207956,-0.193692517332095
41.08,-9.534764008354365,153.440098064109,-0.4462333712326667,24.356994682902734,0.42396677898874136,-0.6954005323897758,-6.604893839709291,-0.19433179407352452
41.1,-9.047744672011376,153.4292520105773,-0.46014138188046205,24.35360461780945,0.4242859517474589,-0.6956787968054656,-6.609816982480529,-0.1949704620540163
41.12,-8.560985439073928,153.41179156581606,-0.4740549578165716,24.350194096255812,0.42460188361550266,-0.6959532474379686,-6.614710140188107,-0.19560851927288825
41.14,-8.074576745979218,153.38771753221923,-0.48797402276533086,24.34676299896878,0.42491454762428676,-0.6962239774972822,-6.6195732906345,-0.1962459637313723
41.160000000000004,-7.588609114018787,153.3570319839579,-0.5018985023152767,24.34331120606161,0.42522391863201964,-0.6964911167230959,-6.624406411758288,-0.19688279343261839
41.18,-7.103173130749088,153.31973827023057,-0.5158283246497386,24.33983859703188,0.4255299740294639,-0.6967548296609786,-6.629209481634288,-0.19751900638170314
41.2,-6.618359431317636,153.27584101821904,-0.5297634212429583,24.336345050759533,0.42583269440248234,-0.6970153134397827,-6.633982478473655,-0.19815460058563614
41.22,-6.134258679710575,153.22534613574436,-0.5437037275117538,24.332830445504936,0.42613206414205207,-0.6972727950836206,-6.638725380623942,-0.19878957405336298
41.24,-5.65096154992791,153.16826081361688,-0.5576491834134263,24.329294658906917,0.4264280719932045,-0.6975275283983909,-6.643438166569249,-0.199423924795776
41.26,-5.168558707092997,153.10459352767538,-0.5715997339813939,24.325737567980838,0.426720711535245,-0.6977797904788916,-6.648120814930286,-0.20005765082571708
41.28,-4.687140788503203,153.03435404051095,-0.5855553297909717,24.32215904911667,0.4270099815866105,-0.6980298778879441,-6.652773304464481,-0.20069075015798526
41.300000000000004,-4.206798384628891,152.95755340287187,-0.5995159273487305,24.31855897807708,0.4272958865288219,-0.6982781025636157,-6.657395614066075,-0.20132322080934284
41.32,-3.7276220200680714,152.8742039547461,-0.6134814894000029,24.314937229995508,0.4275784365451641,-0.6985247875144734,-6.661987722766221,-0.20195506079852152
41.34,-3.2497021344641666,152.78431932611952,-0.6274519851502927,24.31129367937429,0.4278576477709665,-0.6987702623657978,-6.666549609733075,-0.20258626814622857
41.36,-2.773129063394421,152.68791443740812,-0.6414273903976087,24.30762820008276,0.4281335423536372,-0.6990148588217727,-6.671081254271892,-0.20321684087515274
41.38,-2.297993019236436,152.5850054995633,-0.6554076875740442,24.30394066535537,0.42840614842191316,-0.6992589061098227,-6.675582635825126,-0.2038467770099721
41.4,-1.8243840720202535,152.47561001385026,-0.6693928656962407,24.30023094778983,0.4286754999651029,-0.6995027264734621,-6.680053733972505,-0.20447607457735664
41.42,-1.3523921302732487,152.35974677130048,-0.6833829202257098,24.296498919345257,0.428941636624401,-0.699746630779279,-6.684494528431149,-0.20510473160597895
41.44,-0.8821069218648947,152.23743585183928,-0.6973778528412953,24.29274445134031,0.4292046033996248,-0.6999909143019496,-6.688904999055641,-0.2057327461265169
41.46,-0.4136179748581872,152.108698623091,-0.7113776711273343,24.288967414451385,0.4294644502759477,-0.7002358527485681,-6.693285125838129,-0.2063601161716614
41.480000000000004,0.05298540162580234,151.97355773886406,-0.7253823881823056,24.285167678710767,0.42972123177635785,-0.7004816985800414,-6.697634888908413,-0.20698683977612217
41.5,0.5176141365241365,151.83203713732,-0.7393920221539063,24.28134511350484,0.4299750064466442,-0.7007286776829391,-6.701954268534039,-0.20761291497663403
41.52,0.9801794159232832,151.68416203882927,-0.7534065957075651,24.277499587572283,0.430225836280685,-0.7009769864400419,-6.7062432451203815,-0.20823833981196296
41.54,1.440592702120183,151.5299589435191,-0.7674261354363661,24.273630969002276,0.4304737860946724,-0.7012267892419808,-6.710501799210737,-0.20886311232291196
41.56,1.8987657526482995,151.36945562851727,-0.7814506712212057,24.269739125232743,0.4307189228596418,-0.7014782164758816,-6.714729911486421,-0.20948723055232837
41.58,2.3546106392643122,151.20268114489724,-0.7954802355507233,24.265823923048575,0.43096131500226964,-0.7017313630199052,-6.718927562766835,-0.21011069254510834
41.6,2.808039766891586,151.02966581432923,-0.8095148628111213,24.261885228579903,0.43120103168435503,-0.7019862872651476,-6.723094734009568,-0.2107334963482038
41.62,3.2589658925170175,150.85044122544292,-0.8235545885564242,24.257922907300348,0.43143814207169806,-0.7022430106785778,-6.727231406310485,-0.2113556400106288
41.64,3.707302144038312,150.66504022990657,-0.8375994487699958,24.253936824025306,0.43167271460322854,-0.7025015179127192,-6.731337560903803,-0.21197712158346507
41.660000000000004,4.1529620390591795,150.47349693822804,-0.8516494791282501,24.249926842910252,0.43190481627121996,-0.7027617574596996,-6.735413179162182,-0.2125979391198686
41.68,4.595859503630337,150.2758467152823,-0.8657047142774443,24.245892827449037,0.43213451192324503,-0.7030236428392402,-6.739458242596809,-0.21321809067507547
41.7,5.035908890934553,150.07212617557062,-0.8797651871342289,24.24183464047222,0.4323618635961937,-0.7032870543022456,-6.743472732857481,-0.2138375743064081
41.72,5.473024999914296,149.86237317821534,-0.8938309282202739,24.237752144145396,0.43258692989218617,-0.7035518410240046,-6.747456631732687,-0.21445638807328046
41.74,5.907123093840807,149.64662682169492,-0.9079019650407538,24.23364519996756,0.4328097654055793,-0.7038178237537343,-6.751409921149695,-0.21507453003720642
41.76,6.338118918823601,149.42492743832238,-0.9219783215158284,24.229513668769478,0.4330304202094966,-0.7040847978804095,-6.755332583174629,-0.21569199826180313
41.78,6.765928722259564,149.19731658847056,-0.9360600174734364,24.225357410712054,0.43324893940941384,-0.7043525368686114,-6.759224600012552,-0.21630879081279875
41.800000000000004,7.190469271220863,148.96383705454684,-0.9501470682108089,24.22117628528475,0.4334653627703274,-0.7046207960126096,-6.76308595400755,-0.21692490575803786
41.82,7.61165787078091,148.72453283471938,-0.9642394841310611,24.216970151303993,0.4336797244229271,-0.7048893164521255,-6.766916627642805,-0.21754034116748786
41.84,8.029412382277549,148.47944913639643,-0.9783372704601034,24.212738866911618,0.4338920526530097,-0.7051578293893217,-6.770716603540683,-0.2181550951132447
41.86,8.443651241512516,148.22863236945975,-0.9924404270478897,24.208482289573308,0.43410236977711925,-0.7054260604435229,-6.774485864462806,-0.21876916566953894
41.88,8.854293476886006,147.9721301392527,-1.0065489482567602,24.20420027607706,0.4343106921061102,-0.7056937340781264,-6.7782243933101345,-0.21938255091274297
41.9,9.26125872746497,147.70999123932248,-1.0206628229383226,24.19989268253169,0.4345170299970049,-0.7059605780330592,-6.781932173123038,-0.21999524892137395
41.92,9.664467260983413,147.44226564391644,-1.034782034498984,24.195559364365312,0.4347213879921975,-0.7062263276960575,-6.785609187081387,-0.22060725777610402
41.94,10.063839991772628,147.16900450023098,-1.0489065610529051,24.19120017632388,0.43492376504374053,-0.7064907303469651,-6.789255418504613,-0.2212185755597628
41.96,10.459298498618898,146.89026012041148,-1.0630363756598444,24.186814972469705,0.43512415481917777,-0.7067535492111553,-6.7928708508517905,-0.22182920035734513
41.980000000000004,10.850765042545728,146.60608597330176,-1.0771714466440674,24.182403606180046,0.4353225460841595,-0.7070145672610648,-6.796455467721714,-0.22243913025601678
42.0,11.23816258451727,146.31653667594023,-1.0913117379892885,24.17796593014566,0.4355189231559256,-0.7072735907086223,-6.800009252852969,-0.22304836334512024
42.02,11.621414803059018,146.02166798480076,-1.1054572098034612,24.17350179636941,0.4357132664206781,-0.707530452136033,-6.803532190124011,-0.22365689771618075
42.04,12.00044611179147,145.7215367867752,-1.1196078188461818,24.169011056164887,0.43590555290690564,-0.7077850132178528,-6.80702426355323,-0.22426473146291226
42.06,12.375181676871854,145.41620108989517,-1.1337635191105386,24.164493560155037,0.43609575690588465,-0.7080371669934673,-6.810485457299037,-0.2248718626812245
42.08,12.745547434338603,145.10572001378975,-1.147924262450408,24.15994915827083,0.43628385062987435,-0.7082868396559162,-6.813915755659913,-0.22547828946922585
42.1,13.111470107352773,144.790153779877,-1.1620899992435263,24.155377699749934,0.4364698048979605,-0.7085339918303329,-6.817315143074506,-0.2260840099272336
42.12,13.47287722333016,144.46956370128598,-1.1762606790801329,24.15077903313541,0.4366535898390913,-0.7087786193230295,-6.820683604121688,-0.22668902215777634
42.14,13.829697130957484,144.14401217250744,-1.1904362514665934,24.146153006274442,0.43683517560159607,-0.7090207533302982,-6.8240211235206205,-0.2272933242656016
42.160000000000004,14.181859017085642,143.81356265877065,-1.2046166665331994,24.14149946631708,0.4370145330583867,-0.7092604601042265,-6.827327686130836,-0.22789691435768147
42.18,14.529292923492768,143.47827968514449,-1.2188018757352839,24.136818259714993,0.4371916344971157,-0.7094978400810975,-6.830603276952298,-0.2284997905432184
42.2,14.871929763509542,143.13822882536184,-1.2329918325369058,24.132109232220277,0.4373664542847999,-0.709733026486132,-6.833847881125474,-0.2291019509336513
42.22,15.209701338499084,142.7934766903658,-1.2471864930666285,24.12737222888425,0.43753896949681703,-0.7099661834363449,-6.837061483931398,-0.22970339364266115
42.24,15.542540354183606,142.44409091657752,-1.2613858167353555,24.1226070940563,0.4377091605007289,-0.710197503570946,-6.840244070791744,-0.2303041167861778
42.26,15.870380436810004,142.09014015388573,-1.2755897668067744,24.11781367138272,0.43787701148608427,-0.7104272052459584,-6.84339562726888,-0.2309041184823841
42.28,16.19315614914658,141.7316940533585,-1.2897983109116935,24.112991803805617,0.4380425109321819,-0.7106555293364156,-6.846516139065952,-0.23150339685172394
42.300000000000004,16.51080300630324,141.36882325467855,-1.3040114214984218,24.1081413335618,0.43820565200672984,-0.7108827356955298,-6.849605592026933,-0.23210195001690678
42.32,16.823257491367645,141.00159937330383,-1.3182290762123323,24.10326210218172,0.43836643288939864,-0.7111090993255059,-6.85266397213669,-0.23269977610291293
42.34,17.130457070850095,140.63009498735593,-1.3324512581988424,24.098353950488423,0.4385248570154207,-0.7113349063191455,-6.855691265521054,-0.2332968732370019
42.36,17.432340209930267,140.254383624239,-1.3466779563252254,24.09341671859653,0.4386809332356183,-0.7115604496349379,-6.858687458446882,-0.23389323954871571
42.38,17.72884638749921,139.8745397469931,-1.3609091653179242,24.08845024591124,0.43883467589052844,-0.7117860247709414,-6.86165253732211,-0.23448887316988598
42.4,18.019916110990593,139.49063874038566,-1.375144885813343,24.083454371127377,0.43898610479761646,-0.7120119254043715,-6.864586488695823,-0.2350837722346392
42.42,18.30549093099552,139.102756896746,-1.3893851243214306,24.07842893222844,0.43913524515190977,-0.7122384390643897,-6.86748929925832,-0.23567793487940414
42.44,18.58551345565594,138.71097140154737,-1.4036298931027185,24.073373766485687,0.4392821273417188,-0.7124658429051366,-6.870360955841158,-0.2362713592429144
42.46,18.859927364832018,138.31536031874242,-1.4178792099608213,24.068288710457256,0.4394267866824247,-0.7126943996445635,-6.873201445417233,-0.23686404346621845
42.480000000000004,19.128677424039665,137.91600257585742,-1.4321330979537126,24.063173599987305,0.43956926307257965,-0.7129243537321126,-6.876010755100821,-0.23745598569268198
42.5,19.39170949815475,137.51297794885133,-1.4463915850283549,24.05802827020518,0.4397096005777696,-0.713155927804817,-6.878788872147647,-0.2380471840679954
42.52,19.648970564881328,137.10636704674593,-1.4606547035844513,24.05285255552462,0.4398478469488074,-0.7133893194869774,-6.881535783954939,-0.23863763674017946
42.54,19.900408727981667,136.69625129603315,-1.4749224899741908,24.047646289642973,0.43998405308184707,-0.7136246985832941,-6.8842514780614845,-0.23922734185959058
42.56,20.145973230266478,136.28271292486605,-1.4891949839458567,24.042409305540463,0.4401182724289098,-0.7138622047092713,-6.886935942147693,-0.23981629757892725
42.58,20.38561446634423,135.86583494703982,-1.503472228040042,24.037141435479473,0.4402505603680874,-0.7141019453959444,-6.889589164035639,-0.24040450205323502
42.6,20.619283995129017,135.44570114576888,-1.517754266947961,24.03184251100386,0.44038097354331796,-0.7143439946986347,-6.892211131689136,-0.24099195343991406
42.62,20.84693455210677,135.02239605726655,-1.5320411468419335,24.0265123629383,0.44050956918410317,-0.7145883923315827,-6.894801833213769,-0.2415786498987216
42.64,21.0685200613601,134.59600495413275,-1.5463329146885652,24.021150821387668,0.44063640441585417,-0.7148351433421292,-6.89736125685697,-0.2421645895917817
42.660000000000004,21.283995647352324,134.16661382855597,-1.5606296175554077,24.01575771573646,0.4407615355717004,-0.7150842183296582,-6.899889391008058,-0.242749770683588
42.68,21.493317646471517,133.73430937533436,-1.5749313019220008,24.01033287464821,0.4408850175165752,-0.7153355542059883,-6.90238622419829,-0.24333419134101075
42.7,21.6964436183356,133.29917897472146,-1.5892380130061206,24.00487612606498,0.44100690299420275,-0.7155890554853768,-6.904851745100927,-0.24391784973330233
42.72,21.893332356859588,132.86131067510092,-1.603549794115828,23.99938729720686,0.44112724200725334,-0.7158445960839582,-6.90728594253127,-0.244500744032103
42.74,22.083943901086208,132.42079317549482,-1.6178666860375073,23.993866214571508,0.44124608124041637,-0.7161020216003756,-6.909688805446718,-0.24508287241144663
42.76,22.268239545780943,131.9777158079092,-1.6321887264695147,23.988312703933723,0.44136346353546624,-0.7163611520417342,-6.912060322946819,-0.2456642330477662
42.78,22.44618185179257,131.53216851952052,-1.6465159495103494,23.98272659034504,0.4414794274265809,-0.7166217849519249,-6.914400484273318,-0.24624482411990015
42.800000000000004,22.617734656179962,131.08424185470633,-1.6608483852093878,23.9771076981334,0.44159400674322435,-0.7168836988929271,-6.916709278810204,-0.24682464380909738
42.82,22.78286308210576,130.63402693692225,-1.6751860591872463,23.971455850902778,0.44170723028683856,-0.7171466572240556,-6.91898669608376,-0.24740369029902276
42.84,22.941533548497077,130.1816154504284,-1.6895289923317274,23.965770871532943,0.4418191215864263,-0.7174104121192927,-6.92123272576261,-0.24798196177576418
42.86,23.093713779473152,129.72709962186684,-1.7038772005741132,23.960052582179163,0.44192969873685745,-0.717674708759003,-6.923447357657766,-0.24855945642783672
42.88,23.23937281353931,129.27057220169178,-1.7182306947492934,23.954300804272012,0.4420389743224221,-0.71793928962945,-6.925630581722677,-0.24913617244618905
42.9,23.37848101254621,128.81212644545434,-1.7325894805418824,23.948515358517177,0.44214695542680166,-0.7182038988617299,-6.927782388053267,-0.24971210802420904
42.92,23.51101007041284,128.3518560949428,-1.746953558519117,23.94269606489532,0.44225364372925546,-0.718468286541017,-6.92990276688799,-0.2502872613577293
42.94,23.636933021611092,127.88985535917985,-1.7613229242499373,23.936842742661952,0.44235903568545076,-0.7187322129173871,-6.931991708607863,-0.25086163064503253
42.96,23.756224249409406,127.42621889527744,-1.775697568508285,23.930955210347392,0.44246312279001354,-0.71899545245096,-6.934049203736523,-0.2514352140868586
42.980000000000004,23.86885949387226,126.96104178915083,-1.790077477557304,23.92503328575671,0.442565891916575,-0.7192577976266626,-6.936075242940256,-0.25200800988640837
43.0,23.97481585961186,126.49441953609232,-1.8044626335098373,23.91907678596975,0.4426673257298503,-0.7195190624774987,-6.938069817028049,-0.2525800162493492
43.02,24.074071823287834,126.02644802120636,-1.8188530147593873,23.91308552734116,0.44276740316313135,-0.7197790857598028,-6.9400329169516315,-0.25315123138382317
43.04,24.166607240850343,125.55722349970686,-1.8332485964745833,23.907059325500494,0.4428660999535301,-0.7200377337294436,-6.941964533805508,-0.2537216535004499
43.06,24.252403354521455,125.08684257707857,-1.847649351149172,23.90099799535233,0.44296338922637696,-0.7202949024742813,-6.9438646588270085,-0.25429128081233326
43.08,24.331442799509425,124.61540218910406,-1.8620552491986577,23.894901351076435,0.44305924211939,-0.7205505197652307,-6.94573328339632,-0.2548601115350669
43.1,24.403709610450058,124.1429995817586,-1.8764662595939623,23.888769206127975,0.4431536284365878,-0.7208045463959702,-6.947570399036538,-0.25542814388674073
43.12,24.469189227569217,123.66973229097508,-1.8908823505218817,23.882601373237765,0.44324651732143455,-0.7210569769895119,-6.949375997413683,-0.2559953760879439
43.14,24.527868502560217,123.19569812228197,-1.9053034900616719,23.876397664412554,0.4433378779383937,-0.7213078402583923,-6.951150070336764,-0.256561806361774
43.160000000000004,24.579735704169902,122.72099513031745,-1.9197296468668397,23.870157890935364,0.44342768015192296,-0.7215571987140272,-6.952892609757799,-0.25712743293383966
43.18,24.624780523487043,122.24572159822328,-1.9341607908411202,23.86388186336586,0.4435158951919794,-0.7218051478296355,-6.954603607771854,-0.25769225403226664
43.2,24.662994078926864,121.7699760169225,-1.948596893797713,23.85756939154078,0.44360249629531334,-0.7220518146699643,-6.956283056617082,-0.25825626788770534
43.22,24.694368920905564,121.29385706428536,-1.9630379300911123,23.851220284574374,0.443687459312213,-0.722297356009672,-6.957930948674759,-0.25881947273333406
43.24,24.718899036198984,120.81746358418849,-1.9774838772113057,23.84483435085895,0.44377076326891357,-0.7225419559705134,-6.959547276469316,-0.25938186680486547
43.26,24.736579851979823,120.34089456547241,-1.991934716330716,23.838411398065386,0.44385239087659223,-0.7227858232153107,-6.961132032668369,-0.25994344834055194
43.28,24.747408239528205,119.86424912080332,-2.006390432795022,23.831951233143755,0.4439323289787284,-0.7230291877439182,-6.962685210082766,-0.26050421558119186
43.300000000000004,24.751382517610836,119.38762646544487,-2.0208510165499005,23.825453662323955,0.4440105689296003,-0.7232722973429143,-6.9642068016666006,-0.2610641667701335
43.32,24.74850245552443,118.9111258959465,-2.035316462496759,23.818918491116403,0.4440871068977974,-0.7235154137464532,-6.965696800517259,-0.2616233001532819
43.34,24.73876927579975,118.43484676875488,-2.049786770771688,23.812345524312768,0.44416194408984166,-0.7237588085705005,-6.967155199875446,-0.26218161397910456
43.36,24.72218565656303,117.9588884787551,-2.064261946943098,23.80573456598676,0.44423508689029984,-0.724002759086462,-6.9685819931252135,-0.262739106498635
43.38,24.69875573355234,117.4833504377488,-2.078742002124827,23.799085419494958,0.44430654691612653,-0.7242475439029556,-6.969977173793995,-0.2632957759654809
43.4,24.66848510178694,117.00833205287616,-2.093226953002886,23.792397887477687,0.4443763409843681,-0.7244934386260861,-6.971340735552631,-0.26385162063582746
43.42,24.631380816888473,116.53393270498894,-2.1077168217754076,23.785671771859953,0.44444449099376926,-0.724740711569088,-6.972672672215402,-0.26440663876844367
43.44,24.58745139605335,116.06025172698163,-2.1222116360067895,23.77890687385241,0.44451102372222673,-0.7249896195815172,-6.973972977740048,-0.2649608286246876
43.46,24.5367068186764,115.58738838208771,-2.13671142839842,23.7721029939524,0.4445759705434116,-0.7252404040663667,-6.975241646227811,-0.26551418846851316
43.480000000000004,24.47915852662653,115.11544184214803,-2.151216236479747,23.76525993194502,0.4446393670672039,-0.7254932872505571,-6.976478671923444,-0.2660667165664724
43.5,24.41481942417558,114.64451116585789,-2.1657261022247583,23.75837748690426,0.4447012527098362,-0.7257484687702297,-6.9776840492152505,-0.266618411187724
43.52,24.343703877582218,114.17469527699942,-2.180241071600163,23.75145545719416,0.44476167020079765,-0.7260061226272532,-6.978857772635106,-0.2671692706040382
43.54,24.2658277143332,113.70609294266536,-2.194761194052708,23.744493640470083,0.44482066503459866,-0.7262663945673757,-6.979999836858476,-0.2677192930897998
43.56,24.181208222044663,113.23880275148032,-2.209286521944055,23.737491833679954,0.44487828487640546,-0.7265293999236535,-6.9811102367044535,-0.26826847692201716
43.58,24.089864147026617,112.77292309182486,-2.2238171099425283,23.730449833065627,0.4449345789313272,-0.726795221961216,-6.982188967135771,-0.26881682038032484
43.6,23.99181569251396,112.30855213006781,-2.2383530143817527,23.72336743416426,0.44498959728774473,-0.7270639107512629,-6.983236023258829,-0.26936432174699004
43.62,23.8870845165677,111.84578778881145,-2.252894292596778,23.71624443180976,0.4450433902455114,-0.7273354825935285,-6.984251400323715,-0.26991097930691776
43.64,23.775693729650047,111.38472772515424,-2.2674410022486486,23.70908062013429,0.44509600764011953,-0.7276099199974242,-6.98523509372423,-0.2704567913476574
43.660000000000004,23.65766789187726,110.92546930897493,-2.2819932006485972,23.701875792569815,0.4451474981740053,-0.727887172222878,-6.986187098997901,-0.27100175615940525
43.68,23.53303300995397,110.46810960124196,-2.2965509440930547,23.69462974184971,0.4451979087660632,-0.7281671563726185,-6.9871074118260115,-0.27154587203501246
43.7,23.401816533792733,110.01274533235139,-2.3111142872205073,23.687342260010425,0.44524728393015195,-0.7284497590184907,-6.987996028033614,-0.2720891372699905
43.72,23.264047352822256,109.55947288049637,-2.325683282400877,23.680013138393207,0.4452956651929091,-0.7287348383355069,-6.988852943589551,-0.27263155016251345
43.74,23.11975579198766,109.10838825007116,-2.3402579791675873,23.67264216764588,0.4453430905605527,-0.7290222267088194,-6.989678154606473,-0.27317310901342756
43.76,22.968973607445673,108.65958705011188,-2.3548384237017634,23.665229137724676,0.4453895940435487,-0.7293117337708795,-6.990471657340857,-0.2737138121262532
43.78,22.811733981957413,108.2131644727767,-2.369424658377181,23.657773837896134,0.44543520524707175,-0.7296031498187662,-6.99123344819302,-0.2742536578071915
43.800000000000004,22.648071519980977,107.76921527186734,-2.3840167213735564,23.650276056739045,0.4454799490341047,-0.7298962495552254,-6.9919635237071445,-0.27479264436513
43.82,22.478022242465553,107.3278337413943,-2.3986146463646607,23.64273558214647,0.4455238452668208,-0.7301907960914333,-6.992661880571281,-0.2753307701116472
43.84,22.301623581348398,106.88911369418776,-2.413218462286489,23.635152201327813,0.4455669086305959,-0.7304865451449685,-6.993328515617373,-0.27586803336101823
43.86,22.11891437375545,106.45314844055625,-2.4278281931893884,23.62752570081094,0.44560914854362416,-0.7307832493630798,-6.99396342582127,-0.27640443243021995
43.88,21.929934855905913,106.02003076699559,-2.44244385817665,23.619855866444382,0.4456505691536871,-0.731080662699066,-6.994566608302735,-0.27693996563893686
43.9,21.73472665672058,105.58985291495024,-2.4570654714306315,23.61214248339959,0.4456911694221686,-0.7313785447685417,-6.995138060325466,-0.2774746313095652
43.92,21.533332791133315,105.1627065596298,-2.4716930423260024,23.604385336173245,0.44573094329394974,-0.7316766651125285,-6.995677779297103,-0.2780084277672191
43.94,21.32579765310452,104.7386827888835,-2.486326575628253,23.59658420858963,0.4457698799503787,-0.7319748072957214,-6.99618576276924,-0.2785413533397357
43.96,21.112167008335096,104.31787208213599,-2.5009660717741675,23.58873888380308,0.4458079641411111,-0.7322727727708797,-6.996662008437441,-0.27907340635767997
43.980000000000004,20.89248798667903,103.90036428938778,-2.515611527229585,23.580849144300497,0.4458451765892905,-0.7325703844440846,-6.997106514141242,-0.27960458515435055
44.0,20.66680907425239,103.48624861028439,-2.5302629349184667,23.57291477190389,0.4458814944632978,-0.7328674898804877,-6.997519277864168,-0.2801348880657842
44.02,20.43518010523629,103.07561357325848,-2.5449202847160763,23.564935547773022,0.44591689190717027,-0.7331639640960983,-6.99790029773374,-0.2806643134307625
44.04,20.19765225337118,102.66854701474973,-2.5595835639979985,23.55691125240812,0.4459513406207949,-0.7334597118880252,-6.998249572021483,-0.2811928595908143
44.06,19.95427802313975,102.2651360585077,-2.574252758235759,23.548841665652624,0.4459848104801274,-0.7337546696632585,-6.998567099142934,-0.28172052489022437
44.08,19.70511124063561,101.865467094983,-2.588927851629024,23.54072656669602,0.44601727018700427,-0.734048806734465,-6.998852877657648,-0.28224730767603595
44.1,19.450207044115036,101.46962576081333,-2.6036088277637135,23.532565734076737,0.44604868793759844,-0.734342126060201,-6.999106906269208,-0.2827732062980568
44.12,19.189621874229132,101.07769691841007,-2.6182956702849176,23.524358945685112,0.44607903209824146,-0.7346346644162934,-6.999329183825227,-0.28329821910886477
44.14,18.923413463933965,100.68976463565288,-2.6329883635732436,23.516105978766426,0.4461082718771938,-0.7349264919947331,-6.999519709317355,-0.28382234446381227
44.160000000000004,18.65164082807646,100.30591216569889,-2.6476868934131383,23.507806609923996,0.44613637798099814,-0.7352177114361054,-6.9996784818812845,-0.28434558072103194
44.18,18.37436425265422,99.92622192691411,-2.6623912476418603,23.499460615122356,0.44616332324429403,-0.7355084563112033,-6.999805500796751,-0.28486792624144125
44.2,18.091645283747788,99.55077548293457,-2.6771014167680844,23.49106776969048,0.4461890832224079,-0.7357988890768364,-6.999900765487542,-0.2853893793887491
44.22,17.803546716124288,99.17965352286491,-2.6918173945496213,23.482627848325116,0.4462136367366455,-0.7360891985398273,-6.999964275521494,-0.28590993852945784
44.24,17.510132581511936,98.81293584162235,-2.706539178520418,23.474140625094137,0.44623696636300375,-0.736379596871621,-6.9999960306104985,-0.28642960203287227
44.26,17.211468136545392,98.45070132043384,-2.7212667704578504,23.465605873440015,0.44625905885596456,-0.7366703162236713,-6.9999960306104985,-0.286948368271102
44.28,16.907619850382464,98.09302790749435,-2.7360001767823237,23.457023366183336,0.44627990550012453,-0.7369616050006639,-6.999964275521494,-0.2874662356190673
44.300000000000004,16.598655391993308,97.73999259879395,-2.750739408882337,23.448392875526395,0.4462995023836315,-0.7372537238546122,-6.999900765487542,-0.28798320245450465
44.32,16.284643617123788,97.39167141912138,-2.765484483359429,23.439714173056867,0.4463178505887198,-0.7375469414677582,-6.999805500796751,-0.28849926715797125
44.34,15.965654554935272,97.04813940325141,-2.780235422188784,23.430987029751545,0.4463349562960438,-0.7378415301959852,-6.999678481881284,-0.2890144281128503
44.36,15.641759394323696,96.70947057732306,-2.794992252792704,23.42221121598016,0.44635083080097143,-0.7381377616470025,-6.999519709317355,-0.28952868370535606
44.38,15.313030469921255,96.3757379404154,-2.8097550080256437,23.41338650150927,0.4463654904415037,-0.7384359022688674,-6.999329183825227,-0.2900420323245393
44.4,14.979541247784626,96.04701344632733,-2.824523726071021,23.40451265550623,0.4463789564389928,-0.7387362090244239,-6.999106906269208,-0.29055447236229115
44.42,14.641366310774039,95.72336798556705,-2.8392984502515097,23.395589446543234,0.4463912546543278,-0.7390389252259623,-6.998852877657648,-0.2910660022133498
44.44,14.298581343627994,95.40487136755686,-2.854079228756029,23.386616642601417,0.4464024152637077,-0.7393442766018476,-6.998567099142934,-0.29157662027530423
44.46,13.951263117738732,95.09159230305796,-2.868866114288066,23.377594011075075,0.4464124723595087,-0.739652467663089,-6.998249572021483,-0.2920863249485997
44.480000000000004,13.59948947563388,94.78359838681976,-2.883659163641328,23.368521318775922,0.4464214634830455,-0.7399636784328343,-6.99790029773374,-0.2925951146365429
44.5,13.243339315169974,94.48095608045764,-2.8984584372099844,23.359398331937445,0.44642942909721134,-0.7402780615957201,-6.997519277864169,-0.2931029877453067
44.52,12.882892573443629,94.18373069556239,-2.9132639984418987,23.350224816219328,0.4464364120080266,-0.7405957401169302,-6.997106514141242,-0.2936099426839351
44.54,12.518230210426335,93.89198637704415,-2.9280759132442373,23.341000536711967,0.4464424567450236,-0.7409168053728626,-6.996662008437441,-0.29411597786434823
44.56,12.149434192328803,93.60578608671347,-2.9428942493516947,23.331725257941056,0.44644760891112145,-0.741241315826591,-6.99618576276924,-0.29462109170134854
44.58,11.776587474700777,93.32519158710119,-2.957719075668227,23.32239874387225,0.4464519145131905,-0.7415692962719972,-6.995677779297103,-0.2951252826126227
44.6,11.399773985272107,93.05026342551876,-2.972550461593667,23.313020757915922,0.4464554192848606,-0.7419007376606882,-6.995138060325466,-0.29562854901875046
44.62,11.019078606540733,92.78106091836032,-2.9873884763468808,23.30359106293199,0.44645816801328203,-0.7422355975157512,-6.994566608302735,-0.2961308893432065
44.64,10.634587158112968,92.51764213564726,-3.002233188297196,23.294109421234825,0.4464602038815013,-0.7425738009262617,-6.99396342582127,-0.296632302012367
44.660000000000004,10.246386378801237,92.26006388581614,-3.017084664315721,23.28457559459825,0.4464615678378657,-0.7429152421063553,-6.993328515617373,-0.2971327854555138
44.68,9.854563908484074,92.00838170075048,-3.031942969157848,23.27498934426062,0.44646229800342235,-0.7432597864928279,-6.992661880571281,-0.29763233810483986
44.7,9.459208269732875,91.76264982105685,-3.046808164887705,23.26535043092998,0.44646242912763867,-0.7436072733457963,-6.9919635237071445,-0.2981309583954539
44.72,9.060408849209484,91.5229211815858,-3.0616803103546206,23.255658614789308,0.44646199210195153,-0.7439575188080985,-6.991233448193021,-0.2986286447653849
44.74,8.658255878838375,91.28924739719814,-3.0765594607307825,23.245913655501848,0.44646101353966333,-0.74431031937099,-6.990471657340857,-0.2991253956555887
44.76,8.252840416756728,91.06167874877728,-3.0914456671182022,23.236115312216526,0.446459515429565,-0.7446654556864729,-6.989678154606473,-0.29962120950994964
44.78,7.844254328045371,90.84026416948863,-3.106338976231932,23.226263343573454,0.4464575148693948,-0.7450226966603732,-6.988852943589551,-0.3001160847752893
44.800000000000004,7.432590265243178,90.62505123128707,-3.121239430165139,23.216357507709514,0.44645502388386044,-0.745381803755198,-6.987996028033614,-0.3006100199013683
44.82,7.01794164864717,90.41608613167418,-3.1361470662402433,23.20639756226403,0.44645204933048593,-0.7457425354279436,-6.9871074118260115,-0.3011030133408928
44.84,6.600402646400255,90.21341368070708,3.1321233902307846,23.196383264384533,0.44644859289501404,-0.7461046516254618,-6.986187098997901,-0.30159506354951865
44.86,6.180068154368283,90.0170772882613,3.1172012971982754,23.186314370732614,0.44644465117653476,-0.7464679182587811,-6.985235093724229,-0.30208616898585666
44.88,5.757033775807883,89.82711895155047,3.1022719388331,23.17619063748986,0.44644021586093885,-0.7468321115779317,-6.984251400323715,-0.3025763281114771
44.9,5.331395800826358,89.64357924290599,3.087335296601541,23.166011820363877,0.446435273979746,-0.7471970223703759,-6.983236023258829,-0.30306553939091446
44.92,4.903251185634843,89.46649729782084,3.0723913561541334,23.155777674594418,0.44642980824985523,-0.7475624599090358,-6.982188967135771,-0.30355380129167314
44.94,4.472697531595851,89.29591080326153,3.057440106955953,23.14548795495958,0.44642379748833855,-0.7479282555801232,-6.981110236704454,-0.30404111228423036
44.96,4.039833064066385,89.13185598625317,3.042481541844351,23.135142415782113,0.4464172170950679,-0.7482942661264355,-6.979999836858477,-0.3045274708420434
44.980000000000004,3.6047566110378453,88.97436760274286,3.027515656521823,23.124740810935794,0.4464100395947637,-0.7486603764483762,-6.978857772635106,-0.30501287544155226
45.0,3.1675675815741307,88.82347892674719,3.012542448992855,23.114282893851925,0.4464022352289913,-0.7490265019126167,-6.977684049215251,-0.3054973245621857
45.02,2.7283659440495174,88.67922173978998,2.9975619189546023,23.103768417525895,0.4463937725877352,-0.7493925901268649,-6.976478671923444,-0.30598081668636545
45.04,2.287252204188173,88.54162632063661,2.982574067152065,23.093197134523855,0.44638461926946793,-0.7497586221485103,-6.975241646227811,-0.3064633502995111
45.06,1.8443273829074642,88.41072143533181,2.967578894709095,23.082568796989474,0.4463747425581049,-0.7501246131048517,-6.973972977740049,-0.306944923890045
45.08,1.3996929939675764,88.28653432754786,2.952576402446998,23.071883156650788,0.44636411010492094,-0.7504906122129215,-6.972672672215402,-0.3074255359493965
45.1,0.9534510214303537,88.16909070925017,2.9375665902027395,23.061139964827156,0.4463526906033936,-0.7508567021975318,-6.971340735552632,-0.30790518497200764
45.12,0.5057038969306892,88.05841475168765,2.922549456158789,23.050338972436304,0.4463404544450419,-0.75122299811679,-6.969977173793995,-0.3083838694553368
45.14,0.05655447676423664,87.95452907671473,2.9075249961964538,23.039479930001455,0.44632737434464437,-0.7515896456148486,-6.968581993125214,-0.3088615878998639
45.160000000000004,-0.39389398120433555,87.85745474845237,2.8924932032841566,23.028562587658577,0.4463134259237407,-0.7519568186318509,-6.967155199875446,-0.3093383388090952
45.18,-0.8455378408078693,87.76721126529459,2.87745406691152,23.017586695163697,0.4462985882420392,-0.7523247166107286,-6.965696800517259,-0.3098141206895677
45.2,-1.2982731110128998,87.68381655226754,2.862407572579306,23.006552001900346,0.4462828442672583,-0.7526935612495331,-6.9642068016666006,-0.31028893205085406
45.22,-1.7519954695199431,87.60728695374698,2.847353701354315,22.995458256887076,0.4462661812750022,-0.7530635928561772,-6.962685210082766,-0.31076277140556696
45.24,-2.206600286521937,87.53763722654016,2.8322924294971914,22.984305208785088,0.4462485911715006,-0.7534350663696721,-6.96113203266837,-0.31123563726936465
45.26,-2.661982648614506,87.4748805333377,2.8172237281697985,22.97309260590595,0.44623007073339555,-0.753808247118041,-6.959547276469316,-0.3117075281609539
45.28,-3.118037382851402,87.41902843653993,2.8021475632274377,22.961820196219428,0.4462106217602258,-0.7541834063879703,-6.957930948674759,-0.3121784426020964
45.300000000000004,-3.574659080938184,87.37009089246231,2.787063895099678,22.950487727361388,0.44619025113680266,-0.7545608168847958,-6.956283056617082,-0.31264837911761273
45.32,-4.031742123556985,87.32807624592343,2.7719726787619816,22.939094946641845,0.44616897080427087,-0.754940748163608,-6.954603607771854,-0.3131173362353861
45.34,-4.489180704815019,87.29299122521863,2.7568738637987096,22.92764160105306,0.44614679764027393,-0.7553234621129824,-6.952892609757799,-0.3135853124863689
45.36,-4.946868856809413,87.26484093748184,2.74176739455645,22.91612743727778,0.44612375325026604,-0.755709208572135,-6.951150070336765,-0.314052306404585
45.38,-5.404700474300847,87.24362886443701,2.726653210385008,22.90455220169755,0.44609986367360277,-0.7560982211601378,-6.949375997413683,-0.3145183165271365
45.4,-5.862569339488543,87.22935685854071,2.7115312459618046,22.892915640401142,0.4460751590095737,-0.7564907133922664,-6.947570399036538,-0.31498334139420636
45.42,-6.320369146879194,87.22202513951599,2.6964014316939586,22.881217499193095,0.4460496729699824,-0.7568868751536152,-6.945733283396321,-0.3154473795490655
45.44,-6.777993528242549,87.22163229127776,2.6812636941908865,22.869457523602335,0.4460234423662076,-0.7572868695939217,-6.9438646588270085,-0.3159104295380734
45.46,-7.235336077646571,87.22817525924883,2.666117956799008,22.857635458890915,0.44599650653986983,-0.7576908305001684,-6.941964533805508,-0.3163724899106876
45.480000000000004,-7.692290376565287,87.2416493480658,2.6509641401890045,22.84575105006285,0.4459689067472574,-0.7580988601951117,-6.9400329169516315,-0.31683355921946416
45.5,-8.148750019052745,87.26204821967308,2.6358021629851027,22.833804041873073,0.4459406855085175,-0.7585110280005813,-6.93806981702805,-0.3172936360200638
45.52,-8.604608636976778,87.2893638918033,2.6206319424250912,22.821794178836456,0.4459118859332724,-0.758927369294341,-6.936075242940256,-0.31775271887125683
45.54,-9.059759925306611,87.3235867368422,2.605453395039204,22.809721205236997,0.44588255103476987,-0.7593478851786994,-6.934049203736523,-0.3182108063349273
45.56,-9.51409766744868,87.36470548107535,2.5902664373356297,22.79758486513706,0.4458527230449074,-0.7597725427680806,-6.931991708607864,-0.3186678969760768
45.58,-9.967515760625407,87.41270720431474,2.5750709864802683,22.785384902386745,0.4458224427424793,-0.760201276091617,-6.929902766887991,-0.3191239893628299
45.6,-10.419908241291978,87.46757733990262,2.559866960958436,22.773121060633354,0.4457917488067821,-0.7606339875957105,-6.9277823880532665,-0.3195790820664385
45.62,-10.871169310586577,87.52929967509021,2.5446542812065216,22.76079308333098,0.4457606772082813,-0.7610705502206048,-6.925630581722678,-0.3200331736612854
45.64,-11.321193359809756,87.59785635178943,2.5294328702021094,22.74840071375019,0.44572926064739526,-0.7615108100145572,-6.923447357657767,-0.3204862627248903
45.660000000000004,-11.76987499592899,87.67322786769533,2.514202654001818,22.735943694987814,0.4456975280516051,-0.7619545892393499,-6.921232725762609,-0.3209383478379133
45.68,-12.217109067104646,87.75539307777782,2.498963562217031,22.723421769976856,0.44566550414006273,-0.7624016899118385,-6.918986696083761,-0.3213894275841581
45.7,-12.662790688233843,87.84432919614135,2.483715528418794,22.7108346814965,0.4456332090636658,-0.762851897718165,-6.916709278810205,-0.32183950055058
45.72,-13.106815266508812,87.94001179825143,2.468458490464431,22.69818217218223,0.4456006581272145,-0.7633049862303152,-6.91440048427332,-0.3222885653272864
45.74,-13.549078526986465,88.04241482352803,2.453192390739824,22.685463984536064,0.4455678615987886,-0.7637607213490041,-6.912060322946821,-0.32273662050754387
45.76,-13.989476538165897,88.15151057830532,2.437917176312844,22.672679860936892,0.44553482460990873,-0.7642188658925534,-6.90968880544672,-0.323183664687781
45.78,-14.427905737570574,88.26726973915865,2.422632798994993,22.659829543650922,0.4455015471484027,-0.7646791842485369,-6.907285942531271,-0.323629696467594
45.800000000000004,-14.8642629573318,88.38966135659977,2.4073392153100226,22.64691277484225,0.44546802414421355,-0.7651414470036088,-6.9048517451009275,-0.3240747144497499
45.82,-15.298445449769986,88.51865285914174,2.3920363863699503,22.633929296583528,0.44543424564669526,-0.7656054354671028,-6.902386224198292,-0.3245187172401921
45.84,-15.730350912969962,88.65421005773548,2.3767242776606086,22.620878850866738,0.4454001970902711,-0.7660709460057067,-6.899889391008057,-0.3249617034480441
45.86,-16.15987751634638,88.79629715058077,2.361402858740494,22.60776117961411,0.44536585964371267,-0.7665377941097505,-6.897361256856971,-0.3254036716856134
45.88,-16.586923926194885,88.94487672831411,2.346072102858299,22.594576024689097,0.4453312106367625,-0.7670058181163528,-6.894801833213769,-0.3258446205683972
45.9,-17.011389331224432,89.09990977957716,2.330731986495972,22.58132312790753,0.44529622405639885,-0.7674748825207557,-6.892211131689135,-0.326284548715085
45.92,-17.433173468065704,89.26135569696895,2.3153824888455574,22.568002231048826,0.44526087110375406,-0.767944880814543,-6.889589164035639,-0.3267234547475648
45.94,-17.85217664675015,89.42917228338591,2.300023591229266,22.554613075867344,0.4452251208015721,-0.7684157377979541,-6.8869359421476934,-0.3271613372909253
45.96,-18.2682997761538,89.60331575875347,2.2846552764733072,22.54115540410384,0.44518894064114745,-0.7688874113230053,-6.8842514780614845,-0.3275981949734631
45.980000000000004,-18.681444389399516,89.78374076715339,2.269277528246847,22.52762895749705,0.44515229725694366,-0.769359893434471,-6.881535783954938,-0.32803402642668317
46.0,-19.091512669210868,89.97040038435082,2.253890330378157,22.51403347779537,0.4451151571165621,-0.7698332108867445,-6.878788872147648,-0.32846883028530666
46.02,-19.498407473210488,90.16324612572494,2.238493666160422,22.500368706768654,0.4450774872134265,-0.7703074250260012,-6.876010755100821,-0.32890260518727343
46.04,-19.90203235915528,90.36222795460702,2.223087517659902,22.486634386220146,0.4450392557494771,-0.7707826310387256,-6.873201445417234,-0.32933534977374673
46.06,-20.302291610100504,90.56729429102941,2.207671865039128,22.4728302579985,0.44500043279532775,-0.7712589565793141,-6.870360955841158,-0.3297670626891167
46.08,-20.699090259484418,90.77839202088862,2.1922466859075413,22.45895606400993,0.44496099091573194,-0.7717365598009204,-6.867489299258319,-0.33019774258100637
46.1,-21.09233411612491,90.99546650552523,2.176811954711523,22.445011546230475,0.44492090574881876,-0.7722156268247488,-6.864586488695823,-0.3306273881002736
46.12,-21.48192978911926,91.21846159172307,2.161367642175028,22.430996446718385,0.4448801565283904,-0.7726963686934369,-6.86165253732211,-0.3310559979010174
46.14,-21.867784712638063,91.44731962212923,2.145913714801159,22.416910507626607,0.44483872653960127,-0.7731790178637822,-6.858687458446881,-0.3314835706405812
46.160000000000004,-22.249807170604225,91.68198144609639,2.1304501344438833,22.402753471215398,0.44479660349954975,-0.7736638243027062,-6.855691265521054,-0.3319101049795567
46.18,-22.627906321247885,91.92238643094785,2.1149768579578296,22.38852507986506,0.4447537798556825,-0.7741510512578251,-6.85266397213669,-0.33233559958178815
46.2,-23.0019922215282,92.16847247366545,2.099493836932673,22.37422507608879,0.4447102529964149,-0.7746409707801882,-6.849605592026932,-0.3327600531143783
46.22,-23.37197585141302,92.42017601299949,2.0840010175170693,22.35985320254563,0.4446660253699834,-0.7751338590815212,-6.846516139065953,-0.3331834642476896
46.24,-23.7377691380076,92.6774320419997,2.068498340335439,22.345409202053556,0.4446211045092323,-0.7756299918115778,-6.8433956272688805,-0.33360583165535085
46.26,-24.099284979523894,92.94017412096491,2.0529857404992073,22.330892817602685,0.4445755029617764,-0.776129639342906,-6.840244070791743,-0.33402715401425975
46.28,-24.456437269082063,93.20833439080936,2.0374631477123497,22.316303792368572,0.44452923812672845,-0.7766330621504244,-6.837061483931398,-0.3344474300045884
46.300000000000004,-24.809140918336386,93.48184358684207,2.0219304864693406,22.30164186972567,0.4444823320009165,-0.7771405063716668,-6.8338478811254735,-0.33486665830978596
46.32,-25.15731188091802,93.76063105295624,2.006387676341907,22.28690679326086,0.44443481083919734,-0.7776521996304345,-6.830603276952299,-0.33528483761658423
46.34,-25.500867175687585,94.04462475622393,1.9908346323492987,22.272098306787143,0.44438670473507763,-0.7781683472019224,-6.827327686130835,-0.335701966615001
46.36,-25.83972490979097,94.33375130189212,1.9752712654052598,22.257216154357415,0.44433804712934416,-0.7786891285912357,-6.8240211235206205,-0.33611804399834366
46.38,-26.17380430151224,94.62793594877505,1.9596974828334348,22.242260080278385,0.4442888742557586,-0.779214694589733,-6.8206836041216885,-0.3365330684632147
46.4,-26.503025702918045,94.92710262503766,1.9441131889416399,22.227229829124603,0.44423922453405873,-0.7797451648648914,-6.817315143074507,-0.33694703870951404
46.42,-26.827310622288362,95.23117394436514,1.9285182856443424,22.21212514575261,0.4441891379215108,-0.780280626129604,-6.813915755659913,-0.33735995344044506
46.44,-27.146581746328952,95.54007122251295,1.9129126731217507,22.196945775315193,0.4441386552350483,-0.7808211309261401,-6.810485457299036,-0.3377718113625167
46.46,-27.46076296216123,95.85371449423207,1.8972962505032278,22.181691463275797,0.4440878174566063,-0.7813666970486058,-6.807024263553231,-0.33818261118554926
46.480000000000004,-27.769779379085772,96.17202253056398,1.8816689165622558,22.16636195542301,0.4440366650345967,-0.7819173076158878,-6.803532190124011,-0.33859235162267676
46.5,-28.073557350115955,96.49491285650028,1.8660305704099382,22.150956997885196,0.44398523719456584,-0.7824729117949203,-6.800009252852972,-0.3390010313903525
46.52,-28.37202449327854,96.8223017690018,1.8503811121740394,22.135476337145242,0.443933571271929,-0.7830334261619447,-6.796455467721714,-0.33940864920835245
46.54,-28.665109712678284,97.15410435537234,1.8347204436508004,22.119919720055425,0.4438817020792873,-0.7835987366774463,-6.792870850851792,-0.33981520379977853
46.56,-28.95274321932373,97.49023451198272,1.8190484689172512,22.104286893852393,0.4438296613202069,-0.7841687012388728,-6.789255418504615,-0.3402206938910641
46.58,-29.23485655171155,97.83060496334075,1.8033650948924738,22.088577606172283,0.4437774770604923,-0.784743152764311,-6.7856091870813895,-0.34062511821197683
46.6,-29.51138259616671,98.17512728150345,1.787670231837188,22.072791605065937,0.4437251732669261,-0.7853219027501971,-6.781932173123041,-0.3410284754956228
46.62,-29.782255606935678,98.52371190582815,1.7719637937821844,22.056928639014256,0.4436727694221997,-0.7859047452370805,-6.778224393310135,-0.341430764478451
46.64,-30.047411226029883,98.87626816305934,1.7562456988774429,22.04098845694366,0.4436202802233426,-0.7864914611096153,-6.774485864462806,-0.34183198390025704
46.660000000000004,-30.306786502816173,99.23270428774879,1.7405158696552503,22.02497080824168,0.44356771536940187,-0.7870818226504823,-6.7707166035406825,-0.34223213250418655
46.68,-30.560319913351,99.59292744300667,1.7247742332022407,22.008875442772666,0.44351507944245266,-0.7876755982629575,-6.766916627642805,-0.3426312090367396
46.7,-30.80795137945451,99.95684374158186,1.709020721236982,21.992702110893617,0.4434623718842717,-0.788272557273461,-6.763085954007549,-0.34302921224777577
46.72,-31.049622287520386,100.32435826726986,1.6932552700915124,21.976450563470124,0.4434095870692057,-0.7888724747237003,-6.759224600012553,-0.3434261408905149
46.74,-31.285275507056884,100.69537509664715,1.6774778205970389,21.96012055189244,0.44335671447195524,-0.7894751360620084,-6.755332583174629,-0.34382199372154504
46.76,-31.514855408953924,101.06979732113098,1.6616883178757984,21.94371182809168,0.4433037389271995,-0.7900803416451766,-6.751409921149696,-0.3442167695008228
46.78,-31.73830788347063,101.44752706936353,1.6458867110428947,21.92722414455611,0.4432506409762501,-0.7906879109654651,-6.747456631732687,-0.34461046699167985
46.800000000000004,-31.955580357937205,101.82846552992015,1.6300729528235856,21.910657254347598,0.44319739729426927,-0.7912976865224853,-6.74347273285748,-0.3450030849608247
46.82,-32.16662181416445,102.21251297434047,1.6142469990931358,21.894010911118148,0.44314398119005377,-0.7919095372662048,-6.739458242596809,-0.3453946221783485
46.84,-32.371382805553765,102.59956878048199,1.5984088083478118,21.877284869126584,0.4430903631690021,-0.7925233615452776,-6.735413179162181,-0.34578507741772696
46.86,-32.569815473899936,102.98953145619507,1.582558341116906,21.860478883255322,0.44303651154867,-0.7931390895041561,-6.731337560903804,-0.3461744494558261
46.88,-32.76187356587864,103.38229866331841,1.5666955593268224,21.843592709027302,0.44298239311530924,-0.7937566848827675,-6.7272314063104846,-0.34656273707290475
46.9,-32.94751244921001,103.77776724199364,1.5508204256291673,21.826626102622996,0.44292797380898724,-0.7943761461837842,-6.723094734009569,-0.3469499390526185
46.92,-33.126689128489566,104.17583323529738,1.534932902705492,21.809578820897574,0.44287321942432856,-0.7949975071844522,-6.718927562766835,-0.3473360541820245
46.94,-33.29936226067714,104.57639191418872,1.519032952561803,21.792450621398167,0.4428180963135993,-0.7956208367823427,-6.714729911486422,-0.34772108125158374
46.96,-33.465492170234604,104.97933780276993,1.503120535826156,21.77524126238125,0.4427625720787946,-0.7962462381770403,-6.710501799210738,-0.34810501905516644
46.980000000000004,-33.62504086390277,105.38456470385711,1.4871956110626154,21.757950502830155,0.44270661623957736,-0.7968738474024021,-6.70624324512038,-0.34848786639005425
47.0,-33.77797204510803,105.7919657248576,1.4712581341145672,21.740578102472703,0.4426502008643562,-0.7975038312364161,-6.701954268534037,-0.34886962205694555
47.02,-33.92425112798922,106.20143330395024,1.4553080574898392,21.723123821798943,0.44259330115247425,-0.7981363845275896,-6.6976348889084125,-0.34925028485995785
47.04,-34.06384525103534,106.61285923656375,1.4393453297992878,21.70558742207901,0.4425358959563927,-0.798771726987984,-6.69328512583813,-0.34962985360663246
47.06,-34.19672329032501,107.02613470214848,1.423369895259528,21.687968665381124,0.44247796823388036,-0.7994100995132886,-6.68890499905564,-0.3500083271079381
47.08,-34.32285587235895,107.44115029123576,1.4073816932692624,21.67026731458968,0.44241950542154,-0.8000517600994562,-6.68449452843115,-0.3503857041782739
47.1,-34.44221538647693,107.85779603277886,1.3913806580672734,21.652483133423466,0.4423604997224901,-0.8006969794332668,-6.680053733972506,-0.3507619836354742
47.12,-34.55477599685133,108.27596142176905,1.3753667184786078,21.634615886454007,0.4423009483026477,-0.8013460362405685,-6.675582635825125,-0.3511371643008115
47.14,-34.66051365404983,108.69553544711965,1.3593397977537967,21.616665339124015,0.4422408533917975,-0.8019992124807439,-6.6710812542718925,-0.35151124499900005
47.160000000000004,-34.759406106160355,109.11640661981077,1.3432998135041814,21.598631257765966,0.44218022228744286,-0.8026567884790667,-6.666549609733074,-0.3518842245582005
47.18,-34.85143290947214,109.5384630012871,1.3272466777345997,21.580513409620778,0.4421190672612946,-0.803319038090002,-6.661987722766219,-0.3522561018100221
47.2,-34.93657543870712,109.9615922321005,1.3111802969727995,21.562311562856625,0.44205740537011207,-0.8039862239840888,-6.657395614066073,-0.35262687558952804
47.22,-35.01481689679696,110.38568156078962,1.2951005724931175,21.544025486587856,0.44199525817444885,-0.8046585931488807,-6.652773304464483,-0.3529965447352372
47.24,-35.086142324201134,110.81061787298776,1.2790074006301397,21.525654950894033,0.441932651370622,-0.8053363726904976,-6.648120814930289,-0.3533651080891303
47.26,-35.15053860776282,111.23628772075091,1.26290067317633,21.50719972683909,0.44186961434289745,-0.8060197660167596,-6.643438166569252,-0.35373256449665036
47.28,-35.20799448909923,111.66257735209743,1.2467802778559944,21.488659586490584,0.44180617964442465,-0.8067089494757156,-6.638725380623944,-0.3540989128067094
47.300000000000004,-35.25850057252424,112.08937274075107,1.2306460988664796,21.4700343029391,0.4417423824168329,-0.8074040695147773,-6.633982478473655,-0.35446415187168956
47.32,-35.30204933250133,112.5165596160791,1.214498017476184,21.451323650317736,0.4416782597595962,-0.8081052404158057,-6.629209481634291,-0.3548282805474487
47.34,-35.33863512062548,112.94402349321756,1.1983359126678677,21.432527403821716,0.44161385006125364,-0.8088125426505158,-6.6244064117582875,-0.35519129769332225
47.36,-35.368254172133,113.37164970337578,1.1821596618148575,21.413645339728117,0.4415491923053247,-0.8095260218887154,-6.619573290634499,-0.35555320217212844
47.38,-35.39090461193874,113.79932342431275,1.165969141377083,21.39467723541571,0.4414843253642619,-0.8102456886793673,-6.61471014018811,-0.35591399285017017
47.4,-35.406586460200145,114.22692971097796,1.1497642276034954,21.375622869384905,0.4414192872950343,-0.810971518811532,-6.60981698248053,-0.35627366859724
47.42,-35.415301637408064,114.65435352630992,1.1335447972272643,21.35648202127783,0.44135411464992036,-0.8117034543491255,-6.604893839709292,-0.3566322282866232
47.44,-35.417053969003945,115.0814797721857,1.117310728140282,21.337254471898486,0.4412888418158135,-0.8124414053203955,-6.599940734207957,-0.35698967079510047
47.46,-35.4118491895234,115.50819332051532,1.1010619000338746,21.317940003233048,0.44122350039481106,-0.8131852520303143,-6.59495768844601,-0.35734599500295305
47.480000000000004,-35.3996949462657,115.93437904447492,1.0847981949932688,21.298538398470257,0.4411581186380741,-0.8139348479519672,-6.589944725028761,-0.3577011997939646
47.5,-35.38060080248871,116.35992184987317,1.0685194980342292,21.279049442021932,0.44109272094393087,-0.8146900231417128,-6.584901866697233,-0.3580552840554261
47.52,-35.3545782401285,116.78470670664545,1.0522256975713944,21.25947291954359,0.4410273274299667,-0.8154505881126317,-6.579829136328073,-0.358408246678138
47.54,-35.32164066204245,117.20861868047065,1.0359166858091413,21.23980861795516,0.4409619535874203,-0.8162163380917671,-6.574726556933438,-0.35876008655641495
47.56,-35.28180339377433,117.6315429645055,1.019592359047306,21.220056325461826,0.4408966100246215,-0.8169870575790725,-6.569594151660888,-0.35911080258808864
47.58,-35.235083684839324,118.05336491123164,1.0032526178957246,21.20021583157498,0.44083130230448536,-0.8177625251199738,-6.5644319437932985,-0.3594603936745109
47.6,-35.18150070952647,118.47397006441041,0.9868973673933255,21.180286927133256,0.44076603087925714,-0.8185425181991483,-6.55923995674873,-0.3598088587205578
47.62,-35.12107556721551,118.89324419114054,0.9705265170293425,21.1602694043237,0.4407007911238169,-0.819326818160608,-6.554018214080342,-0.36015619663463316
47.64,-35.05383128220463,119.31107331401374,0.9541399806661301,21.14016305670302,0.4406355734669384,-0.8201152150585084,-6.548766739476278,-0.3605024063286709
47.660000000000004,-34.979792803044845,119.72734374336304,0.9377376763649599,21.119967679218977,0.4405703636179902,-0.8209075123442973,-6.543485556759556,-0.36084748671814
47.68,-34.89898700137664,120.14194210959842,0.921319526118074,21.099683068231833,0.4405051428847083,-0.8217035312988664,-6.538174689887966,-0.36119143672204623
47.7,-34.81144267026355,120.5547553956242,0.9048854554920966,21.079309021535945,0.44043988857589017,-0.8225031151231973,-6.532834162953956,-0.36153425526293714
47.72,-34.717190522017354,120.96567096933205,0.8884353931896332,21.05884533838144,0.44037457448120043,-0.8233061326075389,-6.527464000184532,-0.3618759412669041
47.74,-34.61626318550885,121.37457661616327,0.8719692705374822,21.038291819495996,0.4403091714187688,-0.824112481307258,-6.522064225941126,-0.3622164936635871
47.76,-34.508695202958066,121.78136057173334,0.8554870209113368,21.01764826710674,0.44024364783992787,-0.8249220901630463,-6.516634864719522,-0.3625559113861759
47.78,-34.39452302619745,122.18591155451165,0.8389885791080758,20.99691448496222,0.44017797047931634,-0.825734921513938,-6.511175941149703,-0.3628941933714162
47.800000000000004,-34.27378501240142,122.5881187985482,0.8224738806777969,20.97609027835449,0.44011210503767556,-0.8265509724633967,-6.505687479995771,-0.36323133855961043
47.82,-34.14652141927565,122.98787208623918,0.8059428612285289,20.955175454141315,0.44004601688401923,-0.8273702755713297,-6.500169506155829,-0.36356734589462253
47.84,-34.01277439969948,123.38506178112246,0.7893954557171021,20.93416982076843,0.4399796717634664,-0.8281928988580483,-6.494622044661848,-0.36390221432388076
47.86,-33.87258799581488,123.77957886069343,0.7728315977399411,20.91307318829195,0.4399130364969065,-0.829018945119636,-6.489045120679578,-0.36423594279838156
47.88,-33.72600813255583,124.17131494923153,0.7562512188375483,20.891885368400818,0.4398460796588138,-0.8298485505676881,-6.483438759508422,-0.3645685302726915
47.9,-33.57308261061207,124.56016235062687,0.7396542478261945,20.87060617443941,0.43977877221994766,-0.8306818828196214,-6.477802986581326,-0.36489997570495214
47.92,-33.413861098821684,124.94601408119638,0.7230406101698019,20.849235421430183,0.4397110881423518,-0.8315191382785314,-6.472137827464647,-0.3652302780568825
47.94,-33.24839512598752,125.32876390247819,0.7064102274042314,20.82777292609646,0.4396430049149927,-0.8323605389535877,-6.466443307858077,-0.365559436293782
47.96,-33.07673807211283,125.70830635399277,0.6897630166251596,20.80621850688527,0.4395745040195323,-0.8332063287829887,-6.460719453594469,-0.3658874493845346
47.980000000000004,-32.898945159052296,126.08453678595932,0.6730988900494999,20.784571983990308,0.43950557131709533,-0.8340567695313529,-6.454966290639769,-0.36621431630161116
48.0,-32.7150734405752,126.45735139195533,0.6564177546588725,20.762833179374976,0.4394361973484343,-0.8349121363418489,-6.449183845092892,-0.36654003602107305
48.02,-32.52518179183817,126.8266472415075,0.6397195119320358,20.741001916795515,0.43936637754159363,-0.8357727130302604,-6.443372143185563,-0.36686460752257555
48.04,-32.329330898265674,127.19232231260193,0.6230040576714306,20.719078021824227,0.4392961123229869,-0.8366387872133464,-6.437531211282245,-0.3671880297893709
48.06,-32.12758324383719,127.55427552410177,0.6062712819271638,20.697061321872784,0.43922540712969893,-0.8375106453672386,-6.43166107588,-0.36751030180831074
48.08,-31.920003098780704,127.91240676806046,0.5895210690198192,20.67495164621563,0.43915427232276727,-0.8383885679130926,-6.425761763608367,-0.36783142256985085
48.1,-31.706656506672726,128.266616941919,0.5727532976615572,20.652748826013454,0.4390827230031455,-0.8392728244268064,-6.419833301229241,-0.3681513910680531
48.120000000000005,-31.48761127094602,128.61680798057594,0.5559678411730209,20.630452694336775,0.4390107787339717,-0.8401636690672629,-6.413875715636763,-0.3684702063005887
48.14,-31.262936940806508,128.96288288831894,0.5391645677916754,20.60806308618958,0.4389384631746132,-0.8410613363133753,-6.407889033857188,-0.3687878672687414
48.160000000000004,-31.032704796561614,129.30474577060758,0.5223433410654081,20.58557983853308,0.43886580363370253,-0.8419660370942154,-6.4018732830487535,-0.36910437297741183
48.18,-30.796987834362692,129.64230186569674,0.5055040203235239,20.563002790309504,0.4387928305499837,-0.8428779553888338,-6.395828490501585,-0.3694197224351179
48.2,-30.55586075036469,129.97545757609115,0.48864646121574706,20.540331782466016,0.4387195769112184,-0.8437972453632007,-6.389754683637537,-0.3697339146540014
48.22,-30.309399924306476,130.30412049982138,0.4717705163084829,20.517566657978687,0.43864607762263125,-0.8447240291011315,-6.3836518900100945,-0.37004694864982773
48.24,-30.05768340251555,130.62819946153272,0.45487603572646007,20.494707261876556,0.4385723688373783,-0.8456583949743826,-6.377520137304242,-0.3703588234419916
48.26,-29.800790880341054,130.9476045433779,0.43796286782697225,20.471753441265758,0.4384984872622803,-0.846600396684484,-6.37135945333633,-0.3706695380535182
48.28,-29.538803684019015,131.2622471157062,0.4210308598932828,20.44870504535374,0.43842446945255864,-0.8475500529955984,-6.36516986605395,-0.3709790915110681
48.300000000000004,-29.27180475197382,131.57203986754064,0.40407985883337094,20.42556192547355,0.4383503511095366,-0.8485073481640071,-6.358951403535825,-0.3712874828449379
48.32,-28.99987861555983,131.87689683683612,0.3871097118700906,20.402323935108175,0.4382761663952149,-0.8494722330560001,-6.35270409399166,-0.37159471108906583
48.34,-28.72311137924683,132.1767334405114,0.3701202672089705,20.378990929915002,0.43820194727730294,-0.850444626932263,-6.346427965762019,-0.3719007752810331
48.36,-28.441590700252878,132.4714665042477,0.35311137467032516,20.355562767750296,0.4381277229176847,-0.8514244198635808,-6.340123047318208,-0.3722056744620677
48.38,-28.155405767627734,132.76101429204724,0.3360828862730534,20.33203930869378,0.43805351911644286,-0.852411475730085,-6.333789367262137,-0.3725094076770466
48.4,-27.86464728078984,133.04529653554513,0.31903465675845144,20.30842041507327,0.437979357822461,-0.8534056357446124,-6.327426954326188,-0.37281197397449983
48.42,-27.56940742751935,133.3242344630673,0.30196654404355927,20.28470595148939,0.4379052567203037,-0.8544067224302496,-6.321035837373091,-0.37311337240661235
48.44,-27.269779861409432,133.59775082842793,0.28487840959495436,20.26089578484033,0.43783122890155735,-0.8554145439730264,-6.314616045395791,-0.373413602029228
48.46,-26.96585967877756,133.865769939459,0.26777011871549394,20.236989784346694,0.43775728262713365,-0.8564288988631817,-6.308167607517308,-0.37371266190185204
48.480000000000004,-26.657743395038274,134.12821768626463,0.2506415407382301,20.212987821576395,0.43768342118522624,-0.8574495807326,-6.301690552990624,-0.3740105510876536
48.5,-26.34552892053842,134.38502156919245,0.2334925491235782,20.188889770469604,0.43760964284770254,-0.8584763832920446,-6.295184911198534,-0.3743072686534692
48.52,-26.02931553585556,134.63611072651358,0.2163230214577374,20.164695507363785,0.43753594092574993,-0.8595091052697558,-6.2886507116535135,-0.3746028136698063
48.54,-25.70920386656004,134.88141596180284,0.19913283935234238,20.14040491101876,0.43746230392361285,-0.860547555252906,-6.2820879839975925,-0.3748971852108446
48.56,-25.385295857440873,135.12086977100967,0.18192188824728417,20.116017862641847,0.43738871578729827,-0.8615915563352989,-6.275496758002216,-0.37519038235443997
48.58,-25.057694746195537,135.35440636921015,0.16469005712057827,20.091534245913053,0.4373151562432278,-0.8626409504785324,-6.268877063568112,-0.3754824041821275
48.6,-24.72650503658357,135.58196171702983,0.1474372381110074,20.06695394701031,0.4372416012200177,-0.8636956024995555,-6.2622289307251515,-0.3757732497791238
48.620000000000005,-24.39183247104398,135.8034735467261,0.13016332606101644,20.042276854634775,0.4371680233449036,-0.8647554036049914,-6.255552389632218,-0.37606291823433036
48.64,-24.05378400277645,136.01888138791895,0.11286821798891644,20.017502860036164,0.43709439250483556,-0.8658202744016761,-6.248847470577065,-0.37635140864033556
48.660000000000004,-23.712467767286526,136.2281265929576,0.09555181250088296,19.992631857038166,0.4370206764609735,-0.8668901673233349,-6.242114203976176,-0.37663872009341937
48.68,-23.367993053395207,136.43115236191073,0.07821400915441634,19.96766374206387,0.43694684150424723,-0.8679650684250281,-6.2353526203746465,-0.3769248516935533
48.7,-23.020470273713673,136.62790376716677,0.06085470778591562,19.942598414161253,0.43687285313882374,-0.8690449985096699,-6.228562750446013,-0.3772098025444062
48.72,-22.67001093458433,136.81832777763094,0.04347380781572241,19.917435775028714,0.4367986767797682,-0.8701300135643347,-6.221744624992145,-0.377493571753345
48.74,-22.31672760548975,137.00237328250498,0.026071207544435815,19.892175729040652,0.4367242784509055,-0.8712202044979213,-6.21489827494308,-0.3777761584314386
48.76,-21.960733887931703,137.17999111463527,0.008646803454477325,19.866818183273068,0.4366496254688888,-0.872315696185782,-6.208023731356903,-0.37805756169345983
48.78,-21.602144383783028,137.351134073415,-0.008799510469238214,19.84136304752923,0.43657468709976316,-0.8734166458408547,-6.201121025419596,-0.37833778065788914
48.800000000000004,-21.241074663115718,137.51575694722578,-0.02626784338605548,19.815810234365358,0.4364994351748716,-0.8745232407443734,-6.194190188444895,-0.37861681444691664
48.82,-20.877641231509283,137.67381653540392,-0.04375830820094295,19.790159659116345,0.43642384465377243,-0.8756356953821172,-6.187231251874158,-0.3788946621864451
48.84,-20.511961496844147,137.82527166971727,-0.06127102210858526,19.764411239921518,0.4363478941229073,-0.8767542480441165,-6.1802442472762005,-0.3791713230060929
48.86,-20.144153735585487,137.97008323533797,-0.07880610706946767,19.73856489775044,0.43627156622005947,-0.877879156956532,-6.173229206347188,-0.3794467960391963
48.88,-19.774337058563656,138.10821419129707,-0.09636369020859847,19.712620556428714,0.4361948479761373,-0.879010696023841,-6.166186160910452,-0.37972108042281244
48.9,-19.402631376257965,138.2396295904075,-0.11394390412907551,19.68657814266384,0.4361177310674898,-0.8801491502673068,-6.159115142916374,-0.37999417529772234
48.92,-19.029157363591214,138.36429659864203,-0.13154688713442164,19.66043758607109,0.43604021197376647,-0.8812948110518254,-6.152016184442232,-0.38026607980843263
48.94,-18.654036424243042,138.48218451395317,-0.14917278335545792,19.634198819199405,0.43596229203823994,-0.8824479711974973,-6.144889317692054,-0.3805367931031794
48.96,-18.277390654490556,138.59326478452329,-0.16682174277940787,19.607861777557314,0.4358839774294807,-0.883608920074589,-6.137734574996462,-0.3808063143339302
48.980000000000004,-17.89934280658533,138.6975110264329,-0.1844939211808998,19.58142639963889,0.4358052790052632,-0.8847779387808697,-6.130551988812555,-0.38107464265638674
49.0,-17.52001625167616,138.7948990407364,-0.20218947995651737,19.554892626949695,0.4357262120815568,-0.8859552954986328,-6.123341591723731,-0.3813417772299873
49.02,-17.139534942287362,138.8854068299348,-0.2199085858664902,19.528260404032768,0.43564679611137136,-0.8871412411250584,-6.116103416439543,-0.3816077172179107
49.04,-16.758023374362622,138.96901461383567,-0.23765141068899132,19.50152967849461,0.4355670542800455,-0.88833600526404,-6.108837495795578,-0.3818724617870764
49.06,-16.375606548884612,139.04570484479166,-0.255418130794272,19.47470040103119,0.43548701302525217,-0.8895397926602567,-6.101543862753268,-0.3821360101081501
49.08,-15.992409933080715,139.11546222230868,-0.2732089266474773,19.447772525453967,0.4354067014915128,-0.8907527801473077,-6.094222550399775,-0.38239836135554384
49.1,-15.608559421225177,139.17827370701636,-0.29102398225042325,19.420746008715913,0.4353261509303313,-0.8919751141712923,-6.086873591947819,-0.3826595147074202
49.120000000000005,-15.224181295048048,139.234128533993,-0.30886348453384915,19.393620810937538,0.43524539405815194,-0.8932069089395365,-6.0794970207355385,-0.3829194693456938
49.14,-14.839402183761152,139.28301822543858,-0.32672762271263966,19.366396895432928,0.435164464385191,-0.8944482452314726,-6.072092870226334,-0.38317822445603444
49.160000000000004,-14.454349023711178,139.32493660268912,-0.3446165876172689,19.339074228735782,0.4350833955287717,-0.8956991698952254,-6.0646611740087195,-0.3834357792278699
49.18,-14.069149017669842,139.3598797975661,-0.3625305710151734,19.311652780625455,0.4350022205250945,-0.8969596960395184,-6.057201965796171,-0.3836921328543875
49.2,-13.68392959377083,139.38784626305517,-0.38046976493596363,19.284132524152987,0.43492097115339634,-0.8982298039163799,-6.049715279426957,-0.3839472845325383
49.22,-13.298818364103031,139.40883678330823,-0.3984343610142913,19.25651343566714,0.43483967728618333,-0.8995094424760807,-6.042201148864023,-0.38420123346303703
49.24,-12.913943082969315,139.4228544829627,-0.41642454986381283,19.228795494840426,0.43475836627868303,-0.9007985315620561,-6.034659608194792,-0.38445397885036764
49.26,-12.529431604819937,139.42990483577245,-0.4344405204950541,19.200978684695116,0.43467706240984716,-0.9020969647005572,-6.027090691631042,-0.3847055199027833
49.28,-12.145411841869386,139.42999567254418,-0.4524824597890653,19.17306299162925,0.4345957863861753,-0.903404612427674,-6.019494433508738,-0.38495585583231035
49.300000000000004,-11.762011721405393,139.42313718837255,-0.470550552037619,19.14504840544264,0.4345145549183372,-0.9047213260854555,-6.011870868287879,-0.3852049858547499
49.32,-11.379359142798629,139.40934194916773,-0.4886449785593281,19.116934919362837,0.4344333803790773,-0.906046942009327,-6.00422003055234,-0.38545290918968117
49.34,-10.99758193422161,139.38862489746822,-0.5067659173995147,19.0887225300711,0.43435227054921655,-0.9073812860210761,-5.996541955009719,-0.38569962506046285
49.36,-10.616807809085273,139.36100335753116,-0.5249135431199363,19.06041123772833,0.4342712284567609,-0.9087241781354992,-5.988836676491174,-0.3859451326942365
49.38,-10.237164322201762,139.3264970396924,-0.5430880266826463,19.03200104600101,0.43419025231222075,-0.9100754373845211,-5.981104229951262,-0.3861894313219288
49.4,-9.858778825682121,139.28512804398758,-0.5612895354303369,19.00349196208707,0.43410933554127346,-0.9114348866602828,-5.973344650467805,-0.38643252017825297
49.42,-9.481778424577742,139.23692086302503,-0.5795182331635425,18.97488399674179,0.434028466913914,-0.9128023574784037,-5.965557973241689,-0.3866743985017127
49.44,-9.106289932274779,139.18190238410128,-0.5977742803131108,18.946177164303613,0.4339476307672654,-0.914177694564356,-5.957744233596741,-0.3869150655346035
49.46,-8.732439825651033,139.12010189054868,-0.6160578342043976,18.917371482719968,0.4338668073173102,-0.915560760169631,-5.949903466979554,-0.38715452052301513
49.480000000000004,-8.360354200005307,139.05155106230472,-0.6343690494077903,18.888466973573042,0.43378597305299255,-0.9169514380300062,-5.942035708959324,-0.38739276271683465
49.5,-7.990158723769699,138.97628397569198,-0.6527080781683905,18.859463662105522,0.4337051012044638,-0.9183496368856772,-5.934140995227697,-0.3876297913697478
49.52,-7.621978593015874,138.8943371023974,-0.6710750709061042,18.830361577246293,0.43362416227574097,-0.9197552934920981,-5.926219361598593,-0.3878656057392423
49.54,-7.255938485766997,138.80574930763933,-0.6894701767759459,18.801160751636097,0.4335431246307427,-0.9211683750609108,-5.918270844008065,-0.3881002050866092
49.56,-6.892162516127636,138.71056184751032,-0.7078935442771641,18.771861221653147,0.4334619551205938,-0.9225888810821296,-5.910295478514109,-0.3883335886769464
49.58,-6.530774188244655,138.60881836548384,-0.7263453218988065,18.742463027438706,0.4333806197392636,-0.9240168444915043,-5.902293301296526,-0.38856575577915964
49.6,-6.171896350112816,138.50056488807306,-0.7448256587886366,18.712966212922606,0.433299084294046,-0.9254523321604927,-5.894264348656744,-0.3887967056659658
49.620000000000005,-5.815651147239531,138.38584981962984,-0.7633347054318467,18.68337082584871,0.4332173150771099,-0.9268954447002106,-5.886208657017657,-0.38902643761389444
49.64,-5.462159976183886,138.26472393627213,-0.781872614325851,18.653676917800336,0.43313527952435193,-0.9283463155848363,-5.878126262923457,-0.3892549509032908
49.660000000000004,-5.1115434379857865,138.13724037892882,-0.800439540637548,18.623884544225625,0.43305294684807133,-0.9298051096139194,-5.87001720303947,-0.38948224481831734
49.68,-4.763921291501658,138.00345464549082,-0.8190356428298262,18.593993764462834,0.43297028863055087,-0.931272020746607,-5.861881514151993,-0.38970831864695665
49.7,-4.419412406663818,137.86342458205826,-0.8376610832447584,18.56400464176558,0.4328872793664571,-0.9327472693536445,-5.853719233168121,-0.389933171681013
49.72,-4.078134717681107,137.7172103732737,-0.8563160286318312,18.53391724332802,0.4328038969430497,-0.9342310989449198,-5.845530397115587,-0.39015680321611496
49.74,-3.7402051761989163,137.5648745317326,-0.8750006506107297,18.503731640309958,0.4327201230484928,-0.9357237724409984,-5.837315043142578,-0.390379212551718
49.76,-3.4057397044371145,137.40648188646242,-0.8937151260595497,18.473447907861896,0.432635943500059,-0.9372255680663599,-5.829073208517591,-0.3906003989911055
49.78,-3.074853148324737,137.24209957046247,-0.9124596374208771,18.443066125149993,0.432551348485686,-0.9387367749497036,-5.8208049306292455,-0.39082036184139246
49.800000000000004,-2.747659230650553,137.07179700729841,-0.9312343729198713,18.412586375380975,0.4324663327141414,-0.9402576885225526,-5.812510246986119,-0.3910391004135261
49.82,-2.4242705042487884,136.89564589674467,-0.9500395266903223,18.38200874582694,0.4323808954709474,-0.9417886058113811,-5.80418919521658,-0.39125661402228934
49.84,-2.104798305239385,136.71372019947,-0.9688752988065499,18.351333327850107,0.4322950405791636,-0.9433298207205044,-5.795841813068612,-0.3914729019863022
49.86,-1.7893527063421897,136.52609612076196,-0.9877418952209602,18.320560216927472,0.432208776266092,-0.9448816194029616,-5.787468138409649,-0.3916879636280241
49.88,-1.4780424702844055,136.33285209328636,-1.0066395276090194,18.28968951267538,0.43212211493890434,-0.9464442758146284,-5.779068209226384,-0.39190179827375626
49.9,-1.1709750033205206,136.13406875887935,-1.025568413125312,18.258721318874006,0.4320350728740674,-0.9480180475428172,-5.77064206362464,-0.3921144052536432
49.92,-0.8682563088837509,135.92982894936998,-1.0445287740761682,18.227655743491752,0.43194766982720756,-0.9496031719947687,-5.762189739829144,-0.3923257839016755
49.94,-0.5699909413878101,135.72021766643155,-1.0635208375160636,18.196492898709547,0.43185992857168537,-0.9511998630238289,-5.753711276183389,-0.3925359335556916
49.96,-0.27628196019756457,135.5053220604614,-1.0825448347765403,18.16523290094505,0.43177187437560255,-0.9528083080618858,-5.74520671114945,-0.39274485355737954
49.980000000000004,0.012769116213144471,135.2852314084883,-1.101601000937778,18.133875870876757,0.43168353442821383,-0.954428665816029,-5.7366760833078105,-0.39295254325227974
50.0,0.2970623558985105,135.06003709110797,-1.1206895742540985,18.102421933467998,0.4315949372277335,-0.9560610645755803,-5.728119431357182,-0.3931590019897864
50.02,0.5764994588548795,134.82983256844673,-1.13981079554561,18.070871217990845,0.43150611194329536,-0.9577056011629071,-5.719536794114339,-0.39336422912315006
50.04,0.8509838021945061,134.59471335515417,-1.1589649075688682,18.0392238580499,0.4314170877643254,-0.9593623405480063,-5.710928210513936,-0.39356822400947883
50.06,1.1204204850616977,134.35477699442555,-1.1781521543798283,18.007479991605976,0.4313278932508125,-0.9610313161330328,-5.702293719608316,-0.39377098600974186
50.08,1.3847163732742722,134.11012303105474,-1.197372780702489,17.975639760999663,0.4312385556979049,-0.9627125306990443,-5.69363336056738,-0.3939725144887693
50.1,1.6437801436733723,133.86085298351864,-1.2166270313164698,17.943703312974776,0.4311491005279274,-0.9644059579934852,-5.684947172678347,-0.3941728088152565
50.120000000000005,1.8975223281647247,133.60707031509378,-1.2359151504763395,17.911670798701703,0.43105955072230523,-0.9661115449236862,-5.676235195345624,-0.3943718683617641
50.14,2.1458553574344155,133.34888040400588,-1.2552373813748132,17.8795423738006,0.4309699263050178,-0.9678292143091496,-5.667497468090614,-0.39456969250472096
50.160000000000004,2.38869360432214,133.08639051261292,-1.2745939656609961,17.84731819836449,0.43088024388809715,-0.9695588681338774,-5.6587340305515195,-0.3947662806244263
50.18,2.625953426834699,132.8197097556218,-1.2939851430236737,17.81499843698222,0.4307905162883678,-0.9713003912297681,-5.649944922483182,-0.39496163210505103
50.2,2.857553210782238,132.54894906733904,-1.313411150848269,17.782583258761274,0.4307007522231114,-0.9730536553133061,-5.641130183756901,-0.39515574633463973
50.22,3.083413412019361,132.2742211679554,-1.3328722239545352,17.750072837350498,0.4306109560906751,-0.9748185232906365,-5.632289854360248,-0.39534862270511323
50.24,3.3034565982728172,131.99564052886404,-1.3523685944203478,17.71746735096263,0.43052112784025404,-0.976594853740761,-5.623423974396861,-0.3955402606122699
50.26,3.5176074905369368,131.71332333701199,-1.3719004914951631,17.684766982396734,0.43043126293320694,-0.9783825054831509,-5.614532584086334,-0.39573065945578734
50.28,3.7257930040174023,131.4273874582844,-1.3914681416048262,17.65197191906048,0.43034135239635024,-0.9801813421345825,-5.605615723763941,-0.39591981863922515
50.300000000000004,3.9279422886033153,131.13795239992115,-1.4110717684475178,17.619082352992265,0.4302513829657554,-0.9819912365605349,-5.596673433880519,-0.396107737570026
50.32,4.123986768846809,130.84513927196517,-1.4307115931787284,17.586098480883205,0.4301613373176931,-0.9838120751289733,-5.587705755002277,-0.3962944156595176
50.34,4.313860183428757,130.54907074774223,-1.450387834681308,17.55302050409896,0.4300711943815619,-0.9856437616787822,-5.578712727810574,-0.39647985232291516
50.36,4.497498624088364,130.24987102337198,-1.4701007099148835,17.519848628701425,0.42998092972794466,-0.987486221121357,-5.569694393101779,-0.39666404697932234
50.38,4.674840573993715,129.94766577631026,-1.4898504343373107,17.48658306547023,0.4298905160233958,-0.9893394026018012,-5.560650791787059,-0.3968469990517337
50.4,4.845826945529571,129.64258212292327,-1.5096372223893466,17.453224029924126,0.4297999235421957,-0.9912032821556469,-5.551581964892208,-0.3970287079670362
50.42,5.010401117478056,129.3347485750946,-1.5294612880324596,17.419771742342157,0.429709120724159,-0.9930778648077814,-5.542487953557439,-0.39720917315601134
50.44,5.16850897156716,129.02429499586628,-1.5493228453286152,17.386226427784703,0.42961807476665953,-0.9949631860721284,-5.533368799037239,-0.39738839405333626
50.46,5.320098928361409,128.71135255411662,-1.5692221090500578,17.352588316114343,0.4295267522383675,-0.9968593128233211,-5.5242245427001295,-0.3975663700975863
50.480000000000004,5.465121982468469,128.39605367827716,-1.5891592953065241,17.31885764201654,0.42943511970178816,-0.9987663435248498,-5.515055226028519,-0.39774310073123637
50.5,5.603531737035038,128.07853200909298,-1.609134622177021,17.28503464502015,0.429343144331559,-1.0006844078117094,-5.505860890618499,-0.39791858540066255
50.52,5.735284437504943,127.75892235143067,-1.6291483103332554,17.251119569517765,0.42925079451560466,-1.0026136654390814,-5.496641578179654,-0.3980928235561442
50.54,5.860339004612136,127.43736062513952,-1.649200583642037,17.217112664785855,0.4291580404266591,-1.0045543046218335,-5.487397330534878,-0.39826581465186545
50.56,5.978657066581036,127.11398381497274,-1.6692916697344735,17.18301418500474,0.4290648545523391,-1.00650653980228,-5.478128189620183,-0.39843755814591686
50.58,6.090202990506651,126.78892991957605,-1.689421800530519,17.148824389278374,0.42897121217286865,-1.0084706088954767,-5.468834197484509,-0.39860805350029715
50.6,6.194943912886882,126.46233789955214,-1.7095912127084285,17.11454354165393,0.42887709177669964,-1.0104467700720807,-5.459515396289517,-0.39877730018091545
50.620000000000005,6.292849769279564,126.13434762461084,-1.7298001481098702,17.080171911141193,0.42878247540561676,-1.012435298148261,-5.450171828309439,-0.39894529765759174
50.64,6.383893323057003,125.80509981981535,-1.7500488540728354,17.045709771731758,0.42868734892243054,-1.0144364806600927,-5.440803535930845,-0.39911204540405953
50.660000000000004,6.4680501932310825,125.47473601093631,-1.7703375836860373,17.01115740241803,0.4285917021960164,-1.0164506137061713,-5.431410561652461,-0.3992775428979676
50.68,6.545298881322388,125.14339846892604,-1.7906665959601606,16.97651508721201,0.42849552920021644,-1.01847799764669,-5.42199294808499,-0.39944178962088067
50.7,6.615620797247257,124.81123015352652,-1.8110361559130945,16.941783115163897,0.428398828024944,-1.0205189327498618,-5.412550737950909,-0.39960478505828184
50.72,6.679000284197163,124.47837465602532,-1.8314465345680917,16.906961780380446,0.42830160079968266,-1.0225737148772804,-5.4030839740842715,-0.3997665286995742
50.74,6.735424642485392,124.14497614117441,-1.8518980088656374,16.872051382043146,0.42820385353141127,-1.0246426312985955,-5.393592699430523,-0.3999270200380817
50.76,6.784884152336542,123.81117928828772,-1.8723908614916094,16.837052224426163,0.42810559586077573,-1.0267259567227578,-5.3840769570463,-0.4000862585710518
50.78,6.827372095594957,123.47712923153372,-1.8929253806260646,16.801964616914074,0.42800684074202877,-1.0288239496281468,-5.374536790099229,-0.40024424379965606
50.800000000000004,6.862884776328789,123.14297149943994,-1.9135018596186275,16.766788874019365,0.42790760405383627,-1.030936848967231,-5.364972241867737,-0.40040097522899226
50.82,6.89142154030694,122.8088519536268,-1.9341205965979722,16.73152531539973,0.42780790414946945,-1.0330648713131787,-5.355383355740876,-0.4005564523680858
50.84,6.912984793326658,122.47491672678872,-1.9547818940242359,16.696174265875104,0.4277077613561362,-1.0352082085062173,-5.345770175218075,-0.4007106747298912
50.86,6.927580018370047,122.14131215994055,-1.9754860581943603,16.660736055444502,0.42760719743422687,-1.0373670258467358,-5.336132743908992,-0.40086364183129397
50.88,6.935215791568154,121.80818473894782,-1.996233398711295,16.625211019302597,0.42750623500804175,-1.0395414608703752,-5.326471105533296,-0.4010153531931114
50.9,6.935903796951683,121.4756810303597,-2.0170242279287027,16.589599497856074,0.4274048969801081,-1.0417316227279043,-5.316785303920463,-0.4011658083400948
50.92,6.929658839967619,121.14394761656361,-2.037858860383261,16.553901836739733,0.4273032059414784,-1.0439375921797962,-5.307075383009591,-0.40131500680093046
50.94,6.916498859741277,120.81313103028072,-2.058737612226857,16.51811838683236,0.42720118359042214,-1.0461594222024069,-5.297341386849195,-0.40146294810824157
50.96,6.896444940063393,120.48337768842183,-2.079660800670905,16.48224950427234,0.42709885017167804,-1.0483971391897269,-5.287583359596996,-0.4016096317985893
50.980000000000004,6.869521319081899,120.15483382532328,-2.1006287434546995,16.446295550473028,0.42699622394793635,-1.0506507447221884,-5.277801345519727,-0.4017550574124747
51.0,6.835755397677987,119.82764542538288,-2.1216417583491434,16.41025689213786,0.42689332071447383,-1.0529202178621526,-5.267995388992973,-0.4018992244943391
51.02,6.795177746505927,119.50195815511609,-2.1427001627063866,16.3741339012752,0.4267901533668919,-1.0552055179247728,-5.258165534500881,-0.40204213259256727
51.04,6.747822111675928,119.17791729465291,-2.163804273064882,16.33792695521296,0.4266867315307296,-1.0575065876631324,-5.248311826636042,-0.40218378125948717
51.06,6.693725419059065,118.8556676686967,-2.1849544048181446,16.301636436612917,0.4265830612603629,-1.0598233567981217,-5.238434310099248,-0.40232417005137244
51.08,6.632927777192998,118.535353576966,-2.206150871954107,16.26526273348478,0.4264791448130931,-1.062155745816576,-5.228533029699304,-0.4024632985284429
51.1,6.56547247876689,118.2171187241417,-2.227393986870439,16.228806239199997,0.42637498050269923,-1.0645036699559605,-5.218608030352799,-0.40260116625486714
51.120000000000005,6.491406000663555,117.90110614934181,-2.248684060269558,16.192267352505283,0.42627056263502044,-1.066867043290367,-5.208659357083948,-0.40273777279876233
51.14,6.410778002536552,117.58745815514735,-2.2700214011353657,16.15564647753586,0.4261658815263807,-1.0692457828309503,-5.198687055024348,-0.402873117732197
51.160000000000004,6.323641323899546,117.27631623620331,-2.2914063167919845,16.11894402382845,0.4260609236039051,-1.0716398125541153,-5.1886911694127775,-0.4030072006311916
51.18,6.230051979704996,116.96782100741987,-2.3128391130430668,16.082160406333948,0.4259556715850469,-1.0740490672728282,-5.1786717455950235,-0.4031400210757199
51.2,6.130069154388935,116.66211213179935,-2.334320094388523,16.045296045429833,0.42585010473197904,-1.0764734962702542,-5.168628829023631,-0.4032715786497106
51.22,6.023755194358401,116.35932824791642,-2.355849564313928,16.0083513669323,0.4257441991749426,-1.0789130666204743,-5.158562465257728,-0.40340187294104835
51.24,5.911175598897951,116.05960689707922,-2.3774278256463375,15.971326802108075,0.425637928297217,-1.0813677661281489,-5.148472699962809,-0.4035309035415751
51.26,5.792399009471646,115.76308445020074,-2.3990551809689005,15.93422278768596,0.4255312631731161,-1.0838376058275239,-5.138359578910535,-0.4036586700470916
51.28,5.667497197396942,115.46989603441095,-2.420731933085451,15.89703976586806,0.4254241730493427,-1.0863226219909266,-5.128223147978496,-0.4037851720573583
51.300000000000004,5.536545049867068,115.18017545944136,-2.4424583855252697,15.859778184340737,0.4253166258591762,-1.088822877607654,-5.118063453150057,-0.40391040917609683
51.32,5.399620554298762,114.89405514381482,-2.464234843077423,15.82243849628523,0.42520858875834094,-1.091338463305677,-5.107880540514101,-0.4040343810109912
51.34,5.256804780982613,114.61166604087502,-2.486061612343536,15.785021160387997,0.4251000286710164,-1.0938694977006298,-5.097674456264827,-0.40415708717368914
51.36,5.108181864013745,114.33313756469093,-2.5079390022975487,15.747526640850726,0.42499091283431295,-1.0964161271688397,-5.087445246701582,-0.404278527279803
51.38,4.953838980481226,114.0585975158732,-2.5298673248409256,15.709955407400052,0.42488120932965184,-1.0989785250534498,-5.077192958228586,-0.40439870094891134
51.4,4.793866327895286,113.78817200734026,-2.5518468953419946,15.672307935296947,0.4247708875898448,-1.1015568903246833,-5.066917637354776,-0.40451760780456
51.42,4.6283570998322885,113.52198539007335,-2.573878033148488,15.634584705345794,0.4246599188712685,-1.1041514457267936,-5.056619330693568,-0.4046352474742628
51.44,4.457407459778318,113.26016017890073,-2.595961062063024,15.596786203903145,0.4245482766813446,-1.1067624354549412,-5.046298084962656,-0.40475161958950373
51.46,4.281116513153288,113.00281697835234,-2.6180963107721227,15.558912922886147,0.42443593715256156,-1.1093901224149572,-5.035953946983779,-0.4048667237857371
51.480000000000004,4.099586277498541,112.75007440862723,-2.640284113220422,15.520965359780655,0.42432287935547647,-1.112034785127461,-5.025586963682549,-0.4049805597023892
51.5,3.9129216508121107,112.50204903171675,-2.662524808922971,15.482944017648997,0.42420908554449066,-1.1146967143449413,-5.015197182088208,-0.4050931269828592
51.52,3.721230378016993,112.25885527772779,-2.68481874320987,15.44484940513742,0.42409454133167407,-1.1173762094560313,-5.0047846493334,-0.40520442527452066
51.54,3.5246230155490337,112.02060537145042,-2.7071662673989905,15.406682036483197,0.42397923578548247,-1.1200735747551924,-4.9943494126540156,-0.405314454228722
51.56,3.3232128940522987,111.7874092592155,-2.729567738894094,15.368442431521391,0.4238631614528388,-1.1227891156583243,-4.983891519388905,-0.4054232135007882
51.58,3.117116079171061,111.55937453608811,-2.752023521207261,15.330131115691282,0.4237463143046967,-1.125523134945353,-4.973411016979719,-0.40553070275002157
51.6,2.906451330428795,111.33660637344326,-2.774533983906168,15.29174862004245,0.4236286936068379,-1.1282759291096665,-4.962907952970669,-0.4056369216397029
51.620000000000005,2.6913400581858142,111.1192074469706,-2.7970995024883614,15.253295481240507,0.42351030171923787,-1.1310477848913638,-4.952382375008313,-0.4057418698370923
51.64,2.4719062786683925,110.90727786515552,-2.8197204581861888,15.214772241572483,0.42339114382883414,-1.1338389760667626,-4.941834330841348,-0.4058455470134308
51.660000000000004,2.2482765670633817,110.70091509828406,-2.842397237707524,15.176179448951858,0.42327122762191705,-1.1366497605605577,-4.931263868320382,-0.4059479528439406
51.68,2.020580008673452,110.50021390801959,-2.865130232918735,15.137517656923237,0.42315056290360276,-1.1394803779395999,-4.92067103539773,-0.40604908700782677
51.7,1.7889481481291616,110.30526627759943,-2.8879198404775273,15.098787424666664,0.42302916117291983,-1.1423310473386215,-4.910055880127168,-0.40614894918827793
51.72,1.5535149366550702,110.11616134269967,-2.9107664614243,15.059989317001586,0.42290703516292066,-1.145201965858575,-4.899418450663774,-0.40624753907246713
51.74,1.3144166773880794,109.93298532301715,-2.933670500741471,15.021123904390437,0.4227841983558981,-1.1480933074678095,-4.888758795263637,-0.4063448563515533
51.76,1.07179196874709,109.7558214546175,-2.9566323668908274,14.982191762941872,0.42266066448423684,-1.1510052224252558,-4.878076962283682,-0.40644090072068184
51.78,0.8257816458539342,109.58474992309866,-2.9796524713393326,14.943193474413613,0.422536447027647,-1.1539378372334654,-4.867373000181451,-0.40653567187898526
51.800000000000004,0.5765287200063696,109.41984779761957,-3.002731228084002,14.904129626214944,0.422411558717511,-1.1568912551178898,-4.856646957514863,-0.40662916952958506
51.82,0.3241783162047163,109.26118896584451,-3.02586905318636,14.865000811408812,0.42228601105883085,-1.1598655570175371,-4.845898882942014,-0.4067213933795918
51.84,0.06887760873450222,109.10884406985345,-3.049066364326711,14.825807628713564,0.4221598138797899,-1.1628608030612753,-4.835128825220935,-0.40681234314010634
51.86,-0.18922424519175052,108.96288044306999,-3.0723235803879363,14.786550682504295,0.42203297491826414,-1.165877034493846,-4.824336833209397,-0.4069020185262209
51.88,-0.4499761737296759,108.82336204825874,-3.095641121077813,14.747230582813817,0.4219054994537375,-1.1689142760063027,-4.813522955864656,-0.4069904192570195
51.9,-0.7132252606304321,108.69034941664476,-3.119019406597939,14.70784794533325,0.42177738999202535,-1.1719725384172839,-4.802687242243262,-0.4070775450555795
51.92,-0.9788168173947263,108.5638995882085,3.140726449813302,14.668403391412205,0.42164864600900503,-1.1750518216444696,-4.791829741500822,-0.4071633956489718
51.94,-1.2465944573470416,108.44406605321052,3.117225413380412,14.628897548058607,0.4215192637582273,-1.1781521178998724,-4.780950502891781,-0.40724797076826214
51.96,-1.5164001716226627,108.33089869500118,3.0936623710224147,14.589331047938089,0.42138923614586066,-1.1812734150384034,-4.7700495757691925,-0.4073312701485116
51.980000000000004,-1.7880744070590548,108.22444373417139,3.0700369027216468,14.549704529373024,0.4212585526749397,-1.1844156999865096,-4.7591270095845,-0.407413293528778
52.0,-2.0614561459820377,108.12474367410147,3.0463485887219166,14.510018636341137,0.421127199459377,-1.187578962176635,-4.748182853887312,-0.40749404065211575
52.02,-2.336382987875966,108.03183724796631,3.0225970094783836,14.470274018473726,0.4209951593066898,-1.1907631969138461,-4.737217158325177,-0.40757351126557795
52.04,-2.6126912329258034,107.94575936725589,2.998781745540107,14.430471331053477,0.4208624118669244,-1.1939684086031255,-4.726229972643361,-0.4076517051202158
52.06,-2.8902159674175354,107.86654107187125,2.9749023773680445,14.390611235011878,0.42072893384385696,-1.1971946137695406,-4.715221346684608,-0.4077286219710807
52.08,-3.1687911509817983,107.79420948185715,2.950958485092654,14.350694396926222,0.42059469926324605,-1.2004418438086297,-4.704191330388933,-0.4078042615772238
52.1,-3.448249705663933,107.72878775083332,2.926949648216482,14.3107214890162,0.42045967979173554,-1.203710147410791,-4.693139973793387,-0.4078786237016977
52.120000000000005,-3.728423606801869,107.67029502118734,2.9028754452682666,14.270693189140081,0.42032384509897686,-1.2069995926110608,-4.68206732703183,-0.4079517081115566
52.14,-4.009143975691335,107.618746381093,2.878735453416045,14.230610180790485,0.4201871632546841,-1.210310268424248,-4.6709734403347,-0.40802351457785746
52.160000000000004,-4.290241174015871,107.57415282341854,2.8545292480475606,14.190473153089728,0.420049601151667,-1.2136422860347595,-4.659858364028795,-0.40809404287566026
52.18,-4.571544900017004,107.53652120659002,2.8302564023268655,14.150282800784755,0.41991112494541954,-1.2169957795203843,-4.648722148537035,-0.40816329278402924
52.2,-4.852884286377723,107.50585421747549,2.805916486736457,14.110039824241651,0.41977170050058293,-1.2203709060995866,-4.637564844378225,-0.408231264086033
52.22,-5.134087999790107,107.48215033635617,2.781509068614465,14.069744929439732,0.4196312938345581,-1.2237678459022705,-4.626386502166867,-0.40829795656874573
52.24,-5.414984342175603,107.46540380405102,2.757033711696419,14.0293988279652,0.41948987154870726,-1.227186801274264,-4.615187172612869,-0.40836337002324746
52.26,-5.695401353524015,107.45560459126122,2.7324899756709335,13.989002237004382,0.4193474012379571,-1.2306279956357533,-4.603966906521364,-0.4084275042446251
52.28,-5.975166916314826,107.45273837020139,2.707877415758219,13.94855587933653,0.41920385187018394,-1.2340916719233035,-4.592725754792461,-0.4084903590319725
52.300000000000004,-6.254108861481985,107.45678648858387,2.683195582319753,13.9080604833262,0.4190591941275092,-1.237578090653781,-4.581463768421013,-0.40855193418839186
52.32,-6.532055075880769,107.46772594602257,2.6584440205066766,13.867516782915187,0.4189134007025463,-1.2410875276562496,-4.57018099849639,-0.40861222952099374
52.34,-6.808833611212868,107.48552937292207,2.633622269953552,13.826925517614033,0.41876644654369255,-1.244620271524561,-4.558877496202242,-0.40867124484089773
52.36,-7.084272794363294,107.51016501191782,2.6087298645230605,13.786287432493085,0.41861830904473013,-1.248176620848808,-4.54755331281628,-0.40872897996323343
52.38,-7.358201339100277,107.54159670193195,2.5837663321060838,13.745603278173128,0.4184689681752592,-1.251756881287924,-4.53620849971001,-0.40878543470714057
52.4,-7.630448459086848,107.57978386490923,2.558731194480325,13.70487381081557,0.41831840654980906,-1.2553613625484197,-4.524843108348559,-0.4088406088957698
52.42,-7.900843982150389,107.62468149529633,2.5336239672293566,13.664099792112179,0.4181666094348255,-1.2589903753355214,-4.5134571902903735,-0.40889450235628333
52.44,-8.169218465754053,107.67624015232718,2.5084441597226466,13.623281989274382,0.418013564694088,-1.2626442283427788,-4.502050797187035,-0.40894711491985536
52.46,-8.435403313611634,107.734405955176,2.483191275155791,13.582421175022118,0.41785926267443946,-1.2663232253445846,-4.490623980783007,-0.40899844642167243
52.480000000000004,-8.699230893385135,107.79912058103864,2.4578648106489,13.541518127572234,0.4177036960349794,-1.2700276624530336,-4.4791767929154,-0.4090484967009343
52.5,-8.960534655402071,107.87032126620197,2.4324642573998396,13.50057363062644,0.4175468595240632,-1.2737578255962245,-4.467709285513738,-0.40909726560085413
52.52,-9.21914925232726,107.9479408101599,2.406989100887915,13.459588473358803,0.41738874970952444,-1.277513988269605,-4.45622151059973,-0.4091447529686592
52.54,-9.474910659721704,108.03190758283357,2.381438821122523,13.4185634504028,0.417229364668489,-1.2812964096053674,-4.444713520287019,-0.4091909586555913
52.56,-9.72765629741898,108.12214553495207,2.355812892930416,13.377499361837902,0.41706870364394316,-1.2851053327974402,-4.433185366780944,-0.4092358825169072
52.58,-9.977225151647325,108.21857421164928,2.330110786274467,13.336397013175707,0.4169067666758526,-1.2889409839113948,-4.421637102378348,-0.4092795244118789
52.6,-10.223457897823556,108.3211087693308,2.304331966596239,13.295257215345622,0.4167435542150785,-1.292803571099843,-4.410068779467268,-0.40932188420379473
52.620000000000005,-10.466197023942666,108.42965999586421,2.2784758951742425,13.254080784680069,0.41657906672860745,-1.2966932842348058,-4.398480450526754,-0.4093629617599588
52.64,-10.705286954484812,108.54413433414476,2.252542029489547,13.212868542899246,0.4164133043046857,-1.3006102949592921,-4.386872168126621,-0.40940275695169215
52.660000000000004,-10.940574174759163,108.6644339090872,2.2265298235903614,13.171621317095417,0.4162462662663404,-1.3045547571511684,-4.375243984927178,-0.4094412696543331
52.68,-11.171907355601794,108.79045655809374,2.200438728447338,13.13033993971674,0.4160779508014712,-1.3085268077834895,-4.363595953679028,-0.40947849974723716
52.7,-11.399137478342492,108.92209586504654,2.1742681922916685,13.089025248550628,0.41590835461722603,-1.3125265681570304,-4.3519281272228145,-0.40951444711377805
52.72,-11.622117959952972,109.05924119787227,2.1480176609285273,13.04767808670665,0.41573747262574084,-1.3165541454729475,-4.340240558488978,-0.4095491116413474
52.74,-11.840704778286508,109.20177774972483,2.1216865780190686,13.00629930259895,0.41556529766754025,-1.3206096347065108,-4.328533300497506,-0.4095824932213557
52.76,-12.054756597316514,109.34958658383123,2.095274385324938,12.964889749928219,0.4153918202779888,-1.324693120736801,-4.316806406357735,-0.4096145917492323
52.78,-12.264134892278951,109.50254468204409,2.0687805229102025,12.923450287663172,0.41521702850116626,-1.3288046806822844,-4.305059929268048,-0.4096454071244259
52.800000000000004,-12.468704074620815,109.66052499714286,2.0422044292965573,12.881981780021576,0.4150409077544437,-1.332944386388383,-4.2932939225156845,-0.40967493925040455
52.82,-12.668331616654156,109.82339650892422,2.0155455415687893,12.84048509645079,0.41486344074588244,-1.3371123070105666,-4.281508439476472,-0.40970318803465644
52.84,-12.862888175812314,109.99102428412073,1.9888032954285784,12.79896111160784,0.4146846074453931,-1.3413085116352268,-4.269703533614594,-0.40973015338868984
52.86,-13.052247718402135,110.16326954018452,1.9619771251958742,12.757410705339016,0.4145043851094028,-1.3455330718805518,-4.257879258482341,-0.4097558352280334
52.88,-13.236287642743,110.33998971297136,1.9350664637582629,12.715834762659,0.41432274835761174,-1.3497860644209185,-4.246035667719877,-0.4097802334722367
52.9,-13.414888901580518,110.5210385283579,1.9080707424698442,12.674234173729507,0.4141396692993016,-1.3540675733807896,-4.234172815054988,-0.40980334804487
52.92,-13.587936123659745,110.70626607782285,1.8809893910022284,12.632609833837462,0.41395511770561133,-1.3583776925477538,-4.2222907543028265,-0.40982517887352504
52.94,-13.755317734339709,110.89551889802028,1.8538218371512736,12.590962643372686,0.41376906122324214,-1.3627165273590496,-4.210389539365713,-0.4098457258898149
52.96,-13.916926075128039,111.08864005437066,1.8265675066040927,12.549293507805116,0.4135814656242161,-1.3670841966215497,-4.198469224232826,-0.4098649890293742
52.980000000000004,-14.072657522011445,111.28546922869195,1.7992258226716622,12.507603337661536,0.41339229508560305,-1.3714808339316176,-4.18652986298001,-0.40988296823185955
53.0,-14.222412602454838,111.48584281089073,1.77179620599303,12.465893048501837,0.41320151249256837,-1.3759065887683342,-4.17457150976951,-0.4098996634409496
53.02,-14.366096110938914,111.68959399472917,1.7442780742176627,12.42416356089479,0.4130090797576854,-1.3803616272411425,-4.162594218849721,-0.4099150746043452
53.04,-14.503617222903179,111.89655287768085,1.7166708416728396,12.382415800393339,0.41281495814920943,-1.3848461324808221,-4.15059804455495,-0.40992920167376945
53.06,-14.634889606958607,112.1065465648843,1.6889739190232227,12.340650697509417,0.4126191086209295,-1.389360304670689,-4.138583041305172,-0.4099420446049682
53.08,-14.759831535231413,112.3193992771994,1.6611867129298092,12.298869187688275,0.4124214921362964,-1.3939043607228347,-4.126549263605777,-0.4099536033577098
53.1,-14.878365991696871,112.53493246336751,1.6333086257153528,12.25707221128233,0.4122220699797682,-1.3984785336119208,-4.1144967660473135,-0.40996387789578553
53.120000000000005,-14.99042077835964,112.75296491627215,1.605339055043114,12.215260713524529,0.41202080404870817,-1.4030830713863351,-4.1024256033052575,-0.4099728681870095
53.14,-15.095928619134774,112.97331289329223,1.577277393615387,12.173435644501243,0.411817657119708,-1.4077182358832545,-4.09033583013978,-0.4099805742032189
53.160000000000004,-15.194827261281386,113.19579024073553,1.5491230288977214,12.131597959124651,0.41161259308386816,-1.4123843011802018,-4.078227501395439,-0.40998699592027393
53.18,-15.28705957423895,113.420208522335,1.5208753428741169,12.08974861710467,0.4114055771463431,-1.417081551820908,-4.066100672000996,-0.40999213331805795
53.2,-15.372573645714375,113.64637715178577,1.492533711837699,12.047888582920379,0.4111965759863203,-1.4218102808575896,-4.05395539696913,-0.40999598638047774
53.22,-15.451322874866248,113.87410352929554,1.464097506220547,12.006018825790973,0.41098555787453733,-1.4265707877550449,-4.0417917313962,-0.4099985550954632
53.24,-15.523266062431167,114.10319318211576,1.4355660904654464,11.964140319646225,0.41077249274642325,-1.4313633762042068,-4.029609730461993,-0.40999983945496765
53.26,-15.588367497635689,114.33344990901585,1.4069388229413624,11.922254043096467,0.4105573522299596,-1.4361883518939338,-4.017409449429481,-0.40999983945496765
53.28,-15.64659704173619,114.56467592865718,1.3782150559034836,11.880360979402095,0.4103401096283672,-1.4410460202898545,-4.005190943644535,-0.4099985550954632
53.300000000000004,-15.697930208027943,114.79667203181788,1.3493941354976862,11.838462116442573,0.4101207398587169,-1.4459366844680455,-3.9929542685357244,-0.40999598638047774
53.32,-15.74234823816377,115.02923773741432,1.3204754018083253,11.796558446684971,0.4098992193485125,-1.4508606430492264,-3.9806994796140547,-0.40999213331805795
53.34,-15.779838174621922,115.2621714522589,1.2914581889473409,11.754650967152006,0.40967552589318323,-1.4558181882760999,-3.9684266324726716,-0.40998699592027393
53.36,-15.810392929162234,115.49527063448839,1.262341825181819,11.712740679389613,0.4094496384782298,-1.460809604272506,-3.9561357827866637,-0.4099805742032189
53.38,-15.834011347109147,115.72833196059099,1.2331256330963694,11.670828589434022,0.40922153707047815,-1.4658351655183097,-3.94382698631278,-0.4099728681870095
53.4,-15.850698267299904,115.96115149595433,1.2038089297860033,11.628915707778356,0.40899120238349496,-1.4708951355685296,-3.9315002988891896,-0.40996387789578553
53.42,-15.860464577536037,116.19352486885059,1.1743910270746323,11.587003049338751,0.40875861562269283,-1.475989766039262,-3.9191557764352023,-0.4099536033577098
53.44,-15.863327265376222,116.42524744776888,1.1448712317538465,11.545091633419993,0.40852375821599823,-1.481119295876603,-3.9067934749510727,-0.4099420446049682
53.46,-15.859309464108739,116.65611452199856,1.1152488458363141,11.503182483680666,0.40828661153616136,-1.486283950918189,-3.894413450517671,-0.40992920167376945
53.480000000000004,-15.84844049374196,116.88592148536088,1.08552316681795,11.461276628097833,0.40804715662085606,-1.4914839437502792,-3.882015759296284,-0.4099150746043452
53.5,-15.830755896851727,117.11446402298002,1.0556934879429445,11.419375098931226,0.4078053738966468,-1.4967194738566845,-3.8696004575283562,-0.4098996634409496
53.52,-15.806297469125026,117.3415383009778,1.0257590984658105,11.377478932686962,0.40756124291269596,-1.501990728049432,-3.857167601535193,-0.40988296823185955
53.54,-15.775113284440065,117.56694115896967,0.9957192839048217,11.335589170080782,0.4073147420897534,-1.5072978811649647,-3.8447172477177505,-0.4098649890293742
53.56,-15.73725771432379,117.79047030523267,0.9655733262815227,11.293706856000806,0.40706584848952126,-1.5126410970041009,-3.8322494525563626,-0.4098457258898149
53.58,-15.692791441628895,118.01192451440926,0.9353205043414405,11.25183303946982,0.40681453760893477,-1.5180205294889553,-3.8197642726104855,-0.40982517887352504
53.6,-15.641781468273727,118.23110382760339,0.9049600937516615,11.20996877360708,0.40656078320325384,-1.5234363240057318,-3.8072617645184215,-0.40980334804487
53.620000000000005,-15.584301116889979,118.44780975471821,0.8744913672715473,11.168115115589645,0.4063045571411442,-1.5288886188987623,-3.794741984997114,-0.4097802334722367
53.64,-15.520430026224766,118.6618454788771,0.8439135948935723,11.126273126613231,0.40604582929415023,-1.5343775470784837,-3.7822049908418367,-0.4097558352280334
53.660000000000004,-15.450254140145782,118.87301606276239,0.8132260439520027,11.084443871852605,0.4057845674621492,-1.5399032377042485,-3.7696508389259473,-0.4097301533886898
53.68,-15.373865690100459,119.0811286566979,0.7824279791979176,11.042628420421487,0.4055207373355445,-1.5454658179019765,-3.7570795862006707,-0.40970318803465644
53.7,-15.29136317088268,119.28599270829405,0.751518662839878,11.000827845332005,0.40525430249412325,-1.5510654144766869,-3.744491289694774,-0.40967493925040455
53.72,-15.202851309563554,119.48742017346585,0.7204973545503441,10.959043223453659,0.40498522444169005,-1.5567021555808698,-3.7318860065143613,-0.4096454071244259
53.74,-15.108441027446029,119.68522572862618,0.6893633114387265,10.917275635471835,0.40471346267481334,-1.5623761723014284,-3.7192637938425936,-0.4096145917492323
53.76,-15.008249394906757,119.87922698384817,0.6581157879926982,10.875526165845837,0.4044389747832969,-1.5680876001305024,-3.706624708939435,-0.4095824932213557
53.78,-14.902399578992757,120.06924469678258,0.6267540359900883,10.833795902766468,0.40416171657933603,-1.5738365802887748,-3.693968809141369,-0.4095491116413474
53.800000000000004,-14.791020783644784,120.25510298710712,0.5952773043843127,10.792085938113136,0.40388164225174644,-1.579623260873797,-3.681296151861189,-0.409514447113778
53.82,-14.67424818242433,120.43662955127662,0.5636848391668368,10.750397367410505,0.40359870454117475,-1.5854477978103219,-3.668606794587695,-0.40947849974723716
53.84,-14.55222284362645,120.613655877334,0.53197588321063,10.708731289784684,0.40331285493182495,-1.5913103555845194,-3.6559007948854267,-0.4094412696543331
53.86,-14.425091647666449,120.78601745953372,0.5001496760989399,10.66708880791895,0.40302404385496776,-1.5972111077491145,-3.64317821039446,-0.4094027569516922
53.88,-14.293007196634798,120.95355401252091,0.46820545394395774,10.625471028009029,0.4027322208993439,-1.6031502371918471,-3.6304390988300694,-0.4093629617599588
53.9,-14.156127715921341,121.11610968480043,0.4361424492001209,10.58387905971791,0.4024373350235329,-1.6091279361650492,-3.617683517982525,-0.40932188420379473
53.92,-14.014616947817196,121.27353327122236,0.4039598904768198,10.542314016130202,0.40213933476542774,-1.6151444060794566,-3.604911525716803,-0.4092795244118789
53.94,-13.868644037010505,121.42567842420152,0.3716570023552306,10.50077701370605,0.401838168444135,-1.6211998570705106,-3.5921231799723343,-0.4092358825169072
53.96,-13.71838340790044,121.57240386338074,0.3392330052138206,10.4592691722346,0.40153378434990006,-1.6272945073502199,-3.579318538762715,-0.4091909586555913
53.980000000000004,-13.564014633662666,121.71357358343934,0.30668711506681623,10.417791614787008,0.4012261309180284,-1.6334285823620835,-3.5664976601754983,-0.4091447529686592
54.0,-13.405722297008742,121.84905705974057,0.27401854341957455,10.376345467669006,0.40091515688322954,-1.6396023137604725,-3.5536606023718846,-0.40909726560085413
54.02,-13.243695842591727,121.9787294515039,0.24122649714436495,10.334931860373032,0.40060081141133486,-1.6458159382392248,-3.5408074235864455,-0.4090484967009343
54.04,-13.07812942102052,122.1024718021807,0.20831017837958044,10.293551925529911,0.4002830442059201,-1.6520696962368941,-3.5279381821269147,-0.40899844642167243
54.06,-12.909221724456286,122.22017123670463,0.1752687844548424,10.252206798860097,0.3999618055879884,-1.6583638305481092,-3.5150529363738827,-0.40894711491985536
54.08,-12.737175813775545,122.33172115528087,0.1421015078438801,10.210897619124482,0.39963704654751747,-1.6646985848717948,-3.5021517447805457,-0.4088945023562834
54.1,-12.562198937296303,122.4370214233721,0.10880753614644423,10.16962552807477,0.39930871876633617,-1.6710742023275713,-3.4892346658724334,-0.4088406088957698
54.120000000000005,-12.384502341075805,122.5359785575323,0.0753860520998928,10.12839167040341,0.3989767746124524,-1.6774909239714961,-3.47630175824715,-0.4087854347071405
54.14,-12.204301070801254,122.62850590673378,0.04183623362046296,10.087197193693115,0.3986411671065922,-1.683948987341442,-3.4633530805741044,-0.4087289799632334
54.160000000000004,-12.021813765308003,122.71452382882686,0.008157253873634307,10.046043248365939,0.3983018498623146,-1.6904486250608883,-3.4503886915942465,-0.40867124484089773
54.18,-11.8372624417734,122.79395986176675,-0.02565171862758353,10.00493098763194,0.39795877700162585,-1.6969900635277528,-3.4374086501198033,-0.40861222952099374
54.2,-11.65087227264859,122.86674888923672,-0.05959151989813849,9.963861567437416,0.39761190304851707,-1.7035735217122066,-3.4244130150339944,-0.4085519341883919
54.22,-11.462871354405205,122.93283330029257,-0.09366299033238246,9.922836146412717,0.397261182803284,-1.710199210084239,-3.411401845290794,-0.40849035903197256
54.24,-11.27349046818886,122.9921631426492,-0.12786697453406726,9.881855885819654,0.3969065712008437,-1.7168673296881847,-3.3983751999146428,-0.4084275042446251
54.26,-11.082962832486954,123.04469626922636,-0.162204321127831,9.840921949498481,0.39654802315653964,-1.7235780713775715,-3.3853331380001865,-0.4083633700232475
54.28,-10.8915238479342,123.0903984775677,-0.1966758825553825,9.800035503814474,0.3961854934031143,-1.7303316152195742,-3.3722757187120074,-0.40829795656874573
54.300000000000004,-10.699410834395781,123.12924364174448,-0.23128251485977414,9.759197717604096,0.39581893632263027,-1.7371281300742083,-3.359203001284354,-0.408231264086033
54.32,-10.506862760484838,123.16121383635326,-0.26602507746125825,9.718409762120764,0.39544830577713136,-1.7439677733492156,-3.3461150450208805,-0.40816329278402924
54.34,-10.314119965688413,123.18629945221524,-0.30090443292824265,9.677672810980212,0.3950735549417624,-1.7508506909275154,-3.33301190929435,-0.40809404287566026
54.36,-10.1214238752937,123.20449930338414,-0.3359214467467928,9.63698804010545,0.39469463614390726,-1.7577770172601908,-3.319893653546424,-0.40802351457785746
54.38,-9.92901670832471,123.21582072506897,-0.37107698709199655,9.596356627671332,0.39431150071167387,-1.7647468756143518,-3.306760337287316,-0.4079517081115566
54.4,-9.737141178718096,123.22027966207853,-0.4063719246042834,9.555779754048734,0.3939240988347493,-1.771760378461914,-3.293612020095584,-0.40787862370169775
54.42,-9.546040189986053,123.21790074739549,-0.44180713217352174,9.515258601748336,0.3935323794402875,-1.778817627992461,-3.2804487616178304,-0.4078042615772238
54.44,-9.355956523633655,123.20871737048952,-0.4773834847333709,9.474794355364027,0.3931362900860771,-1.7859187167309303,-3.267270621568439,-0.40772862197108073
54.46,-9.167132521617965,123.19277173498168,-0.5131018590679894,9.434388201515917,0.39273577687278466,-1.7930637282389639,-3.254077659729301,-0.40765170512021587
54.480000000000004,-8.979809763156613,123.17011490527547,-0.5489631336327685,9.394041328792982,0.39233078437658847,-1.8002527378773776,-3.240869935949549,-0.40757351126557795
54.5,-8.794228736214157,123.1408068417744,-0.5849681883903162,9.35375492769532,0.3919212556030205,-1.8074858136063987,-3.227647510145284,-0.40749404065211575
54.52,-8.610628504015702,123.10491642431087,-0.621117904662444,9.313530190576051,0.391507131962335,-1.8147630168000533,-3.2144104422992825,-0.4074132935287779
54.54,-8.42924636695854,123.06252146341731,-0.6574131649984452,9.273368311582834,0.39108835326622876,-1.8220844030513705,-3.2011587924607823,-0.4073312701485116
54.56,-8.250317520314294,123.01370869907791,-0.6938548530594728,9.233270486599029,0.3906648577452642,-1.8294500229458892,-3.187892620745132,-0.40724797076826214
54.58,-8.074074708135996,122.95857378660705,-0.7304438535183904,9.193237913184493,0.39023658208590256,-1.83685992278224,-3.1746119873335794,-0.4071633956489718
54.6,-7.900747873806598,122.89722126931022,-0.7671810519740352,9.153271790516023,0.3898034614856488,-1.844314145220341,-3.161316952472974,-0.4070775450555795
54.620000000000005,-7.730563807687836,122.82976453759335,-0.8040673348784422,9.11337331932744,0.38936542972445143,-1.8518127298398734,-3.1480075764754942,-0.40699041925701956
54.64,-7.563745792350724,122.75632577419836,-0.8411035894752397,9.073543701849333,0.3889224192501956,-1.8593557135941718,-3.134683919718377,-0.4069020185262208
54.660000000000004,-7.4005132458915135,122.67703588525545,-0.878290703747123,9.033784141748445,0.38847436127588464,-1.8669431311474076,-3.1213460426436432,-0.40681234314010634
54.68,-7.241081363859463,122.59203441685688,-0.9156295663700713,8.994095844066731,0.3880211858859211,-1.8745750150858522,-3.107994005757829,-0.4067213933795918
54.7,-7.085660760345233,122.50146945687244,-0.9531210666717884,8.954480015160069,0.3875628221487855,-1.8822513959970626,-3.0946278696316836,-0.40662916952958506
54.72,-6.934457108801097,122.40549752174367,-0.9907660945917298,8.914937862636643,0.3870991982333598,-1.889972302413902,-3.0812476948999548,-0.4065356718789853
54.74,-6.787670783186321,122.30428342801198,-1.0285655406400078,8.875470595294992,0.3866302415261589,-1.8977377606233687,-3.0678535422610382,-0.40644090072068184
54.76,-6.645496500052985,122.19800014835566,-1.066520295852475,8.83607942306174,0.38615587874681395,-1.9055477943431536,-3.0544454724767665,-0.4063448563515533
54.78,-6.508122962209128,122.08682865193144,-1.1046312517393382,8.796765556929001,0.38567603605928796,-1.9134024242716294,-3.0410235463720836,-0.4062475390724672
54.800000000000004,-6.375732504617249,121.97095772883938,-1.1428993002247707,8.757530208891476,0.38519063917649776,-1.9213016675195347,-3.02758782483481,-0.4061489491882779
54.82,-6.248500743206917,121.8505837985531,-1.1813253335751615,8.718374591883219,0.3846996134562563,-1.9292455369338928,-3.0141383688153414,-0.40604908700782677
54.84,-6.126596227300332,121.72591070218354,-1.2199102443138392,8.679299919714122,0.38420288398673064,-1.9372340403266592,-3.0006752393263803,-0.4059479528439406
54.86,-6.010180096369147,121.59714947847084,-1.2586549251203725,8.640307407006075,0.38370037565992415,-1.945267179622188,-2.987198497442664,-0.40584554701343084
54.88,-5.8994057418595895,121.46451812342794,-1.2975602687128163,8.601398269128842,0.3831920132320303,-1.9533449499388236,-2.9737082043006584,-0.4057418698370923
54.9,-5.794418474840741,121.32824133358899,-1.3366271677115928,8.562573722135632,0.38267772136985845,-1.9614673386207313,-2.9602044210983425,-0.4056369216397029
54.92,-5.695355200247849,121.18855023284752,-1.3758565144840074,8.523834982698391,0.382157424682894,-1.9696343242364993,-2.9466872090948546,-0.4055307027500216
54.94,-5.602344098508405,121.04568208290203,-1.4152492009687374,8.485183268042803,0.38163104774091144,-1.9778458755610406,-2.933156629610274,-0.40542321350078825
54.96,-5.51550431535358,120.89987997736155,-1.4548061184799583,8.446619795883013,0.38109851507741066,-1.986101950556957,-2.9196127440253137,-0.405314454228722
54.980000000000004,-5.4349456606311515,120.75139251959898,-1.4945281574910976,8.408145784356076,0.3805597511794737,-1.9944024953707824,-2.9060556137810516,-0.40520442527452066
55.0,-5.360768316948405,120.60047348447826,-1.5344162073985133,8.369762451956138,0.38001468046494724,-2.002747443358445,-2.8924853003786475,-0.4050931269828592
55.02,-5.293062558984283,120.44738146411954,-1.5744711562656821,8.331471017468344,0.37946322724812787,-2.0111367141529213,-2.878901865379066,-0.4049805597023892
55.04,-5.2319084843194865,120.29237949790729,-1.6146938905487405,8.293272699902497,0.3789053156953653,-2.019570212785428,-2.8653053704028033,-0.4048667237857372
55.06,-5.177375756640903,120.13573468698738,-1.655085294804449,8.25516871842645,0.37834086977219267,-2.0280478288696733,-2.851695877129579,-0.4047516195895038
55.08,-5.129523362182798,119.97771779354275,-1.6956462513818424,8.21716029229926,0.37776981318374725,-2.036569435856703,-2.8380734472981164,-0.4046352474742629
55.1,-5.088399380271344,119.81860282518086,-1.7363776400989765,8.179248640804087,0.37719206931034766,-2.045134890365791,-2.8244381427057887,-0.40451760780456003
55.120000000000005,-5.054040768841319,119.65866660481203,-1.7772803379062925,8.141434983180856,0.37660756114015376,-2.0537440315947055,-2.810790025208394,-0.4043987009489114
55.14,-5.0264731657939725,119.49818832644424,-1.8183552185381866,8.103720538558687,0.37601621120084666,-2.062396680810531,-2.7971291567198513,-0.40427852727980307
55.160000000000004,-5.005710707063077,119.33744909736784,-1.8596031521543972,8.066106525888092,0.3754179414922333,-2.071092640920187,-2.7834555992119236,-0.4041570871736891
55.18,-4.991755862251901,119.17673146725222,-1.901025004972801,8.02859416387295,0.374812673421604,-2.079831696117784,-2.769769414713937,-0.4040343810109912
55.2,-4.984599288697183,119.01631894472665,-1.9426216388951567,7.991184670902265,0.3742003277435575,-2.0886136116041687,-2.7560706653124996,-0.4039104091760968
55.22,-4.984219704806995,118.85649550206766,-1.9843939111272402,7.9538792649816985,0.37358082450585633,-2.097438133372343,-2.742359413151224,-0.4037851720573583
55.24,-4.9905837835075895,118.69754506866741,-2.0263426737946872,7.916679163664911,0.37295408300269817,-2.106304988051044,-2.7286357204304243,-0.40365867004709166
55.26,-5.003646066619739,118.53975101400903,-2.068468773555708,7.879585583984691,0.37232002173658313,-2.1152138827975886,-2.7148996494068682,-0.4035309035415751
55.28,-5.023348900967707,118.38339562092801,-2.11077305121166,7.842599742383886,0.3716785583897351,-2.124164505230161,-2.701151262393471,-0.4034018729410484
55.300000000000004,-5.049622397003568,118.2287595499918,-2.153256341316263,7.8057228546461435,0.37102960980579996,-2.1331565233890957,-2.6873906217590178,-0.4032715786497106
55.32,-5.082384410706145,118.07612129588297,-2.195919471784045,7.76895613582647,0.37037309198230256,-2.142189585716327,-2.6736177899278823,-0.40314002107571995
55.34,-5.121540549487177,117.92575663672528,-2.2387632634983716,7.732300800181604,0.36970892007410244,-2.1512633210421064,-2.659832829379744,-0.40300720063119155
55.36,-5.166984202807388,117.77793807734537,-2.2817885299192135,7.695758061100212,0.3690370084078533,-2.1603773385682468,-2.6460358026493016,-0.402873117732197
55.38,-5.218596598171775,117.63293428751611,-2.3249960766905784,7.659329131032923,0.368357270507245,-2.169531227837605,-2.6322267723259927,-0.40273777279876233
55.4,-5.276246883136661,117.49100953628104,-2.3683867012473305,7.623015221422196,0.3676696191285995,-2.1787245586801576,-2.6184058010537132,-0.40260116625486714
55.42,-5.339792233920643,117.35242312351154,-2.4119611924209337,7.586817542632026,0.366973966306204,-2.1879568811269112,-2.6045729515305123,-0.402463298528443
55.44,-5.409077991167584,117.21742880990028,-2.455720330043472,7.550737303877505,0.36627022340659887,-2.197227725283925,-2.590728286508341,-0.4023241700513725
55.46,-5.4839378233620755,117.08627424664525,-2.4996648845491505,7.514775713154229,0.36555830119090377,-2.206536601159915,-2.576871868792745,-0.4021837812594872
55.480000000000004,-5.5641939183463185,116.95920040612828,-2.543795616572349,7.478933977167574,0.3648381098841549,-2.2158829984422175,-2.5630037612425847,-0.4020421325925673
55.5,-5.6496572033321275,116.83644101494015,-2.5881132765411934,7.443213301261829,0.36410955925055183,-2.225266386217263,-2.5491240267697526,-0.4018992244943391
55.52,-5.740127593742619,116.71822199065069,-2.632618604265539,7.4076148893492055,0.3633725586734657,-2.2346862126331257,-2.5352327283388845,-0.40175505741247464
55.54,-5.835394271155241,116.60476088376696,-2.6773123285182012,7.372139943838725,0.3626270172390452,-2.2441419045031292,-2.5213299289670865,-0.4016096317985894
55.56,-5.9352359905509795,116.49626632636485,-2.7221951666082638,7.336789665564989,0.3618728438222744,-2.253632866850886,-2.5074156917235997,-0.4014629481082416
55.58,-6.039421417003939,116.3929374889192,-2.7672678239452817,7.301565253716837,0.36110994717437706,-2.263158482398466,-2.4934900797296082,-0.4013150068009305
55.6,-6.147709491871099,116.29496354689459,-2.812530993593251,7.266467905765902,0.36033823601053466,-2.2727181110006236,-2.479553156157853,-0.4011658083400948
55.620000000000005,-6.259849828463824,116.20252315869298,-2.8579853558132635,7.23149881739507,0.3595576190969766,-2.2823110890291356,-2.4656049842324035,-0.4010153531931113
55.64,-6.375583137100851,116.11578395658488,-2.9036315775938464,7.196659182426846,0.3587680053366135,-2.291936728712277,-2.4516456272283773,-0.40086364183129397
55.660000000000004,-6.494641679357039,116.03490205227774,-2.949470312168092,7.1619501927516325,0.3579693038525148,-2.301594317435294,-2.437675148471596,-0.4007106747298912
55.68,-6.616749751233169,115.96002155879835,-2.9955021985167978,7.12737303825593,0.3571614240686706,-2.3112831170083967,-2.4236936113383583,-0.4005564523680858
55.7,-6.741624194879838,115.89127413038432,-3.0417278608569656,7.092928906750467,0.3563442757876303,-2.3210023629092724,-2.4097010792551217,-0.4004009752289922
55.72,-6.868974938412926,115.8287785220944,-3.088147908115151,7.058618983898259,0.3555177692647607,-2.330751263507448,-2.395697615698229,-0.40024424379965606
55.74,-6.99850556325964,115.77264017085612,-3.1347629333853,7.024444453142607,0.354681815279023,-2.3405289992779563,-2.3816832841935884,-0.4000862585710518
55.76,-7.129913898372753,115.72295079967365,3.1016117938087273,6.990406495635046,0.3538363252003164,-2.3503347220117448,-2.367658148316452,-0.3999270200380818
55.78,-7.262892640546712,115.67978804671685,3.0546050993684926,6.956506290163243,0.352981211053581,-2.360167554030072,-2.353622271691043,-0.39976652869957424
55.800000000000004,-7.397129999962974,115.64321512100572,3.007401748287891,6.922745013078852,0.35211638557998465,-2.3700265874098125,-2.3395757179903285,-0.3996047850582818
55.82,-7.53231036998358,115.61328048639069,2.9600012165396947,6.889123838225335,0.351241762295639,-2.379910883226141,-2.3255185509357275,-0.39944178962088067
55.84,-7.6681150201017685,115.59001757550945,2.912402998875172,6.855643936865758,0.350357255548395,-2.3898194708184954,-2.311450834296773,-0.3992775428979676
55.86,-7.8042228108469045,115.57344453537483,2.864606609458802,6.822306477610557,0.3494627805733552,-2.399751347085081,-2.297372631890876,-0.3991120454040596
55.88,-7.940310929328227,115.5635640062147,2.8166115825171003,6.789112626345295,0.348558253547811,-2.4097054758104526,-2.2832840075830116,-0.3989452976575916
55.9,-8.07605564398859,115.56036293514424,2.7684174730008912,6.756063546158409,0.34764359164636033,-2.4196807870299737,-2.2691850252854397,-0.3987773001809155
55.92,-8.211133077025623,115.56381242620328,2.7200238572602924,6.723160397268953,0.34671871309699537,-2.4296761764341563,-2.255075748957384,-0.39860805350029715
55.94,-8.3452199928242,115.57386762823562,2.6714303337316094,6.690404336954341,0.3457835372389586,-2.439690504815135,-2.240956242604807,-0.39843755814591686
55.96,-8.477994600631115,115.59046766202383,2.6226365236353066,6.65779651947811,0.34483798458315934,-2.449722597556769,-2.2268265702800405,-0.39826581465186545
55.980000000000004,-8.609137369591018,115.61353558802188,2.573642071684171,6.62533809601769,0.343881976875919,-2.4597712441691577,-2.2126867960815493,-0.39809282355614417
56.0,-8.738331854152348,115.64297841594812,2.5244466468007882,6.593030214592206,0.3429154371667718,-2.469835197867728,-2.1985369841536424,-0.39791858540066255
56.02,-8.865265527743901,115.67868715741355,2.475049942843434,6.560874019990304,0.3419382898809951,-2.4799131751964536,-2.18437719868613,-0.3977431007312364
56.04,-8.989630622517238,115.72053692266408,2.4254516793395045,6.528870653698016,0.34095046089747466,-2.4900038556943067,-2.170207503914089,-0.39756637009758633
56.06,-9.111124972848014,115.76838706241095,2.375651602225618,6.497021253826672,0.33995187763243684,-2.500105881603638,-2.1560279641175453,-0.3973883940533363
56.08,-9.229452860191103,115.82208135561052,2.325649484593546,6.465326955040856,0.3389424691294949,-2.510217857618891,-2.1418386436211905,-0.3972091731560114
56.1,-9.344325856790704,115.88144824393318,2.2754451274411682,6.4337888884864265,0.3379221661563686,-2.5203383506738875,-2.127639606794063,-0.39702870796703627
56.120000000000005,-9.455463665658147,115.94630111353152,2.225038360427691,6.402408181718591,0.3368909013085465,-2.530465889765825,-2.113430918049313,-0.39684699905173365
56.14,-9.562594954147459,116.01643862457989,2.174429042632374,6.371185958630061,0.3358486091200684,-2.5405989658141603,-2.099212641843861,-0.3966640469793224
56.160000000000004,-9.665458178382655,116.09164508891139,2.1236170633160913,6.3401233393792795,0.3347952261815184,-2.5507360315526717,-2.0849848426780992,-0.39647985232291505
56.18,-9.763802395721834,116.17169089592456,2.0726023426850375,6.309221440318729,0.3337306912652325,-2.5608755014532036,-2.0707475850956647,-0.3962944156595177
56.2,-9.85738806238214,116.25633298677036,2.021384832655974,6.278481373923338,0.3326549454576479,-2.5710157516798917,-2.0565009336830586,-0.39610773757002593
56.22,-9.945987813297338,116.34531537666149,1.9699645176223761,6.247904248718977,0.33156793229864795,-2.5811551200730176,-2.0422449530694218,-0.3959198186392252
56.24,-10.0293872212366,116.43836972496999,1.9183414152209153,6.217491169211065,0.3304695979276956,-2.5912919061620827,-2.02797970792621,-0.39573065945578734
56.26,-10.107385532180098,116.53521595259718,1.8665155770976734,6.1872432358132805,0.32935989123649284,-2.601424371208134,-2.0137052629669188,-0.3955402606122699
56.28,-10.179796373924532,116.63556290591166,1.814487089673511,6.157161544776399,0.3282387640278616,-2.6115507382758847,-1.9994216829467297,-0.3953486227051133
56.300000000000004,-10.246448434880724,116.7391090663572,1.7622560749079934,6.127247188117247,0.3271061711805079,-2.621669192336677,-1.9851290326623385,-0.3951557463346398
56.32,-10.307186110026304,116.84554330463439,1.7098226910612597,6.0975012535477875,0.3259620708193074,-2.6317778804038654,-1.9708273769515499,-0.3949616321050511
56.34,-10.361870110990093,116.95454567815648,1.6571871334531822,6.0679248244043515,0.3248064244907389,-2.6418749117026894,-1.9565167806929988,-0.3947662806244263
56.36,-10.410378037271556,117.06578827027461,1.604349635219128,6.038518979577007,0.32363919734308627,-2.6519583578772106,-1.9421973088059141,-0.394569692504721
56.38,-10.45260490563921,117.17893606955828,1.5513104680615832,6.009284793439082,0.3224603583110369,-2.662026253237342,-1.9278690262497749,-0.394371868361764
56.4,-10.48846363480672,117.29364788720699,1.4980699429968363,5.980223335776844,0.32126988030431336,-2.6720765950494076,-1.9135319980240317,-0.3941728088152565
56.42,-10.517885482554954,117.40957731045758,1.4446284110958478,5.951335671719353,0.3200677403999965,-2.682107343874044,-1.8991862891678075,-0.39397251448876935
56.44,-10.540820432553,117.52637368964078,1.390986264218367,5.922622861668473,0.3188539200382204,-2.692116423955575,-1.8848319647596115,-0.3937709860097419
56.46,-10.557237528231395,117.64368315633095,1.337143935739256,5.894085961229075,0.31762840522094515,-2.702101723667224,-1.8704690899170122,-0.3935682240094789
56.480000000000004,-10.567125151176834,117.76114966982547,1.283101901265912,5.865726021139418,0.31639118671354627,-2.7120610960167397,-1.856097729796403,-0.39336422912314994
56.5,-10.57049124164963,117.87841608898631,1.2288606793455772,5.837544087201728,0.3151422602489855,-2.7219923592171225,-1.8417179495926528,-0.3931590019897865
56.52,-10.567363458973439,117.99512526627727,1.1744208321612346,5.809541200212973,0.3138816267343609,-2.7318932973271948,-1.8273298145388142,-0.3929525432522798
56.54,-10.557789279710997,118.11092116063718,1.1197829662146912,5.781718395895842,0.3126092924596594,-2.741761660966768,-1.8129333899058608,-0.39274485355737954
56.56,-10.54183603172018,118.2254499656432,1.064947732995356,5.754076704829945,0.31132526930856247,-2.751595168111083,-1.798528741002365,-0.3925359335556916
56.58,-10.519590862381092,118.33836124924123,1.009915829633134,5.7266171523832226,0.31002957497117334,-2.761391504969077,-1.7841159331742074,-0.3923257839016755
56.6,-10.4911606394971,118.44930910115254,0.9546879995337525,5.699340758643591,0.3087222331585536,-2.771148326949866,-1.7696950318042812,-0.3921144052536433
56.620000000000005,-10.456671783600287,118.5579532839096,0.8992650329947551,5.672248538350814,0.30740327381896576,-2.780863259721596,-1.7552661023121963,-0.3919017982737562
56.64,-10.416270030634305,118.6639603833305,0.8436477678003231,5.64534150082862,0.30607273335572255,-2.7905339003665572,-1.7408292101539875,-0.3916879636280242
56.660000000000004,-10.370120124244364,118.76700495411113,0.7878370897929918,5.618620649917058,0.304730654846544,-2.800157818636161,-1.7263844208217871,-0.3914729019863021
56.68,-10.318405437174624,118.86677065610012,0.7318339334202686,5.592086983905121,0.303377088264312,-2.809732558309033,-1.7119317998435954,-0.39125661402228934
56.7,-10.261327521556403,118.96295137672354,0.675639282254088,5.565741495463613,0.30201209069909984,-2.8192556386551404,-1.6974714127828976,-0.3910391004135261
56.72,-10.19910558816581,119.05525233494629,0.6192541694809854,5.539585171578297,0.3006357265813303,-2.828724556008477,-1.6830033252384342,-0.39082036184139246
56.74,-10.131975915035257,119.14339116209626,0.5626796783608157,5.513618993483306,0.29924806790589,-2.838136785450467,-1.6685276028438718,-0.39060039899110555
56.76,-10.06019118611881,119.22709895483688,0.5059169426518064,5.487843936594844,0.29784919445699376,-2.847489782605824,-1.6540443112675125,-0.39037921255171804
56.78,-9.984019761035155,119.30612129555445,0.44896714699968987,5.462260970445166,0.2964391940335546,-2.856780985552225,-1.6395535162119954,-0.390156803216115
56.800000000000004,-9.903744877242502,119.38021923543069,0.39183152728864545,5.436871058616854,0.29501816267477227,-2.866007816844735,-1.6250552834139986,-0.389933171681013
56.82,-9.819663786335738,119.44917023549702,0.33451137095175065,5.411675158677399,0.29358620488560633,-2.875167685655534,-1.6105496786439475,-0.3897083186469567
56.84,-9.73208682649562,119.51276906101937,0.2770080172386402,5.386674222114082,0.29214343386175196,-2.884257990029063,-1.5960367677056857,-0.3894822448183174
56.86,-9.641336433461191,119.57082862463817,0.2193228574380588,5.361869194269172,0.29068997171368305,-2.8932761192523455,-1.5815166164362426,-0.3892549509032909
56.88,-9.547746092737986,119.6231807737907,0.16145733505301196,5.337261014275444,0.28922594968927623,-2.9022194563397985,-1.5669892907054517,-0.3890264376138945
56.9,-9.451659236093878,119.66967701807111,0.10341294592621608,5.312850614992024,0.2877515083944756,-2.911085380631481,-1.5524548564157163,-0.38879670566596586
56.92,-9.353428085729833,119.71018919233873,0.045191238313586624,5.288638922940569,0.286266798011405,-2.9198712705033096,-1.5379133795016817,-0.3885657557791597
56.94,-9.253412449841894,119.74461005156653,-0.013206187096479471,5.2646268582417814,0.28477197851328256,-2.92857450618738,-1.5233649259299475,-0.38833358867694656
56.96,-9.1519784736116,119.77285379363047,-0.07177767722022699,5.240815334552276,0.28326721987544334,-2.937192472700121,-1.5088095616987385,-0.3881002050866092
56.980000000000004,-9.049497349972233,119.79485650647518,-0.13052152667422945,5.217205259001794,0.2817527022817264,-2.9457225628756114,-1.4942473528376654,-0.3878656057392422
57.0,-8.94634399479575,119.81057653635234,-0.18943597793174183,5.19379753213078,0.28022861632543905,-2.9541621805009486,-1.4796783654073775,-0.38762979136974784
57.02,-8.84289569142752,119.81999477411543,-0.24851922154176087,5.170593047828327,0.2786951632040697,-2.9625087435501563,-1.4651026654992314,-0.3873927627168346
57.04,-8.739530709761018,119.82311485686569,-0.3077693964127639,5.147592693270484,0.27715255490688195,-2.9707596875126576,-1.4505203192351206,-0.38715452052301513
57.06,-8.636626905289914,119.81996328257986,-0.3671845901630171,5.124797348858951,0.27560101439449103,-2.9789124688118993,-1.4359313927670037,-0.38691506553460353
57.08,-8.534560303798548,119.81058943570837,-0.4267628395392551,5.102207888160156,0.27404077576949254,-2.986964568309227,-1.4213359522767384,-0.38667439850171276
57.1,-8.433703677551344,119.79506552211235,-0.4865021309054396,5.0798251778447225,0.2724720844371919,-2.9949134948876495,-1.4067340639757213,-0.3864325201782531
57.120000000000005,-8.334425119015227,119.77348641210712,-0.5464004008031926,5.057650077627332,0.27089519725546113,-3.0027567891096023,-1.392125794104599,-0.38618943132192873
57.14,-8.237086618294603,119.74596939079683,-0.6064555365853845,5.035683440206996,0.2693103826727371,-3.0104920269423254,-1.3775112089329677,-0.38594513269423664
57.160000000000004,-8.14204265057413,119.71265381531857,-0.666665377124231,5.013926111207731,0.2677179208531656,-3.0181168235439264,-1.3628903747590722,-0.3856996250604628
57.18,-8.049638779948559,119.67370067906073,-0.7270277135951098,4.992378929119653,0.2661181037878908,-3.0256288371026585,-1.3482633579095122,-0.3854529091896812
57.2,-7.9602102860698984,119.62929208337889,-0.7875402903371631,4.971042725240495,0.26451123539149324,-3.0330257727213903,-1.3336302247389102,-0.3852049858547498
57.22,-7.874080820058626,119.57963061779981,-0.8482008057915911,4.94991832361755,0.26289763158258267,-3.0403053863386846,-1.3189910416296775,-0.3849558558323104
57.24,-7.791561096106521,119.52493865017705,-0.9090069135183647,4.9290065409900485,0.2612776203475675,-3.047465488677334,-1.3043458749916284,-0.3847055199027833
57.26,-7.712947625142934,119.46545752873841,-0.9699562232919114,4.908308186731979,0.2596515417866368,-3.054503949210644,-1.2896947912617451,-0.3844539788503677
57.28,-7.638521496843273,119.40144669844226,-1.031046302276124,4.887824062795352,0.2580197481410149,-3.0614187001361985,-1.2750378569038463,-0.3842012334630371
57.300000000000004,-7.5685472161277225,119.3331827345337,-1.0922746762788478,4.867554963653916,0.256382603800577,-3.0682077403462977,-1.2603751384082922,-0.3839472845325382
57.32,-7.503271600129486,119.26095829665975,-1.1536388310857737,4.847501676247333,0.25474048529094523,-3.0748691393837317,-1.2457067022916817,-0.3836921328543876
57.34,-7.442922741405336,119.1850810073616,-1.2151362138734483,4.827664979925819,0.25309378123922716,-3.081401041371063,-1.2310326150965518,-0.38343577922786987
57.36,-7.3877090429172245,119.10587225920848,-1.2767642347008696,4.808045646395252,0.25144289231759953,-3.087801668901111,-1.2163529433910816,-0.3831782244560345
57.38,-7.337818330032984,119.02366595526873,-1.338520268078892,4.788644439662756,0.24978823116399293,-3.094069326875911,-1.201667753768759,-0.3829194693456937
57.4,-7.293417044477531,118.93880718802559,-1.4004016546164102,4.769462115982767,0.24813022227918782,-3.100202406281027,-1.1869771128481472,-0.3826595147074202
57.42,-7.254649524814946,118.85165086223529,-1.4624057027420307,4.750499423803589,0.24646930189969388,-3.106199387881776,-1.1722810872724951,-0.38239836135554395
57.44,-7.221637377657706,118.76256026758958,-1.5245296904996664,4.731757103714435,0.24480591784585232,-3.112058845827633,-1.157579743709504,-0.3821360101081502
57.46,-7.194478943384279,118.6719056073821,-1.586770867416219,4.713235888392976,0.2431405293446745,-3.117779451150883,-1.1428731488509936,-0.38187246178707646
57.480000000000004,-7.1732488597022135,118.58006248968331,-1.6491264564392367,4.694936502553386,0.2414736068270082,-3.1233599751454464,-1.128161369412606,-0.3816077172179106
57.5,-7.157997725923362,118.48741038780109,-1.7115936559421456,4.6768596628949,0.23980563169870828,-3.1287992926117325,-1.1134444721335024,-0.38134177722998736
57.52,-7.1487518703235695,118.39433107704026,-1.7741696417943802,4.659006078050889,0.2381370960855788,-3.1340963849533985,-1.0987225237760614,-0.3810746426563867
57.54,-7.145513222443989,118.30120705497224,-1.8368515694934482,4.641376448538449,0.23646850255194868,-3.1392503431119874,-1.083995591125581,-0.38080631433393025
57.56,-7.148259291658381,118.20841995258327,-1.899636576355688,4.623971466708525,0.2348003637928446,-3.1442603703256022,-1.0692637409899524,-0.38053679310317956
57.58,-7.156943252783591,118.11634894378592,-1.9625217837622,4.606791816696557,0.23313320229983003,-3.1491257846980636,-1.0545270401993927,-0.3802660798084327
57.6,-7.171494138952463,118.02536916085022,-2.0255042994561614,4.589838174373667,0.2314675500006891,-3.153846021565355,-1.0397855556061175,-0.3799941752977224
57.620000000000005,-7.191817141403465,117.93585012333921,-2.0885812198874687,4.573111207298389,0.22980394787324923,-3.1584206356466296,-1.0250393540840443,-0.3797210804228125
57.64,-7.217794015272944,117.84815418811627,-2.151749632600401,4.556611574668941,0.22814294553375197,-3.1628493029676177,-1.0102885025284885,-0.37944679603919634
57.660000000000004,-7.249283589908215,117.76263502792871,-2.2150066186597535,4.5403399272760545,0.22648510080030396,-3.1671318225449054,-0.9955330678558599,-0.3791713230060929
57.68,-7.286122381656462,117.6796361459641,-2.2783492551106517,4.524296907456355,0.2248309792320603,-3.171268117820315,-0.9807731170033595,-0.37889466218644513
57.7,-7.328125306529616,117.59948943362203,-2.341774617467058,4.508483149046312,0.22318115364491733,-3.175258237835432,-0.9660087169286757,-0.3786168144469165
57.72,-7.37508648960294,117.5225137785462,-2.405279782223767,4.492899277336748,0.22153620360461548,-3.1791023581372455,-0.9512399346096867,-0.37833778065788926
57.74,-7.426780167478774,117.44901372972022,-2.468861829386512,4.477545909027924,0.21989671489827575,-3.182800781406843,-0.9364668370441321,-0.3780575616934599
57.76,-7.4829616796405665,117.37927822614705,-2.532517845014649,4.462423652185203,0.21826327898551645,-3.186353937804192,-0.9216894912493458,-0.37777615843143864
57.78,-7.5433685440395,117.31357939530851,-2.596244923770733,4.44753310619529,0.21663649243041513,-3.1897623850231467,-0.9069079642619334,-0.3774935717533451
57.800000000000004,-7.607721611800184,117.25217142723942,-2.660040171471196,4.432874861723063,0.21501695631569714,-3.1930268080520205,-0.89212232313745,-0.3772098025444063
57.82,-7.675726295506243,117.19528952965366,-2.7239007076322364,4.418449500668992,0.21340527564064327,-3.19614801863631,-0.8773326349501325,-0.37692485169355333
57.84,-7.7470738651341415,117.14314896912913,-2.7878236680049624,4.404257596127158,0.21180205870431434,-3.1991269544414336,-0.8625389667925715,-0.3766387200934193
57.86,-7.821442805347031,117.09594420289805,-2.851806207093791,4.390299712343862,0.21020791647578985,-3.2019646779146766,-0.8477413857754176,-0.3763514086403358
57.88,-7.898500227542163,117.05384810530265,-2.9158455006520843,4.376576404676853,0.20862346195320797,-3.2046623748468646,-0.8329399590270482,-0.37606291823433025
57.9,-7.977903329767619,117.01701129246528,-2.9799387481490216,4.363088219555152,0.2070493095134769,-3.2072213526356523,-0.8181347536933294,-0.37577324977912385
57.92,-8.059300897388539,116.985561548193,-3.0440831752017345,4.349835694439498,0.20548607425459986,-3.2096430382536734,-0.8033258369372256,-0.37548240418212747
57.94,-8.142334837191097,116.95960335359017,-3.1082760359668082,4.336819357783406,0.2039343713326177,-3.2119289759261376,-0.7885132759385621,-0.37519038235444
57.96,-8.226641737465277,116.93921752229556,3.1106706916942546,4.324039728994852,0.2023948152952235,-3.214080824523806,-0.7736971378936907,-0.3748971852108445
57.980000000000004,-8.311854446505663,116.92446094269435,3.0463890752037788,4.3114973183985805,0.2008680194141423,-3.2161003546785687,-0.7588774900151894,-0.37460281366980636
58.0,-8.397603661913362,116.91536642788564,2.982067068110208,4.299192627199043,0.19935459501839425,-3.217989445630111,-0.7440543995315592,-0.3743072686534693
58.02,-8.483519523071761,116.91194267361634,2.9177072791976055,4.287126147443971,0.19785515083057226,-3.219750081813382,-0.7292279336869177,-0.3740105510876535
58.04,-8.569233199203577,116.91417432382607,2.853312277561338,4.27529836198859,0.196370292308265,-3.2213843491977103,-0.714398159740701,-0.3737126619018521
58.06,-8.654378465495883,116.92202214288923,2.788884590577384,4.263709744460471,0.19490062099274091,-3.222894431389514,-0.6995651449673277,-0.3734136020292281
58.08,-8.738593259902393,116.93542329309324,2.724426701949593,4.252360759225029,0.19344673386698147,-3.224282605511552,-0.6847289566559609,-0.3731133724066124
58.1,-8.821521213396597,116.95429171535977,2.659941049839362,4.241251861351677,0.19200922272510973,-3.2255512378725903,-0.6698896621101177,-0.3728119739744999
58.120000000000005,-8.902813146653868,116.9785186107019,2.5954300250819102,4.230383496580626,0.19058867355520634,-3.2267027794421845,-0.6550473286474248,-0.37250940767704654
58.14,-8.982128526383102,117.00797301941726,2.5308959694930664,4.219756101290345,0.1891856659374364,-3.22773976114602,-0.6402020235993129,-0.37220567446206776
58.160000000000004,-9.059136874806645,117.04250249454965,2.4663411742701458,4.209370102465685,0.18780077245933038,-3.2286647889978735,-0.6253538143106567,-0.3719007752810332
58.18,-9.133519126098562,117.08193386570967,2.4017678784901886,4.199225917666659,0.18643455814997115,-3.229480539084801,-0.6105027681395301,-0.3715947110890659
58.2,-9.20496892393303,117.1260740889341,2.3371782677084925,4.189323954997904,0.18508757993473507,-3.2301897524225622,-0.5956489524568701,-0.37128748284493784
58.22,-9.273193854663802,117.17471117788257,2.2725744726600414,4.179664613078795,0.1837603861121228,-3.230795229698603,-0.5807924346461841,-0.3709790915110681
58.24,-9.337916611049275,117.22761521132382,2.2079585680660694,4.170248281014253,0.18245351585409275,-3.231299825920121,-0.5659332821032124,-0.37066953805351827
58.26,-9.398876081852535,117.28453941155126,2.143332571547667,4.1610753383662145,0.18116749873117963,-3.2317064449848165,-0.551071562235691,-0.3703588234419917
58.28,-9.455828363078583,117.34522128809127,2.078698442647971,4.152146155125792,0.17990285426354405,-3.2320180341919214,-0.5362073424629593,-0.37004694864982784
58.300000000000004,-9.508547687058533,117.40938384082817,2.014058081964132,4.143461091686115,0.17866009149895526,-3.2322375787109636,-0.5213406902157157,-0.3697339146540013
58.32,-9.556827266049622,117.47673681646769,1.9494133303899126,4.135020498815854,0.1774397086185622,-3.2323680960255095,-0.5064716729357122,-0.369419722435118
58.34,-9.600480047487105,117.54697801209552,1.8847659684694023,4.1268247176334425,0.17624219257115734,-3.232412630368783,-0.49160035807539204,-0.3691043729774117
58.36,-9.6393393784964,117.6197946194607,1.8201177158620263,4.118874079581984,0.175068018736485,-3.2323742471676704,-0.4767268130976466,-0.3687878672687414
58.38,-9.673259577747984,117.69486460352321,1.7554702309186734,4.111168906404858,0.173917650617993,-3.232256027511096,-0.4618511054754777,-0.36847020630058863
58.4,-9.702116413210602,117.77185810875106,1.6908251103684515,4.103709510122025,0.17279153956527332,-3.232061062658189,-0.44697330269170393,-0.36815139106805317
58.42,-9.725807484827403,117.8504388866344,1.6261838891152873,4.09649619300703,0.17169012452628787,-3.231792448601006,-0.4320934722386237,-0.3678314225698509
58.44,-9.744252511601973,117.93026573790026,1.5615480401432666,4.089529247564708,0.1706138318293258,-3.23145328069586,-0.41721168161777744,-0.36751030180831085
58.46,-9.757393523034269,118.01099396296117,1.4969189745293496,4.0828089565095995,0.16956307499449702,-3.2310466483765388,-0.4023279983395541,-0.36718802978937076
58.480000000000004,-9.765194955287894,118.09227681421189,1.4322980415618192,4.076335592745072,0.16853825457442673,-3.2305756299618813,-0.38744248992295355,-0.3668646075225756
58.5,-9.767643652897712,118.17376694390016,1.3676865289625812,4.07010941934315,0.1675397580236838,-3.230043287569319,-0.372555223895249,-0.366540036021073
58.52,-9.764748777238555,118.25511784143671,1.3030856632111947,4.064130689525062,0.16656795959634976,-3.229452662145112,-0.35766626779168703,-0.3662143163016111
58.54,-9.756541623369971,118.33598525417558,1.2384966099682924,4.058399646642499,0.1656232202710177,-3.2288067686210975,-0.34277568915518103,-0.36588744938453455
58.56,-9.743075347246988,118.41602858588638,1.173920474595871,4.052916524159589,0.16470588770239952,-3.228108591206846,-0.3278835555360113,-0.36555943629378207
58.58,-9.724424605641435,118.49491226735256,1.1093583027717342,4.047681545635595,0.1638162961986204,-3.227361078825193,-0.31298993449149964,-0.3652302780568826
58.6,-9.700685111451364,118.57230709376262,1.0448110811952303,4.042694924708332,0.16295476672318632,-3.226567140698189,-0.2980948935857095,-0.3648999757049522
58.620000000000005,-9.671973107386547,118.64789152381198,0.9802797383812667,4.037956865078303,0.16212160692052854,-3.2257296420895836,-0.2831985003891762,-0.36456853027269137
58.64,-9.638424761305316,118.72135293570014,0.9157651455394751,4.033467560493564,0.16131711116395667,-3.224851400209069,-0.26830082247855125,-0.3642359427983816
58.660000000000004,-9.600195486741486,118.79238883548838,0.8512681175352936,4.029227194735318,0.1605415606247887,-3.223935180282602,-0.2534019274363017,-0.36390221432388087
58.68,-9.557459192399621,118.8607080135755,0.7867894139296414,4.025235941604225,0.15979522336137342,-3.222983691792283,-0.23850188285043464,-0.3635673458946226
58.7,-9.510407464612157,118.92603164535126,0.7223297400937958,4.021493964907456,0.1590783544266776,-3.221999584888435,-0.22360075631416587,-0.3632313385596104
58.72,-9.459248686943017,118.98809433239674,0.6578897483960269,4.018001418446467,0.15839119599307627,-3.220985446975734,-0.2086986154256193,-0.3628941933714162
58.74,-9.404207101289467,119.04664508091672,0.5934700394565122,4.014758446005511,0.15773397749296006,-3.2199437994744824,-0.19379552778752046,-0.36255591138617593
58.76,-9.345521814977413,119.10144821440824,0.5290711634670227,4.011765181340882,0.1571069157737574,-3.2188770947574143,-0.178891561006896,-0.3622164936635872
58.78,-9.283445758465561,119.15228421789186,0.46469362157187444,4.009021748170893,0.15651021526596337,-3.2177877132617403,-0.16398678269474198,-0.3618759412669043
58.800000000000004,-9.21824459837139,119.19895051135418,0.4003378673066398,4.006528260166589,0.1559440681627663,-3.216677960775532,-0.14908126046574852,-0.3615342552629371
58.82,-9.150195610607454,119.24126215037201,0.336004308091129,4.004284820943201,0.15540865460987344,-3.2155500658969616,-0.134175061937999,-0.36119143672204623
58.84,-9.079586518470801,119.27905245220794,0.2716933067731899,4.002291524052331,0.15490414290415153,-3.214406177664391,-0.11926825473260755,-0.36084748671814004
58.86,-9.006714300562109,119.31217354598276,0.20740518321990198,4.000548452974885,0.15443068969971982,-3.213248363354826,-0.1043609064734744,-0.360502406328671
58.88,-8.931883973425432,119.34049684584146,0.14314021595280568,3.9990556811147373,0.15398844022016242,-3.2120786064478275,-0.08945308478694798,-0.3601561966346333
58.9,-8.855407353795028,119.36391344633458,0.07889864382384904,3.997813271793137,0.1535775284755586,-3.2108988047515945,-0.07454485730152442,-0.3598088587205579
58.92,-8.777601805313713,119.38233443953577,0.014680667728816932,3.99682127824386,0.15319807748306846,-3.2097107686875956,-0.05963629164754079,-0.35946039367451094
58.94,-8.698788974548334,119.39569115370682,-0.049513547644934874,3.9960797436090956,0.15285019948985346,-3.2085162197298547,-0.044727455456874364,-0.35911080258808875
58.96,-8.619293521073518,119.40393531360486,-0.11368387203953212,3.9955887009360813,0.1525339961971568,-3.2073167889947456,-0.029818416362611108,-0.35876008655641517
58.980000000000004,-8.539441846325582,119.40703912279983,-0.17783020781942716,3.9953481731744755,0.1522495589844174,-3.2061140159769717,-0.014909241998769845,-0.35840824667813787
59.0,-8.459560825845537,119.40499526863489,-0.24195248813896653,3.9953581731744756,0.15199696913234229,-3.204909347427242,-1.7145055188062944e-15,-0.35805528405542597
59.02,-8.379976549434401,119.39781685071712,-0.30605067508751116,3.9956187036856767,0.15177629804391618,-3.2037041363670498,0.01490924199877263,-0.35770119979396464
59.04,-8.301013073636502,119.38553723406996,-0.3701247578148523,3.9961297573566754,0.1515876074623805,-3.202499641235892,0.029818416362607677,-0.357345995002953
59.06,-8.222991190848045,119.36820982831276,-0.4341747506395701,3.9968913167354154,0.15143094968527046,-3.201297025166215,0.04472745545687094,-0.3569896707951005
59.08,-8.146227219219806,119.34590779445601,-0.49820069114289467,3.997903354270277,0.15130636777365547,-3.2000973553813914,0.059636291647537365,-0.3566322282866232
59.1,-8.071031817385311,119.31872368111293,-0.5622026382505227,3.9991658323119093,0.15121389575578403,-3.1989016027120334,0.07454485730152723,-0.3562736685972401
59.120000000000005,-7.9977088278999995,119.28676899212937,-0.6261806703047634,4.0006787031158035,0.151153558824391,-3.197710641226026,0.08945308478695076,-0.35591399285017006
59.14,-7.926554153123505,119.25017368782476,-0.690134883129284,4.002441908845612,0.15112537352698152,-3.1965252479677364,0.10436090647347096,-0.3555532021721285
59.160000000000004,-7.85785466711701,119.20908562221572,-0.7540653880886388,4.004455381577209,0.15112934794846095,-3.195346102801961,0.11926825473261034,-0.3551912976933222
59.18,-7.791887166961333,119.16366991876295,-0.8179723101446781,4.006719043303487,0.15116548188553433,-3.194173788358303,0.13417506193799558,-0.3548282805474488
59.2,-7.728917366729623,119.11410828733945,-0.8818557859118439,4.009232805939906,0.15123376701235333,-3.1930087900718203,0.14908126046575132,-0.35446415187168967
59.22,-7.669198937171889,119.06059828526553,-0.9457159617132804,4.01199657133077,0.15133418703693924,-3.191851496315953,0.16398678269473857,-0.35409891280670946
59.24,-7.612972593987602,119.00335252539213,-1.0095529916395996,4.015010231256255,0.15146671784796262,-3.190702198623909,0.17889156100689255,-0.35373256449665047
59.26,-7.560465237377782,118.94259783434026,-1.073367035612078,4.01827366744017,0.1516313276515084,-3.189561091994892,0.19379552778751083,-0.3533651080891306
59.28,-7.511889145379835,118.87857436412024,-1.1371582574519756,4.021786751558456,0.15182797709750345,-3.188428275281755,0.20869861542562207,-0.35299654473523734
59.300000000000004,-7.467441223297314,118.81153466045976,-1.2009268229576107,4.025549345248427,0.1520566193955287,-3.1873037516568816,0.22360075631416865,-0.352626875589528
59.32,-7.427302311343133,118.74174269126571,-1.2646728979907482,4.029561300118741,0.15231720041978336,-3.186187429153308,0.238501882850425,-0.3522561018100222
59.34,-7.391636552419004,118.6694728387305,-1.3283966465738144,4.033822457760112,0.15260965880301022,-3.1850791212783496,0.2534019274362983,-0.35188422455820034
59.36,-7.360590821756214,118.5950088586695,-1.3920982289993813,4.038332649756756,0.15293392601923259,-3.1839785476972056,0.26830082247854165,-0.3515112449990001
59.38,-7.334294219943706,118.5186428107434,-1.4557777999533255,4.043091697698564,0.1532899264551928,-3.1828853349842645,0.2831985003891728,-0.35113716430081154
59.4,-7.312857630669002,118.4406739632757,-1.5194355066530107,4.048099413194013,0.15367757747041969,-3.1817990174400776,0.29809489358570607,-0.3507619836354743
59.42,-7.2963733442961445,118.36140767642401,-1.5830714870018123,4.053355597883803,0.15409678944588895,-3.18071903797219,0.31298993449149004,-0.350385704178274
59.44,-7.284914748202653,118.28115426750196,-1.6466858677612561,4.058860043455225,0.15454746582127554,-3.1796447490382773,0.3278835555360016,-0.3500083271079382
59.46,-7.2785360845949,118.20022786227818,-1.7102787627420217,4.064612531657259,0.15502950312083033,-3.1785754136502526,0.3427756891551838,-0.3496298536066325
59.480000000000004,-7.277272276318417,118.11894523609901,-1.7738502710150268,4.070612834316388,0.15554279096794624,-3.1775102064382716,0.3576662677916898,-0.3492502848599577
59.5,-7.281138820976714,118.03762464869268,-1.8374004751437922,4.076860713353147,0.15608721208851012,-3.176448214773764,0.3725552238952456,-0.3488696220569456
59.52,-7.290131753469462,117.95658467651512,-1.9009294394392675,4.083355920799385,0.15666264230316757,-3.1753884399508663,0.3874424899229564,-0.3484878663900541
59.54,-7.304227676858609,117.8761430464902,-1.9644372082382848,4.0900981988162535,0.15726895050865639,-3.174329798425859,0.4023279983395507,-0.3481050190551665
59.56,-7.3233838612693525,117.79661547498175,-2.027923804206802,4.097087279712907,0.15790599864839472,-3.173271123114394,0.41721168161777406,-0.34772108125158385
59.58,-7.3475384103321835,117.71831451580918,-2.0913892266690897,4.104322885965927,0.15857364167253657,-3.1722111647465567,0.43209347223862654,-0.3473360541820244
59.6,-7.376610494472704,117.64154842108465,-2.1548334499640207,4.111804730239451,0.15927172748773666,-3.1711485932799626,0.44697330269170055,-0.3469499390526186
59.620000000000005,-7.41050065015783,117.56662001860626,-2.21825642182962,4.119532515406023,0.16000009689689274,-3.170081999371309,0.4618511054754804,-0.34656273707290464
59.64,-7.449091144010699,117.4938256094893,-2.281658061817046,4.127505934568144,0.1607585835291611,-3.1690098959069792,0.4767268130976494,-0.3461744494558261
59.660000000000004,-7.492246400512373,117.42345388965583,-2.3450382597351855,4.135724671080535,0.1615470137605685,-3.1679307195934707,0.49160035807539476,-0.34578507741772685
59.68,-7.5398134918165995,117.35578489873173,-2.408396874127055,4.144188398573104,0.16236520662556958,-3.166842832608582,0.5064716729357087,-0.34539462217834854
59.7,-7.5916226880148665,117.29108899982009,-2.4717337307792264,4.152896780974616,0.16321297371992716,-3.165744524314449,0.5213406902157247,-0.3450030849608246
59.72,-7.6474880660031195,117.2296258935301,-2.5350486212655152,4.161849472537057,0.16409011909531854,-3.164634013033663,0.5362073424629559,-0.3446104669916799
59.74,-7.707208174919206,117.17164366954111,-2.5983413015261885,4.171046117860701,0.1649964391461,-3.163509447889826,0.5510715622356877,-0.3442167695008229
59.76,-7.7705667559418385,117.11737789887363,-2.661611490483985,4.180486351919871,0.16593172248868804,-3.162368910714022,0.5659332821032151,-0.3438219937215451
59.78,-7.837333514068061,117.06705076992034,-2.7248588686982655,4.190169800089386,0.16689574983404487,-3.1612104180187814,0.5807924346461806,-0.34342614089051493
59.800000000000004,-7.907264939317356,117.02087027116347,-2.788083077058641,4.2000960781717,0.16788829385378387,-3.160031923041201,0.5956489524568729,-0.34302921224777566
59.82,-7.980105174647165,116.97902942336786,-2.851283715519465,4.210264792424727,0.16890911904043993,-3.158831317856951,0.6105027681395327,-0.3426312090367397
59.84,-8.055586927707203,116.94170556389334,-2.914460341876604,4.220675539590349,0.1699579815624792,-3.1576064355669704,0.6253538143106594,-0.34223213250418644
59.86,-8.133432423409145,116.90905968561503,-2.9776124705879434,4.231327906923597,0.1710346291146528,-3.1563550525586628,0.6402020235993096,-0.3418319839002571
59.88,-8.213354394144524,116.88123583277614,-3.040739571639117,4.242221472222517,0.17213880076432955,-3.1550748908434536,0.6550473286474275,-0.3414307644784513
59.9,-8.295057104347729,116.85836055592499,-3.103841069455986,4.253355803858703,0.1732702267944741,-3.1537636204725494,0.6698896621101144,-0.34102847549562293
59.92,-8.378237405973225,116.84054242790701,3.1162689653141493,4.2647304608085,0.17442862854396862,-3.1524188620327345,0.6847289566559575,-0.34062511821197694
59.94,-8.462585821337349,116.8278716226925,3.0532205880734953,4.276344992684876,0.17561371824600774,-3.15103818922399,0.6995651449673304,-0.3402206938910642
59.96,-8.547787649665729,116.82041955862368,2.9901998242890153,4.288198939769951,0.17682519886532927,-3.1496191315206703,0.7143981597406976,-0.33981520379977864
59.980000000000004,-8.633524093588184,116.8182386074594,2.9272074416586022,4.300291833048196,0.17806276393507603,-3.148159176917879,0.7292279336869205,-0.33940864920835234
60.0,-8.719473401734515,116.82136187038367,2.8642442581202445,4.312623194240272,0.1793260973941167,-3.146655774764591,0.7440543995315558,-0.3390010313903528
60.02,-8.805312023507446,116.82980302192531,2.801311142624953,4.325192535837535,0.18061487342568666,-3.145106338684925,0.7588774900151922,-0.3385923516226766
60.04,-8.89071577204372,116.84355622251132,2.7384090158512544,4.337999361137178,0.18192875629824287,-3.1435082495888302,0.773697137893681,-0.3381826111855493
60.06,-8.975360991321608,116.86259610014548,2.6755388508594784,4.3510431642780265,0.18326740020945945,-3.1418588587732543,0.7885132759385526,-0.3377718113625168
60.08,-9.058925723333264,116.88687780146911,2.612701673684013,4.3643234302769685,0.18463044913432242,-3.1401554911146703,0.8033258369372159,-0.33735995344044517
60.1,-9.141090871214102,116.91633711222094,2.5498985638617198,4.377839635066023,0.18601753667831442,-3.1383954483535947,0.8181347536933199,-0.33694703870951415
60.120000000000005,-9.221541354209107,116.95089064687038,2.4871306548946475,4.391591245530036,0.1874282859367102,-3.136576012471475,0.8329399590270449,-0.33653306846321474
60.14,-9.29996725035805,116.99043610695281,2.424399134645218,4.405577719545017,0.18886230936103376,-3.1346944491600324,0.847741385775408,-0.3361180439983437
60.160000000000004,-9.376064922798548,117.03485260738881,2.3617052456620176,4.419798506017084,0.19031920863375623,-3.1327480113828345,0.862538966792568,-0.3357019666150009
60.18,-9.449538125617922,117.08400106982059,2.299050285434361,4.434253044922039,0.19179857455233992,-3.130733943028525,0.877332634950123,-0.3352848376165845
60.2,-9.520099085232243,117.13772468175175,2.2364356065737905,4.448940767345557,0.19329998692375897,-3.1286494826547626,0.8921223231374465,-0.33486665830978585
60.22,-9.587469553334026,117.19584942002946,2.1738626169206956,4.463861095523983,0.19482301447064862,-3.12649186732153,0.9069079642619238,-0.3344474300045885
60.24,-9.651381827528803,117.25818463696366,2.1113327795742656,4.479013442885741,0.1963672147502561,-3.124258336512026,0.9216894912493423,-0.33402715401425986
60.26,-9.71157973587544,117.32452370713696,2.0488476128440247,4.494397214093338,0.1979321340873808,-3.121946136138925,0.9364668370441287,-0.33360583165535096
60.28,-9.76781958165545,117.39464473272186,1.9864086901212463,4.510011805085976,0.19951730752250674,-3.1195525226332745,0.9512399346096834,-0.3331834642476897
60.300000000000004,-9.819871044822726,117.46831130489056,1.9240176396685804,4.525856603122748,0.20112225877633783,-3.117074767112823,0.9660087169286784,-0.3327600531143784
60.32,-9.867518036726722,117.54527331867791,1.8616761443263243,4.541930986826427,0.20274650023195337,-3.1145101596260054,0.9807731170033622,-0.33233559958178827
60.34,-9.910559504859084,117.62526783844106,1.7993859411338047,4.558234326227835,0.2043895329358002,-3.111856013467285,0.9955330678558627,-0.3319101049795566
60.36,-9.948810184545538,117.70802001085097,1.7371488208644585,4.574765982810801,0.20605084661873496,-3.1091096695589586,1.0102885025284851,-0.3314835706405813
60.38,-9.982101294691137,117.79324402215316,1.674966627473279,4.591525309557682,0.20772991973831886,-3.1062685008939295,1.0250393540840472,-0.33105599790101753
60.4,-10.010281174887188,117.88064409624754,1.6128412574554005,4.608511650995457,0.20942621954355234,-3.103329917033352,1.0397855556061142,-0.3306273881002737
60.42,-10.033215861401642,117.9699155299627,1.5507746591147331,4.625724343242389,0.21113920216321472,-3.100291368652411,1.0545270401993891,-0.3301977425810064
60.44,-10.050789599800792,118.06074576173813,1.4887688317416847,4.643162714055243,0.21286831271894516,-3.0971503521268624,1.069263740989949,-0.3297670626891168
60.46,-10.062905292187848,118.15281546978046,1.4268258246991472,4.660826082877057,0.21461298546416527,-3.09390441415231,1.0839955911255776,-0.32933534977374684
60.480000000000004,-10.069484877292545,118.24579969562781,1.3649477364161005,4.67871376088547,0.21637264394990138,-3.090551156387547,1.0987225237760643,-0.3289026051872735
60.5,-10.07046964190434,118.33936898893992,1.3031367132883496,4.696825051041582,0.2181467012185121,-3.087088240112622,1.1134444721335053,-0.32846883028530677
60.52,-10.065820462408842,118.43319056923303,1.2413949484860973,4.715159248139363,0.21993456002626874,-3.0835133908916514,1.128161369412609,-0.32803402642668306
60.54,-10.05551797546186,118.52692950019636,1.1797246806682642,4.733715638855593,0.22173561309566853,-3.0798244032297495,1.1428731488509905,-0.3275981949734632
60.56,-10.039562677116464,118.6202498721646,1.1181281926036695,4.752493501800329,0.22354924339828422,-3.076019145212814,1.1575797437095068,-0.3271613372909254
60.58,-10.017974950004572,118.71281598827623,1.056607809699413,4.771492107567893,0.2253748244688691,-3.0720955631183045,1.1722810872724916,-0.32672345474756487
60.6,-9.990795018464352,118.80429354982265,0.9951658984370466,4.790710718788383,0.22721172075134297,-3.068051685984541,1.186977112848144,-0.3262845487150851
60.620000000000005,-9.958082831796824,118.89435083628854,0.9338048647173558,4.810148590179694,0.22905928797718142,-3.0638856301255095,1.201667753768768,-0.3258446205683971
60.64,-9.919917876127933,118.98265987559859,0.8725271521148459,4.829804968600041,0.23091687357662027,-3.059595603577621,1.2163529433910782,-0.3254036716856135
60.660000000000004,-9.876398915644664,119.0688976001211,0.8113352400432934,4.849679093100989,0.2327838171229653,-3.0551799104643846,1.2310326150965545,-0.3249617034480442
60.68,-9.827643664263915,119.15274698403475,0.7502316418340058,4.869770194980977,0.23465945081016953,-3.050636955264525,1.2457067022916843,-0.32451871724019216
60.7,-9.773788389079268,119.23389815774011,0.6892189027287152,4.890077497839329,0.23654309996370196,-3.045965246968675,1.2603751384082948,-0.32407471444975
60.72,-9.714987447212158,119.31204949509367,0.6282995977893417,4.910600217630751,0.23843408358458687,-3.0411634031094503,1.275037856903843,-0.32362969646759404
60.74,-9.651412757968474,119.38690866935688,0.5674763297271528,4.9313375627203095,0.24033171492633842,-3.036230153649449,1.2896947912617478,-0.3231836646877808
60.76,-9.583253212468135,119.45819367388748,0.5067517266541639,4.952288733938874,0.24223530210435587,-3.0311643447115175,1.304345874991625,-0.322736620507544
60.78,-9.510714023171905,119.52563380375327,0.44612843975993366,4.9734529246390355,0.2441441487371772,-3.0259649421355137,1.3189910416296742,-0.3222885653272865
60.800000000000004,-9.434016015975548,119.58897059461933,0.3856091409172233,4.99482932075148,0.24605755461881612,-3.0206310348457555,1.3336302247389067,-0.32183950055058014
60.82,-9.353394867774696,119.64795871544739,0.3251965202203082,5.016417100841817,0.24797481642122987,-3.015161838013388,1.3482633579095027,-0.32138942758415817
60.84,-9.26910029262352,119.7023668117503,0.2648932834600406,5.038215436167864,0.24989522842578324,-3.0095566959980573,1.3628903747590688,-0.32093834783791314
60.86,-9.181395179814995,119.75197829636328,0.2047021495400796,5.060223490737361,0.25181808328238947,-3.0038150850534886,1.3775112089329642,-0.3204862627248904
60.88,-9.090554687399246,119.79659208492664,0.14462584783900967,5.082440421366134,0.2537426727948217,-2.9979366157819327,1.392125794104596,-0.32003317366128553
60.9,-8.996865294828066,119.83602327352021,0.08466711552337092,5.104865377736685,0.25566828873050107,-2.991921035322853,1.406734063975712,-0.31957908206643854
60.92,-8.900623818567267,119.87010375614635,0.024828694816913632,5.127497502457204,0.2575942236528809,-2.9857682292617866,1.421335952276735,-0.31912398936282993
60.94,-8.802136394653267,119.89868278002551,-0.03488666976832189,5.150335931121002,0.2595197717743613,-2.9794782232459514,1.4359313927669943,-0.3186678969760769
60.96,-8.70171743228549,119.92162743694307,-0.09447623423324103,5.173379792366359,0.2614442298274863,-2.9730511842939302,1.4505203192351113,-0.31821080633492743
60.980000000000004,-8.599688542641212,119.93882308916857,-0.15393725791911983,5.196628207936773,0.2633668979519998,-2.966487421787628,1.465102665499234,-0.31775271887125695
61.0,-8.49637744717398,119.95017372875564,-0.21326700635487228,5.2200802927416134,0.26528708059516565,-2.9597873881356596,1.479678365407368,-0.31729363602006383
61.02,-8.392116869710271,119.95560226932231,-0.27246275411758525,5.2437351549171645,0.26720408742259466,-2.9529516790984154,1.494247352837668,-0.31683355921946404
61.04,-8.287243416691608,119.95505076970409,-0.33152178769955354,5.267591895888058,0.2691172342366691,-2.945981033766211,1.5088095616987411,-0.3163724899106877
61.06,-8.182096449920678,119.94848058916637,-0.39044140837487795,5.291649610429091,0.2710258438995131,-2.938876334183217,1.5233649259299442,-0.31591042953807347
61.08,-8.077016956160392,119.93587247415496,-0.44921893505854227,5.315907386727406,0.2729292472573291,-2.9316386046112286,1.5379133795016784,-0.3154473795490656
61.1,-7.972346417904326,119.91722657685315,-0.5078517071507669,5.340364306445056,0.2748267840628051,-2.92426901042878,1.552454856415713,-0.31498334139420664
61.120000000000005,-7.868425689586127,119.89256240609899,-0.5663370873593427,5.365019444781918,0.2767178038921997,-2.9167688566626664,1.5669892907054543,-0.31451831652713635
61.14,-7.7655938834246125,119.86191871149616,-0.6246724644925958,5.389871870538968,0.27860166705363,-2.9091395861505327,1.5815166164362395,-0.31405230640458504
61.160000000000004,-7.664187269011132,119.82535330182334,-0.6828552562156065,5.414920646181906,0.28047774548302473,-2.901382777334851,1.5960367677056884,-0.313585312486369
61.18,-7.564538190637005,119.78294279911032,-0.7408829117623035,5.4401648279051145,0.28234542362416193,-2.8935001416903687,1.6105496786439442,-0.31311733623538623
61.2,-7.466974006232377,119.73478233000205,-0.7987529145961108,5.465603465695968,0.28420409928918916,-2.8854935207888395,1.6250552834140015,-0.31264837911761284
61.22,-7.3718160516445534,119.68098515627312,-0.8564627850118876,5.491235603399457,0.28605318449602407,-2.8773648830066882,1.639553516211998,-0.3121784426020965
61.24,-7.2793786338248925,119.62168224658419,-0.9140100826720214,5.517060278783147,0.2878921062790558,-2.8691163198830614,1.6540443112675152,-0.311707528160954
61.26,-7.189968056319778,119.55702179178672,-0.9713924090696828,5.543076523602441,0.28972030746961563,-2.8607500421375476,1.6685276028438685,-0.31123563726936476
61.28,-7.103881680274246,119.48716866628325,-1.0286074099124338,5.569283363666163,0.29153724744275394,-2.8522683753586855,1.6830033252384309,-0.3107627714055671
61.300000000000004,-7.021407023957837,119.41230383813465,-1.0856527774196074,5.5956798189024415,0.29334240282695745,-2.843673755376165,1.6974714127829003,-0.3102889320508539
61.32,-6.9428209036124855,119.3326237307752,-1.1425262525271307,5.622264903424881,0.2951352681735586,-2.8349687233314063,1.7119317998435921,-0.3098141206895677
61.34,-6.868388618203178,119.2483395393475,-1.199225626993759,5.649037625599036,0.29691535658273327,-2.8261559204629103,1.72638442082179,-0.3093383388090953
61.36,-6.798363180425031,119.15967650480383,-1.2557487454030172,5.67599698810916,0.2986822002831495,-2.817238082624443,1.7408292101539842,-0.3088615878998639
61.38,-6.7329845960869426,119.06687314903706,-1.312093507055506,5.703141988025232,0.3004353511625222,-2.808218034555679,1.755266102312199,-0.30838386945533686
61.4,-6.672479193753343,118.97018047440318,-1.3682578677466195,5.7304716168702505,0.3021743812465388,-2.7990986839264265,1.769695031804278,-0.30790518497200786
61.42,-6.617059006283378,118.86986113107743,-1.424239841425148,5.757984860687798,0.30389888312385904,-2.7898830151769323,1.7841159331742098,-0.30742553594939653
61.44,-6.566921205662479,118.76618855574922,-1.4800375017286866,5.785680700109852,0.30560847031514216,-2.780574083178034,1.7985287410023618,-0.30694492389004496
61.46,-6.522247592276126,118.65944608520473,-1.5356489833922473,5.813558110424851,0.3073027775843302,-2.771175006736053,1.8129333899058577,-0.3064633502995112
61.480000000000004,-6.483204139531026,118.5499260483733,-1.5910724835269683,5.841616061646002,0.3089814611907052,-2.7616889619683196,1.8273298145388168,-0.3059808166863652
61.5,-6.449940594486352,118.43792884042281,-1.6463062627663347,5.869853518579822,0.31064419908053936,-2.7521191755760555,1.8417179495926492,-0.3054973245621858
61.52,-6.422590134918247,118.32376198248184,-1.7013486462778558,5.898269440894909,0.3122906910174789,-2.7424689180420145,1.8560977297964059,-0.30501287544155226
61.54,-6.401269083005789,118.20773917054169,-1.7561980246386961,5.9268627831909395,0.31392065865112345,-2.7327414967807977,1.870469089917015,-0.30452747084204346
61.56,-6.386076675597246,118.09017931705256,-1.810852854574312,5.955632495067873,0.31553384552360164,-2.722940249270082,1.8848319647596083,-0.30404111228423036
61.58,-6.377094890792598,117.97140558867231,-1.8653116595597137,5.984577521195375,0.31713001701428195,-2.713068536191148,1.8991862891677982,-0.30355380129167336
61.6,-6.37438833036323,117.85174444355754,-1.9195730302835365,6.013696801382428,0.31870896022309964,-2.7031297346070655,1.9135319980240284,-0.30306553939091446
61.620000000000005,-6.378004157323034,117.73152467150405,-1.973635624975678,6.0429892706471575,0.3202704837933231,-2.693127231206656,1.9278690262497717,-0.30257632811147706
61.64,-6.387972087767998,117.61107644014858,-2.027498169599811,6.072453859286822,0.32181441767492314,-2.6830644156419536,1.9421973088059048,-0.3020861689858568
61.660000000000004,-6.404304435914146,117.49073035033686,-2.08115945791265,6.102089492948004,0.3233406128300387,-2.6729446739862643,1.9565167806929957,-0.30159506354951865
61.68,-6.42699621108735,117.3708165036459,-2.1346183513923753,6.131895092696967,0.32484894088236094,-2.662771382339165,1.9708273769515405,-0.3011030133408929
61.7,-6.456025265253342,117.2516635849214,-2.1878737790391587,6.161869575090178,0.3263392937125669,-2.65254790060379,1.9851290326623408,-0.30061001990136854
61.72,-6.491352489522892,117.13359796255581,-2.2409247370512344,6.192011852244999,0.32781158300223434,-2.6422775664606393,1.9994216829467324,-0.3001160847752894
61.74,-6.532922057925736,117.0169428090894,-2.2937702883804474,6.222320831910519,0.32926573972895135,-2.631963689560827,2.0137052629669094,-0.29962120950994986
61.76,-6.58066171661788,116.9020172445676,-2.346409562171664,6.2527954175385485,0.3307017136155964,-2.621609545960231,2.0279797079262067,-0.2991253956555888
61.78,-6.6344831165703955,116.78913550493274,-2.3988417530908683,6.283434508354742,0.3321194725370059,-2.6112183728144154,2.042244953069425,-0.29862864476538514
61.800000000000004,-6.694282187683991,116.67860613756922,-2.4510661205471567,6.314236999429861,0.3335190018874636,-2.6007933633524414,2.0565009336830613,-0.2981309583954537
61.82,-6.759939552182353,116.57073122595835,-2.5030819878142054,6.34520178175116,0.3349003039126388,-2.590337662145859,2.070747585095661,-0.29763233810483986
61.84,-6.831320975058557,116.46580564523431,-2.554888741057123,6.376327742293895,0.3362633970097655,-2.5798543606871944,2.084984842678108,-0.2971327854555137
61.86,-6.90827784928254,116.36411635026579,-2.6064858282708667,6.40761376409294,0.33760831499998917,-2.5693464932902286,2.0992126418438573,-0.29663230201236696
61.88,-6.990647713423487,116.2659416977211,-2.6578727581366715,6.439058726314516,0.3389351063769176,-2.5588170333222426,2.113430918049316,-0.29613088934320664
61.9,-7.078254799298766,116.1715508034075,-2.709049098803116,6.4706615043280165,0.34024383353548626,-2.5482688897762547,2.1276396067940655,-0.2956285490187504
61.92,-7.170910607230423,116.08120293600986,-2.7600144765986414,6.502420969777921,0.34153457198529497,-2.5377049041890762,2.141838643621187,-0.29512528261262283
61.940000000000005,-7.2684145064707515,115.99514694819017,-2.810768574682423,6.534335990655803,0.34280740955258737,-2.5271278479088184,2.156027964117548,-0.29462109170134826
61.96,-7.370554358349795,115.91362074584781,-2.8613111316405995,6.566405431372411,0.34406244557502697,-2.5165404197132646,2.170207503914092,-0.29411597786434834
61.980000000000004,-7.477107159699209,115.83685079618299,-2.9116419400348645,6.5986281528298205,0.34529979009337647,-2.5059452437783643,2.1843771986861324,-0.2936099426839348
62.0,-7.587839704118237,115.76505167505131,-2.961760844910432,6.631003012493658,0.34651956304411,-2.495344867993953,2.198536984153639,-0.2931029877453068
62.02,-7.702509258668227,115.69842565394806,-3.0116677422703106,6.663528864465377,0.34772189345688037,-2.484741762621734,2.212686796081552,-0.2925951146365429
62.04,-7.820864253611315,115.63716232681577,-3.061362577522745,6.696204559554589,0.3489069186606298,-2.4741383192885538,2.2268265702800374,-0.2920863249485998
62.06,-7.942644982846361,115.5814382767295,-3.110845343908516,6.729028945351441,0.3500747835019725,-2.463536850306098,2.240956242604804,-0.29157662027530423
62.08,-8.067584312740093,115.53141678238029,3.123069226264948,6.762000866299027,0.3512256395792916,-2.452939588306328,2.255075748957386,-0.2910660022133499
62.1,-8.195408397103256,115.48724756414974,3.074010434498822,6.795119163765836,0.3523596444957857,-2.4423486861803085,2.269185025285436,-0.2905544723622911
62.120000000000005,-8.325837396119717,115.4490665694473,3.0251634607752163,6.828382676118226,0.3534769611344739,-2.431766217306533,2.2832840075830143,-0.29004203232453923
62.14,-8.458586197100379,115.41699579686691,2.976528136429085,6.861790238792908,0.35457775695792043,-2.4211941760534432,2.2973726318908785,-0.289528683705356
62.160000000000004,-8.593365135002745,115.39114315861181,2.9281042529080157,6.8953406843694545,0.35566220333518156,-2.4106344785396203,2.3114508342967754,-0.2890144281128503
62.18,-8.729880710730583,115.3716023805344,2.879891563337223,6.929032842642802,0.35673047489820187,-2.400088963634021,2.3255185509357243,-0.28849926715797136
62.2,-8.867836305305701,115.35845293904445,2.8318897840645425,6.962865540695759,0.35778274892960454,-2.389559394177745,2.339575717990331,-0.2879832024545049
62.22,-9.006932888084831,115.35176003405063,2.7840985961809874,6.996837602971504,0.358819204783529,-2.3790474584080745,2.35362227169104,-0.2874662356190675
62.24,-9.146869717278546,115.35157459702025,2.7365176470128265,7.0309478513460695,0.35984002334087395,-2.368554771564969,2.367658148316449,-0.2869483682711022
62.26,-9.287345031115395,115.35793333316832,2.689146551581527,7.065195105200805,0.36084538650000686,-2.35808287765982,2.381683284193591,-0.28642960203287243
62.28,-9.42805672808263,115.37085879671989,2.6419848940283313,7.09957818149481,0.3618354767037054,-2.3476332513860703,2.3956976156982255,-0.28590993852945806
62.300000000000004,-9.568703034764514,115.39035949812967,2.5950322290006103,7.13409589483734,0.3628104765028038,-2.3372073001512614,2.4097010792551243,-0.2853893793887489
62.32,-9.708983159889739,115.41643004208933,2.548288082997585,7.1687470575601635,0.36377056815673114,-2.326806366210222,2.4236936113383494,-0.2848679262414415
62.34,-9.848597933290659,115.44905129510538,2.501751955673381,7.20353047978988,0.3647159332708526,-2.3164317288794045,2.4376751484715986,-0.2843455807210318
62.36,-9.987250428568334,115.48819058138992,2.455423321095793,7.238444969520175,0.3656467524702573,-2.30608460681284,2.4516456272283684,-0.2838223444638122
62.38,-10.124646568348457,115.53380190577137,2.409301628959536,7.273489332684029,0.3665632051093849,-2.2957661603207784,2.4656049842324004,-0.2832982191088649
62.4,-10.260495711103822,115.58582620230341,2.363386305753121,7.308662373225851,0.3674654690166453,-2.28547749371282,2.4795531561578437,-0.2827732062980568
62.42,-10.394511218608695,115.64419160722682,2.317676755878864,7.343962893173536,0.3683537202729646,-2.2752196576482193,2.4934900797295994,-0.282247307676036
62.440000000000005,-10.526411003178966,115.7088137549208,2.2721723627259003,7.379389692710459,0.36922813302298957,-2.264993651477001,2.5074156917235966,-0.28172052489022437
62.46,-10.655918053939153,115.77959609546778,2.22687248969636,7.414941570247367,0.3700888793174992,-2.254800425556616,2.5213299289670776,-0.28119285959081436
62.480000000000004,-10.782760941442813,115.85643023244725,2.181776481185228,7.450617322494193,0.37093612898541123,-2.2446408835300216,2.535232728338887,-0.2806643134307622
62.5,-10.906674300056519,115.93919627957136,2.1368836635146273,7.486415744531766,0.3717700495336309,-2.2345158845522946,2.5491240267697495,-0.2801348880657845
62.52,-11.027399287599204,116.02776323477573,2.0921933458235813,7.522335629883419,0.3725908060728718,-2.224426245454188,2.5630037612425878,-0.27960458515435027
62.54,-11.144684021807976,116.12198937038443,2.0477048209144977,7.558375770586488,0.3733985612674825,-2.214372742832353,2.5768718687927414,-0.2790734063576801
62.56,-11.25828399327851,116.22172263797702,2.0034173660578505,7.5945349572636935,0.37419347530724045,-2.2043561150573234,2.5907282865083374,-0.2785413533397357
62.58,-11.367962454602615,116.32680108659869,1.9593302437567042,7.630811979194406,0.37497570589902374,-2.1943770641917055,2.604572951530509,-0.27800842776721923
62.6,-11.473490785497395,116.43705329297038,1.9154427024728697,7.667205624385775,0.37574540827624214,-2.184436257812406,2.61840580105371,-0.2774746313095651
62.620000000000005,-11.574648833789634,116.55229880237545,1.8717539773166214,7.703714679643731,0.3765027352239025,-2.1745343307320684,2.6322267723259953,-0.27693996563893697
62.64,-11.67122523218535,116.67234857892173,1.8282632907019796,7.740337930643845,0.37724783711719573,-2.1646718866162153,2.646035802649304,-0.27640443243021995
62.660000000000004,-11.763017690818016,116.79700546390262,1.7849698529696552,7.777074162002041,0.3779808619715264,-2.154849499493876,2.659832829379747,-0.27586803336101823
62.68,-11.84983326562958,116.92606464100864,1.7418728629797773,7.8139221573451625,0.37870195550195584,-2.1450677151607196,2.6736177899278797,-0.2753307701116473
62.7,-11.931488602696088,117.0593141071704,1.6989715086765624,7.850880699381374,0.37941126119009877,-2.135327052474868,2.68739062175902,-0.27479264436512996
62.72,-12.007810158664498,117.1965351478457,1.6562649676270649,7.887948569970406,0.38010892035659694,-2.125628004546681,2.7011512623934673,-0.2742536578071916
62.74,-12.078634397519066,117.3375028155972,1.613752407536131,7.925124550193623,0.3807950722373904,-2.115971039824807,2.714899649406865,-0.2737138121262534
62.76,-12.143807963944518,117.48198641084198,1.5714329867396346,7.962407420423931,0.3814698540621181,-2.1063566030817467,2.728635720430421,-0.2731731090134277
62.78,-12.203187833599117,117.62974996369122,1.5293058546779994,7.999795960395484,0.3821334011330993,-2.096785116302997,2.742359413151221,-0.2726315501625137
62.800000000000004,-12.256641440653706,117.78055271583602,1.4873701523519394,8.037288949273224,0.3827858469034779,-2.0872569794846085,2.7560706653125018,-0.2720891372699903
62.82,-12.304046782992891,117.93414960147405,1.445625012762247,8.074885165722215,0.38342732305324745,-2.077772571344623,2.76976941471394,-0.2715458720350127
62.84,-12.345292505511722,118.09029172631185,1.4040695613353549,8.11258338797679,0.3840579595620179,-2.0683322499544055,2.7834555992119263,-0.271001756159405
62.86,-12.380277961975603,118.2487268437179,1.362702916336267,8.150382393909489,0.3846778847775293,-2.058936353296331,2.797129156719848,-0.2704567913476573
62.88,-12.408913255942826,118.40919982714281,1.32152418927034,8.188280961099789,0.38528722547906663,-2.0495851997546186,2.810790025208396,-0.2699109793069179
62.9,-12.431119261277969,118.57145313796421,1.2805324852752475,8.226277866902622,0.3858861069350758,-2.0402790885463498,2.8244381427057856,-0.26936432174699004
62.92,-12.446827622810668,118.73522728795626,1.2397269035043204,8.264371888516674,0.3864746529544272,-2.0310183000998494,2.8380734472981137,-0.2688168203803249
62.940000000000005,-12.455980737717896,118.90026129562496,1.199106537502323,8.302561803052459,0.38705298593091714,-2.0218030963876474,2.8516958771295813,-0.2682684769220171
62.96,-12.458531718229027,119.06629313569296,1.1586704755745707,8.340846387600163,0.3876212268807338,-2.012633721221208,2.8653053704028,-0.26771929308979986
62.980000000000004,-12.454444336271592,119.23306018105913,1.1184178011501462,8.379224419297246,0.38817949547274794,-2.0035104005144686,2.878901865379069,-0.2671692706040379
63.0,-12.443692950691945,119.40029963659978,1.0783475931398572,8.417694675395824,0.388727910051614,-1.9944333425230352,2.89248530037865,-0.2666184111877241
63.02,-12.426262417699006,119.56774896421997,1.0384589262893966,8.456255933329777,0.38926658765378375,-1.985402738065595,2.9060556137810543,-0.26606671656647213
63.04,-12.402147985191046,119.73514629860405,0.9987508715280846,8.49490697078163,0.3897956440166436,-1.9764187607337633,2.9196127440253052,-0.26551418846851327
63.06,-12.371355171635072,119.90223085315502,0.9592224963134095,8.533646565749166,0.3903151935810842,-1.9674815670961818,2.9331566296102762,-0.2649608286246876
63.08,-12.333899630175921,120.06874331565217,0.9198728649714862,8.572473496611781,0.3908253494878995,-1.958591296902224,2.946687209094846,-0.2644066387684438
63.1,-12.289806998657827,120.23442623319553,0.8807010390334415,8.611386542196577,0.3913262235684892,-1.9497480732901822,2.9602044210983336,-0.26385162063582746
63.120000000000005,-12.239112736244877,120.39902438604419,0.8417060775676379,8.650384481844176,0.3918179263304036,-1.9409520030042737,2.9737082043006553,-0.2632957759654811
63.14,-12.181861947328734,120.5622851499928,0.8028870375075523,8.689466095474268,0.3923005669383245,-1.9322031766242576,2.9871984974426553,-0.262739106498635
63.160000000000004,-12.118109193412208,120.72395884696788,0.7642429739750671,8.728630163650868,0.3927742531911183,-1.923501668810878,3.0006752393263776,-0.2621816139791045
63.18,-12.047918293655867,120.88379908356053,0.7257729405988496,8.7678754676473,0.3932390914956282,-1.9148475385697834,3.0141383688153383,-0.2616233001532819
63.2,-11.971362114771944,121.04156307724796,0.6874759898274538,8.80720078951088,0.3936951868378924,-1.9062408295359814,3.0275878248348067,-0.26106416677013344
63.22,-11.888522350945431,121.19701197008904,0.6493511732367341,8.84660491212731,0.39414264275248473,-1.8976815702803222,3.0410235463720747,-0.26050421558119197
63.24,-11.799489294456539,121.34991112971274,0.6113975418311277,8.88608661928477,0.3945815612906716,-1.8891697746389486,3.054445472476758,-0.25994344834055233
63.26,-11.704361597671705,121.50003043744934,0.5736141463383486,8.925644695737713,0.39501204298806925,-1.8807054420661002,3.0678535422610356,-0.2593818668048656
63.28,-11.60324602706219,121.64714456348531,0.5360000374970264,8.96527792727034,0.3954341868324633,-1.8722885580101634,3.0812476948999517,-0.25881947273333433
63.300000000000004,-11.496257209899996,121.79103322895197,0.4985542663368232,9.00498510075977,0.39584809023242573,-1.8639190943123582,3.094627869631686,-0.2582562678877055
63.32,-11.38351737427063,121.93148145488647,0.461275884450576,9.044765004238894,0.3962538489873256,-1.855597009627025,3.107994005757826,-0.25769225403226687
63.34,-11.265156083030961,122.06827979803067,0.4241639442580354,9.084616426958899,0.396651557259288,-1.8473222498620494,3.1213460426436455,-0.2571274329338395
63.36,-11.14130996232841,122.20122457345975,0.3872174992607942,9.124538159451477,0.3970413075476073,-1.8390947486376212,3.134683919718379,-0.2565618063617742
63.38,-11.012122425284838,122.33011806405673,0.3504356042880419,9.164528993590691,0.3974231906660639,-1.8309144277611866,3.1480075764754964,-0.25599537608794404
63.4,-10.877743391434965,122.45476871687329,0.3138173157328179,9.20458772265452,0.3977972957235396,-1.8227811977161992,3.161316952472971,-0.25542814388674073
63.42,-10.738329002495002,122.57499132643927,0.277361691778494,9.244713141386052,0.39816371010826257,-1.8146949581620433,3.1746119873335767,-0.25486011153506727
63.440000000000005,-10.594041335022396,122.69060720510508,0.24106779261525313,9.284904046054349,0.3985225194759519,-1.8066555984423398,3.187892620745134,-0.2542912808123332
63.46,-10.44504811051241,122.8014443405208,0.20493468064640652,9.325159234514949,0.3988738077420672,-1.7986629980987234,3.201158792460779,-0.25372165350045
63.480000000000004,-10.291522403461542,122.90733754037551,0.1689614206844321,9.365477506270029,0.3992176570783045,-1.790717027387099,3.214410442299285,-0.25315123138382317
63.5,-10.133642347911838,123.0081285645377,0.1331470801366903,9.405857662528208,0.3995541479134163,-1.7828175477933728,3.227647510145281,-0.25258001624934934
63.52,-9.971590842973717,123.10366624475492,0.09749072918082291,9.446298506263991,0.3998833589383732,-1.7749644125456603,3.240869935949551,-0.2520080098864081
63.54,-9.80555525780841,123.19380659208629,0.061991440929909825,9.486798842276862,0.40020536711582194,-1.7671574671200496,3.2540776597292984,-0.25143521408685904
63.56,-9.635727136534289,123.27841289225633,0.026648291587509032,9.527357477249986,0.40052024769374256,-1.7593965497370878,3.2672706215684415,-0.25086163064503253
63.58,-9.462301903504393,123.35735578913217,-0.00853963940723279,9.567973219808563,0.40082807422315037,-1.751681491846314,3.2804487616178273,-0.2502872613577294
63.6,-9.285478569385441,123.43051335653892,-0.043573269244159274,9.608644880577806,0.40112891857964333,-1.7440121185963164,3.2936120200955807,-0.24971210802420904
63.620000000000005,-9.10545943845149,123.49777115863954,-0.0784535116160856,9.649371272240531,0.40142285098854913,-1.7363882492880185,3.3067603372873187,-0.24913617244618888
63.64,-8.922449817488255,123.55902229911642,-0.11318127660184585,9.69015120959437,0.4017099400533888,-1.728809697809098,3.319893653546421,-0.24855945642783672
63.660000000000004,-8.736657726687017,123.61416745940157,-0.14775747055802801,9.73098350960861,0.40199025278733996,-1.72127627304772,3.3330119092943526,-0.24798196177576431
63.68,-8.548293612889962,123.66311492621108,-0.18218299601898247,9.771866991480625,0.4022638546473552,-1.7137877792840068,3.346115045020878,-0.2474036902990227
63.7,-8.357570065531865,123.70578060864784,-0.21645875160466277,9.81280047669194,0.4025308095705681,-1.7063440165579644,3.359203001284356,-0.24682464380909733
63.72,-8.164701535606145,123.74208804514343,-0.25058563193582195,9.853782789063883,0.40279118001260517,-1.6989447810128537,3.3722757187120043,-0.24624482411990037
63.74,-7.969904057966665,123.77196840051647,-0.28456452755607886,9.894812754812843,0.40304502698740946,-1.6915898652132997,3.385333138000189,-0.24566423304776633
63.76,-7.773394977260113,123.79536045343046,-0.31839632486034475,9.93588920260513,0.4032924101081778,-1.6842790584377096,3.3983751999146397,-0.24508287241144677
63.78,-7.57539267776749,123.81221057453878,-0.35208190602909895,9.977010963611434,0.40353338762901464,-1.6770121469448585,3.411401845290791,-0.24450074403210328
63.800000000000004,-7.376116317417145,123.82247269560882,-0.3856221489679963,10.018176871560867,0.4037680164869113,-1.6697889142147764,3.4244130150339966,-0.24391784973330216
63.82,-7.175785566215961,123.8261082699204,-0.41901792725229203,10.059385762794607,0.4039963523436693,-1.6626091411643427,3.437408650119795,-0.243334191341011
63.84,-6.974620349329697,123.82308622423662,-0.4522701100755788,10.100636476319117,0.4042184496274048,-1.6554726063382263,3.4503886915942434,-0.24274977068358813
63.86,-6.77284059502822,123.81338290264726,-0.48537956220234335,10.14192785385896,0.40443436157328705,-1.64837908607606,3.4633530805741013,-0.24216458959178197
63.88,-6.570665987696314,123.79698200258646,-0.5183471439238643,10.18325873990918,0.40464414026319206,-1.641328354656942,3.476301758247147,-0.24157864989872171
63.9,-6.36831572609612,123.77387450332718,-0.551173711017003,10.224627981787279,0.40484783666397495,-1.6343201844225408,3.4892346658724254,-0.24099195343991434
63.92,-6.166008287052827,123.7440585872556,-0.5838601147054536,10.266034429684757,0.40504550066409795,-1.6273543458802602,3.5021517447805426,-0.24040450205323513
63.940000000000005,-5.963961194721236,123.70753955422823,-0.6164072016230588,10.307476936718228,0.40523718110838053,-1.62043060778805,3.5150529363738805,-0.23981629757892722
63.96,-5.762390795577089,123.66432972931403,-0.6488158137788198,10.348954358980107,0.4054229258306734,-1.6135487372225674,3.5279381821269062,-0.23922734185959071
63.980000000000004,-5.561512039263746,123.61444836422264,-0.6810867885232712,10.390465555588868,0.4056027816842924,-1.6067084996324832,3.5408074235864424,-0.2386376367401794
64.0,-5.361538265411742,123.55792153271844,-0.7132209585159206,10.432009388738862,0.4057767945700841,-1.5999096588787862,3.553660602371877,-0.23804718406799555
64.02,-5.162680996536194,123.49478202031798,-0.7452191516934965,10.473584723749697,0.4059450094620313,-1.5931519772639782,3.566497660175496,-0.23745598569268223
64.04,-4.965149737104703,123.42506920856611,-0.777082191238776,10.515190429115188,0.4061074704303421,-1.5864352155520567,3.5793185387627178,-0.23686404346621856
64.06,-4.769151778856548,123.3488289541834,-0.8088108955498172,10.556825376551851,0.4062642206620003,-1.5797591329811738,3.592123179972331,-0.2362713592429144
64.08,-4.574892012442432,123.26611346337437,-0.8404060782094405,10.598488441046966,0.40641530247878993,-1.573123487270809,3.6049115257168003,-0.23567793487940428
64.1,-4.382572745442905,123.17698116158252,-0.8718685479548567,10.640178500906185,0.4065607573528382,-1.5665280346252493,3.617683517982522,-0.23508377223463947
64.12,-4.192393526812831,123.08149655897466,-0.9031991086473616,10.681894437800697,0.40670062591975054,-1.5599725297350688,3.630439098830072,-0.2344888731698858
64.14,-4.004550977788869,122.97973011193291,-0.9343985592420632,10.723635136813936,0.4068349479894406,-1.5534567257782195,3.643178210394457,-0.23389323954871571
64.16,-3.81923862928696,122.8717580808284,-0.9654676937576276,10.765399486487846,0.406963762554782,-1.5469803744222077,3.655900794885429,-0.23329687323700202
64.18,-3.6366467658071455,122.75766238434657,-0.9964073012460717,10.80718637886868,0.40708710779823226,-1.5405432258287177,3.668606794587697,-0.23269977610291256
64.2,-3.456962275853832,122.63753045062872,-1.0272181657626458,10.848994709552354,0.4072050210965972,-1.5341450286618925,3.6812961518611913,-0.23210195001690662
64.22,-3.2803685088707097,122.51145506549004,-1.0579010663358837,10.89082337772933,0.40731753902412215,-1.5277855301013252,3.693968809141371,-0.23150339685172389
64.24,-3.107045138681048,122.37953421796895,-1.0884567769379103,10.93267128622905,0.40742469735410775,-1.5214644758606672,3.7066247089394264,-0.2309041184823845
64.26,-2.937168033415935,122.24187094345737,-1.118886066455124,10.974537341563908,0.40752653105925835,-1.5151816102125868,3.719263793842596,-0.23030411678617763
64.28,-2.7709091319052748,122.09857316465616,-1.1491896986593757,11.016420453972746,0.40762307431097844,-1.508936676020646,3.7318860065143635,-0.2297033936426613
64.3,-2.6084363264989223,121.94975353059439,-1.1793684321797886,11.058319537463898,0.40771436047783355,-1.502729414778506,3.7444912896947704,-0.22910195093365143
64.32000000000001,-2.449913352278306,121.79552925394539,-1.2094230204753587,11.100233509857762,0.4078004221233945,-1.4965595666566975,3.757079586200673,-0.22849979054321837
64.34,-2.2954996826121516,121.63602194686672,-1.2393542118084926,11.142161292828908,0.4078812910036792,-1.490426870557041,3.7696508389259495,-0.22789691435768156
64.36,-2.145350431003585,121.47135745558556,-1.2691627492196333,11.184101811947702,0.4079569980644008,-1.4843310641746497,3.7822049908418345,-0.22729332426560186
64.38,-1.9996162591698543,121.30166569394466,-1.2988493705031263,11.226053996721484,0.40802757343822316,-1.4782718840673033,3.7947419849971107,-0.22668902215777675
64.4,-1.858443291290232,121.12708047611837,-1.3284148081844724,11.268016780635248,0.40809304644221267,-1.4722490657318457,3.807261764518424,-0.22608400992723388
64.42,-1.7219730343522839,120.9477393487021,-1.3578597894991093,11.309989101191867,0.40815344557566274,-1.4662623436871405,3.8197642726104823,-0.225478289469226
64.44,-1.59034230452166,120.76378342237234,-1.3871850363728522,11.351969899951829,0.4082087985184529,-1.4603114515630065,3.8322494525563595,-0.22487186268122478
64.46000000000001,-1.4636831594558206,120.57535720330834,-1.4163912654041122,11.393958122572512,0.408259132130086,-1.4543961221944628,3.8447172477177527,-0.2242647314629124
64.48,-1.3421228364776912,120.38260842456063,-1.4454791878480016,11.435952718846966,0.4083044724495317,-1.4485160877205279,3.857167601535195,-0.22365689771618075
64.5,-1.225783696521104,120.18568787754508,-1.4744495096024122,11.477952642742231,0.4083448446959821,-1.4426710796867515,3.869600457528353,-0.22304836334512032
64.52,-1.1147831737560487,119.98474924383528,-1.5033029311961472,11.519956852437165,0.4083802732706087,-1.4368608291506115,3.8820157592962863,-0.22243913025601678
64.54,-1.009233730798192,119.77994892742004,-1.5320401477791594,11.561964310359798,0.4084107817593883,-1.4310850667888613,3.894413450517673,-0.22182920035734496
64.56,-0.9092428194038393,119.57144588758634,-1.5606618491149367,11.603973983224206,0.4084363929370436,-1.425343523005906,3.90679347495107,-0.22121857555976274
64.58,-0.8149128465484956,119.35940147258259,-1.5891687195750548,11.645984842066898,0.4084571287721283,-1.4196359280422657,3.9191557764352045,-0.22060725777610415
64.6,-0.726341145784412,119.14397925421054,-1.6175614381359,11.687995862282722,0.40847301043326173,-1.413962012082204,3.9315002988891763,-0.21999524892137423
64.62,-0.6436199537699937,118.92534486348845,-1.645840678377544,11.730006023660296,0.4084840582965029,-1.4083215053596125,3.943826986312777,-0.21938255091274278
64.64,-0.5668363918616665,118.70366582752249,-1.6740071084847363,11.772014310416939,0.4084902919538343,-1.4027141382612809,3.9561357827866557,-0.2187691656695392
64.66,-0.49607245265675703,118.4791114077169,-1.702061391249962,11.814019711233133,0.4084917302227081,-1.3971396414267272,3.968426632472664,-0.21815509511324485
64.68,-0.43140499137412136,118.2518524394485,-1.7300041840784965,11.856021219286493,0.4084883911565939,-1.3915977458438213,3.9806994796140516,-0.21754034116748752
64.7,-0.3729057219576502,118.02206117332462,-1.757836138995373,11.898017832285253,0.4084802920564503,-1.3860881829394938,3.9929542685357213,-0.216924905758038
64.72,-0.32064121778638477,117.7899111181386,-1.7855579026541628,11.940008552501265,0.408467449483033,-1.3806106846649047,4.005190943644527,-0.2163087908127987
64.74,-0.27467291687377415,117.5555768856312,-1.813170116347461,11.981992386802508,0.40844987926993914,-1.3751649835745208,4.0174094494294685,-0.21569199826180357
64.76,-0.23505713143760198,117.31923403716057,-1.8406734160189513,12.023968346685125,0.40842759653728017,-1.3697508128986389,4.0296097304619956,-0.21507453003720636
64.78,-0.20184506172128255,117.08105893237885,-1.868068432276924,12.065935448304954,0.40840061570586755,-1.3643679066089818,4.041791731396203,-0.21445638807328055
64.8,-0.17508281394658004,116.84122858000735,-1.8953557904091036,12.107892712508583,0.4083689505117915,-1.3590159994770818,4.053955396969127,-0.21383757430640804
64.82000000000001,-0.1548114222773228,116.59992049079769,-1.9225361103986454,12.14983916486392,0.40833261402126886,-1.3536948271252656,4.066100672000998,-0.21321809067507544
64.84,-0.14106687467336537,116.35731253276099,-1.9496100069411506,12.191773835690265,0.4082916186456355,-1.3484041260701412,4.078227501395441,-0.21259793911986843
64.86,-0.13388014251388303,116.11358278874243,-1.9765780894625535,12.233695760087906,0.4082459761563593,-1.3431436337585805,4.090335830139776,-0.21197712158346535
64.88,-0.13327721386906574,115.8689094164135,-2.003440962137725,12.27560397796722,0.4081956976999511,-1.3379130885962816,4.10242560330526,-0.21135564001062893
64.9,-0.13927913029939473,115.6234705107494,-2.0301992239096505,12.317497534077294,0.4081407938126564,-1.332712229969072,4.114496766047315,-0.2107334963482038
64.92,-0.15190202706194006,115.37744396905492,-2.056853468509032,12.359375478034044,0.40808127443481446,-1.3275407982572016,4.126549263605774,-0.21011069254510847
64.94,-0.17115717660349286,115.131007358597,-2.083404284474176,12.40123686434787,0.40801714892478,-1.3223985348429381,4.13858304130517,-0.20948723055232898
64.96000000000001,-0.19705103522084724,114.88433778689813,-2.1098522551710346,12.443080752450804,0.407948426072309,-1.3172851821118468,4.150598044554953,-0.20886311232291205
64.98,-0.22958529276915665,114.63761177474036,-2.1361979588132716,12.48490620672318,0.4078751141113206,-1.3122004834482037,4.162594218849723,-0.20823833981196294
65.0,-0.2687569253000117,114.39100513192548,-2.1624419684822356,12.526712296519813,0.40779722073195684,-1.3071441832250241,4.174571509769507,-0.20761291497663414
65.02,-0.3145582505117077,114.14469283583269,-2.188584852146736,12.568498096195702,0.4077147530918727,-1.3021160267892453,4.1865298629800085,-0.20698683977612242
65.04,-0.366976985895089,113.89884891281147,-2.214627172682521,12.61026268513124,0.4076277178267003,-1.2971157604426302,4.198469224232829,-0.2063601161716612
65.06,-0.42599630945936895,113.6536463224431,-2.2405694878913733,12.652005147756933,0.4075361210596428,-1.2921431314189848,4.2103895393657105,-0.2057327461265172
65.08,-0.49159492292341866,113.40925684470065,-2.266412350519753,12.69372457357765,0.4074399684101662,-1.2871978878582913,4.222290754302829,-0.20510473160597908
65.1,-0.5637471172591962,113.16585097003386,-2.292156308276919,12.735420057196377,0.40733926500176804,-1.282279778778377,4.234172815054981,-0.20447607457735692
65.12,-0.6424228404752402,112.92359779240118,-2.3178019038524864,12.777090698337489,0.4072340154688152,-1.2773885540447303,4.246035667719879,-0.20384677700997192
65.14,-0.7275877675294771,112.68266490526862,-2.343349674933381,12.818735601869541,0.4071242239624534,-1.272523964339062,4.257879258482344,-0.2032168408751527
65.16,-0.8192033722619809,112.44321830059093,-2.368800154220162,12.860353877827585,0.4070098941556027,-1.2676857611272017,4.269703533614591,-0.20258626814622868
65.18,-0.9172270012397802,112.20542227078792,-2.394153869442706,12.901944641434989,0.406891029247064,-1.2628736966268885,4.281508439476474,-0.20195506079852119
65.2,-1.0216119494073135,111.96943931372552,-2.419411343375244,12.943507013124785,0.4067676319647707,-1.2580875237759832,4.293293922515686,-0.20132322080934267
65.22,-1.1323075374377054,111.73543004070791,-2.4445730938507637,12.985040118560544,0.40663970456822907,-1.2533269962015934,4.305059929268046,-0.20069075015798524
65.24,-1.2492591906816446,111.5035530874846,-2.4696396337747957,13.026543088656755,0.4065072488501987,-1.2485918681905632,4.316806406357728,-0.20005765082571755
65.26,-1.3724085196123068,111.27396502827297,-2.494611471138607,13.068015059598745,0.4063702661376719,-1.2438818946617247,4.328533300497508,-0.199423924795776
65.28,-1.5016934016664711,111.04682029279455,-2.5194891090318414,13.109455172862107,0.40622875729221625,-1.239196831140268,4.340240558488976,-0.19878957405336312
65.3,-1.6370480643837124,110.82227108632057,-2.5442730456546467,13.150862575231661,0.4060827227097493,-1.2345364337345224,4.3519281272228065,-0.1981546005856361
65.32000000000001,-1.7784031697473317,110.6004673127196,-2.568963774329337,13.192236418819938,0.40593216231981943,-1.2299004591153966,4.363595953679031,-0.19751900638170328
65.34,-1.925685899632493,110.381556500498,-2.593561783511645,13.233575861085185,0.4057770755844674,-1.2252886644986614,4.37524398492718,-0.19688279343261803
65.36,-2.078820042268864,110.16568373182137,-2.6180675568016185,13.27488006484891,0.4056174614967466,-1.2207008076302053,4.386872168126613,-0.19624596373137243
65.38,-2.2377260796269223,109.95299157450313,-2.642481572954223,13.316148198312941,0.4054533185789788,-1.21613664677434,4.398480450526751,-0.19560851927288855
65.4,-2.402321275638967,109.74362001694395,-2.6668043058897095,13.357379435076025,0.40528464488082244,-1.2115959407051715,4.410068779467266,-0.19497046205401627
65.42,-2.5725197651677703,109.53770640600425,-2.691036224703813,13.398572954149952,0.405111437977228,-1.2070784487010073,4.421637102378341,-0.19433179407352463
65.44,-2.7482326436377233,109.33538538778939,-2.715177793677833,13.439727939975219,0.4049336949663527,-1.2025839305417136,4.4331853667809415,-0.19369251733209528
65.46000000000001,-2.9293680572452536,109.13678885132585,-2.739229472288667,13.48084358243622,0.4047514124675033,-1.1981121465088942,4.444713520287015,-0.19305263383231655
65.48,-3.1158312936672283,108.94204587510468,-2.763191715218845,13.521919076875976,0.4045645866191703,-1.1936628573887207,4.456221510599728,-0.19241214557867975
65.5,-3.307524873188003,108.75128267646684,-2.787064972366619,13.562953624110397,0.40437321307721286,-1.1892358244771988,4.46770928551374,-0.19177105457756743
65.52,-3.5043486401677235,108.56462256380351,-2.8108496888561634,13.603946430442088,0.4041772870132476,-1.1848308095876259,4.479176792915397,-0.19112936283725315
65.54,-3.7061998547764374,108.38218589154287,-2.834546305047916,13.644896707673691,0.4039768031132873,-1.180447575059968,4.49062398078301,-0.19048707236788948
65.56,-3.9129732849205334,108.20409001789362,-2.8581552565491153,13.685803673120772,0.40377175557667,-1.176085883771856,4.5020507971870325,-0.18984418518150806
65.58,-4.12456129828996,108.03044926531366,-2.8816769742245523,13.726666549624241,0.4035621381153115,-1.1717454991508813,4.513457190290371,-0.18920070329200633
65.6,-4.340853954456636,107.86137488367184,-2.90511188420757,13.767484565562334,0.4033479439533066,-1.1674261851878638,4.524843108348552,-0.1885566287151472
65.62,-4.561739096956399,107.69697501606856,-2.9284604079113272,13.808256954862122,0.4031291658268975,-1.1631277064507501,4.536208499710012,-0.18791196346854863
65.64,-4.787102445288768,107.53735466728082,-2.9517229620403422,13.848982957010579,0.4029057959848212,-1.158849828098802,4.547553312816277,-0.18726670957168018
65.66,-5.016827686770718,107.38261567479545,-2.974899958602318,13.8896618170652,0.4026778261890385,-1.154592315896733,4.55887749620224,-0.18662086904585445
65.68,-5.25079656818259,107.2328566823937,-2.997991804920253,13.930292785664166,0.4024452477158433,-1.150354936228461,4.570180998496392,-0.18597444391422144
65.7,-5.488888987146133,107.08817311624951,-3.020998903644822,13.970875119036062,0.4022080513573407,-1.1461374561101558,4.581463768421016,-0.18532743620176428
65.72,-5.730983083176577,106.94865716350243,-3.0439216527670254,14.011408079009156,0.40196622742328,-1.1419396432022746,4.5927257547924585,-0.1846798479352893
65.74,-5.976955328352508,106.81439775326604,-3.066760445631071,14.051890933020228,0.4017197657432188,-1.137761265820298,4.603966906521362,-0.184031681143422
65.76,-6.2266806175491505,106.68548054003126,-3.089515670947477,14.092322954122965,0.4014686556689934,-1.1336020929439061,4.61518717261287,-0.18338293785659954
65.78,-6.4800323581825054,106.56198788942406,-3.1121877128063553,14.132703420995906,0.4012128860774617,-1.1294618942243526,4.626386502166865,-0.1827336201070673
65.8,-6.7368825594136155,106.44399886627556,-3.1347769506908425,14.173031617949963,0.40095244537348435,-1.1253404399898297,4.637564844378227,-0.18208372992886696
65.82000000000001,-6.997101920764004,106.33158922496285,3.1259015476889473,14.213306834935503,0.40068732149310454,-1.1212375012486444,4.648722148537038,-0.1814332693578356
65.84,-7.260559920095135,106.22483140197764,3.1034767976639746,14.253528367548986,0.40041750190688424,-1.1171528496900591,4.659858364028796,-0.1807822404315969
65.86,-7.527124900906453,106.12379451067977,3.0811337406701735,14.29369551703919,0.4001429736233529,-1.113086257682679,4.6709734403346985,-0.18013064518955446
65.88,-7.796664158908342,106.02854433819213,3.0588720155165205,14.333807590312992,0.3998637231925238,-1.1090374982703055,4.682067327031827,-0.17947848567288513
65.9,-8.069044027828003,105.9391433443931,3.0366912655511147,14.37386389994073,0.3995797367094316,-1.1050063451652108,4.693139973793389,-0.17882576392453484
65.92,-8.34412996440795,105.85565066296238,3.014591138647811,14.413863764161144,0.39929099981764477,-1.1009925727388135,4.70419133038893,-0.1781724819892106
65.94,-8.6217866325585,105.77812210443582,2.9925712871930346,14.453806506885885,0.39899749771270826,-1.096995956009771,4.715221346684604,-0.1775186419133735
65.96000000000001,-8.901877986627227,105.70661016122465,2.970631368072839,14.493691457703607,0.3986992151454717,-1.0930162706295368,4.726229972643363,-0.17686424574523274
65.98,-9.184267353749984,105.64116401455409,2.9487710426602476,14.533517951883649,0.398396136425261,-1.0890532928654588,4.737217158325179,-0.17620929553474182
66.0,-9.468817515249688,105.58182954327671,2.926989976802938,14.573285330379294,0.39808824542285365,-1.0851067995815151,4.7481828538873145,-0.1755537933335866
66.02,-9.75539078705057,105.5286493345152,2.905287840811308,14.612992939830615,0.39777552557322016,-1.0811765682168197,4.759127009584498,-0.17489774119518495
66.04,-10.043849099077198,105.48166269608949,2.8836643094469716,14.652640132566916,0.39745795987799815,-1.0772623767620402,4.770049575769194,-0.17424114117467462
66.06,-10.334054073608995,105.44090567068325,2.8621190619117307,14.692226266608756,0.39713553090766873,-1.0733640037338963,4.780950502891783,-0.17358399532891286
66.08,-10.625867102562538,105.40641105170434,2.840651781837053,14.731750705669578,0.39680822080340883,-1.0694812281479213,4.791829741500815,-0.17292630571646447
66.1,-10.919149423675298,105.37820840079426,2.8192621572740943,14.771212819156922,0.39647601127859733,-1.0656138294896798,4.802687242243255,-0.17226807439759834
66.12,-11.213762195565957,105.35632406694158,2.7979498806843006,14.810611982173253,0.3961388836199568,-1.0617615876846465,4.8135229558646575,-0.1716093034342796
66.14,-11.5095665716478,105.34078120715436,2.776714648930607,14.849947575516369,0.3957968186883178,-1.057924283066961,4.82433683320939,-0.17094999489016618
66.16,-11.80642377287307,105.33159980864679,2.7555561632692678,14.889218985679438,0.39544979691899595,-1.054101696347265,4.835128825220928,-0.17029015083059712
66.18,-12.104195159287487,105.32879671249529,2.7344741293423223,14.92842560485062,0.3950977983217779,-1.050293608579841,4.845898882942011,-0.1696297733225902
66.2,-12.402742300375495,105.33238563871991,2.7134682571707254,14.967566830912313,0.39474080248051463,-1.0464998011292668,4.856646957514862,-0.16896886443483475
66.22,-12.701927044178012,105.34237721274643,2.6925382611481403,15.006642067440001,0.394378788552327,-1.042720055636783,4.867373000181444,-0.1683074262376846
66.24,-13.001611585165794,105.35877899320535,2.6716838600354045,15.045650723700726,0.39401173526643013,-1.0389541539865796,4.878076962283675,-0.16764546080315104
66.26,-13.301658530852702,105.38159550102407,2.650904776955673,15.084592214651163,0.3936396209225887,-1.0352018782721815,4.888758795263635,-0.16698297020489666
66.28,-13.601930967134388,105.41082824976866,2.6302007393902294,15.12346596093533,0.39326242338921746,-1.031463010763114,4.89941845066377,-0.16631995651823148
66.3,-13.902292522339085,105.44647577719219,2.609571479174967,15.162271388881912,0.39288012010114487,-1.0277373338719993,4.910055880127171,-0.1656564218201008
66.32000000000001,-14.202607429978347,105.48853367794669,2.5890167324975266,15.20100793050121,0.3924926880570606,-1.0240246301222318,4.9206710353977305,-0.16499236818908442
66.34,-14.502740590186686,105.53699463741638,2.5685362398950815,15.23967502348172,0.3921001038166694,-1.020324682116357,4.931263868320384,-0.16432779770538736
66.36,-14.802557629840173,105.59184846662995,2.548129746252755,15.278272111186347,0.39170234349757627,-1.016637272505255,4.94183433084135,-0.16366271245083305
66.38,-15.101924961345123,105.65308213821025,2.52779700080265,15.316798642648237,0.39129938277192966,-1.0129621839582188,4.952382375008312,-0.16299711450885787
66.4,-15.400709840089025,105.72067982331997,2.507537757123486,15.355254072566268,0.3908911968628491,-1.0092991991339904,4.962907952970671,-0.16233100596450384
66.42,-15.698780420546917,105.7946229295625,2.487351773140806,15.393637861300155,0.39047776054066663,-1.005648100652804,4.973411016979721,-0.1616643889044132
66.44,-15.996005811037357,105.87489013979737,2.46723881112775,15.431949474865219,0.3900590481190089,-1.0020086710694553,4.983891519388903,-0.1609972654168215
66.46000000000001,-16.29225612712314,105.96145745183043,2.447198637706361,15.470188384926784,0.38963503345074957,-0.9983806928474052,4.994349412654017,-0.1603296375915483
66.48,-16.587402543652818,106.05429821893887,2.427231023849412,15.508354068794233,0.3892056899238587,-0.9947639483339057,5.004784649333402,-0.15966150751999683
66.5,-16.88131734544005,106.15338319119239,2.407335744882734,15.546446009414705,0.388770990457176,-0.9911582197361114,5.015197182088205,-0.15899287729513986
66.52,-17.173873976578566,106.25868055753148,2.3875125804880115,15.584463695366452,0.3883309074961341,-0.9875632890981306,5.025586963682547,-0.15832374901152005
66.54,-17.464947088391582,106.37015598856502,2.3677613147060494,15.622406620851851,0.3878854130084547,-0.9839789382789464,5.0359539469837795,-0.15765412476523716
66.56,-17.75441258601514,106.4877726800494,2.34808173594047,15.66027428569007,0.3874344784798411,-0.9804049489311327,5.046298084962653,-0.15698400665394802
66.58,-18.042147673615794,106.6114913970121,2.3284736369618475,15.6980661953094,0.3869780749096858,-0.9768411024802668,5.056619330693565,-0.15631339677685416
66.6,-18.328030898243824,106.74127051848306,2.308936814912242,15.735781860739253,0.386516172806812,-0.9732871801049383,5.066917637354774,-0.15564229723469827
66.62,-18.611942192323827,106.87706608279804,2.2894710713101425,15.773420798601828,0.386048742185264,-0.9697429627172389,5.077192958228588,-0.15497071012975633
66.64,-18.893762914785434,107.01883183343806,2.2700762120557982,15.810982531103441,0.3855757525601592,-0.9662082309436145,5.08744524670158,-0.1542986375658339
66.66,-19.173375890837473,107.16651926537038,2.250752047436926,15.848466586025538,0.3850971729436117,-0.9626827651059482,5.097674456264829,-0.15362608164825406
66.68,-19.45066545038965,107.32007767185625,2.2314983921348066,15.885872496715377,0.3846129718407356,-0.9591663452027507,5.107880540514103,-0.15295304448385624
66.7,-19.725517465126508,107.47945419169173,2.2123150652307517,15.923199802076399,0.38412311724573217,-0.9556587508903224,5.118063453150059,-0.15227952818098725
66.72,-19.997819384239016,107.64459385684829,2.1932018902129453,15.960448046558268,0.3836275766380627,-0.9521597614637544,5.128223147978499,-0.15160553484949404
66.74,-20.26746026881979,107.81543964048042,2.174158694983671,15.997616780146613,0.38312631697870714,-0.9486691558376433,5.13835957891053,-0.15093106660071826
66.76,-20.534330824928578,107.99193250526801,2.1551853118669175,16.034705558352446,0.38261930470650535,-0.9451867125263863,5.148472699962812,-0.15025612554748893
66.78,-20.79832343533515,108.17401145206206,2.1362815776163897,16.071713942201278,0.3821065057345747,-0.9417122096239448,5.1585624652577255,-0.14958071380411725
66.8,-21.05933218994735,108.36161356880257,2.117447333423911,16.10864149822193,0.3815878854467975,-0.9382454247829515,5.168628829023628,-0.1489048334863875
66.82000000000001,-21.3172529149326,108.55467407967818,2.098682424928252,16.14548779843505,0.3810634086943673,-0.9347861351930619,5.178671745595026,-0.14822848671155275
66.84,-21.571983200541602,108.7531263944978,2.0799867022243905,16.182252420341293,0.3805330397923837,-0.9313341175584463,5.188691169412776,-0.14755167559832746
66.86,-21.823422427643607,108.95690215824477,2.061360019873222,16.218934946909272,0.3799967425164815,-0.9278891480743402,5.198687055024342,-0.14687440226687984
66.88,-22.0714717929829,109.16593130078505,2.0428022369117347,16.25553496656315,0.37945448009948035,-0.9244510024025665,5.208659357083941,-0.14619666883882643
66.9,-22.31603433316686,109.38014208670106,2.0243132168636837,16.29205207316999,0.378906215228038,-0.9210194556459713,5.218608030352797,-0.1455184774372247
66.92,-22.557014947396112,109.59946116522389,2.005892827750764,16.328485866026792,0.3783519100392924,-0.9175942823217159,5.228533029699297,-0.1448398301865675
66.94,-22.794320418947983,109.82381362023672,1.9875409421043297,16.36483594984725,0.3777915261174734,-0.9141752563333778,5.238434310099242,-0.14416072921277598
66.96000000000001,-23.027859435424652,110.05312302032316,1.9692574369776619,16.401101934748244,0.3772250244904682,-0.9107621509418331,5.248311826636039,-0.14348117664319016
66.98,-23.257542607777896,110.28731146883462,1.9510421939588252,16.437283436236033,0.3766523656263211,-0.9073547387349036,5.258165534500879,-0.14280117460656824
67.0,-23.483282488122676,110.52629965395157,1.932895099184127,16.4733800751922,0.3760735094296517,-0.9039527915957538,5.267995388992967,-0.14212072523307398
67.02,-23.70499358635211,110.77000689871396,1.9148160433522117,16.509391477859296,0.3754884152379726,-0.900556080670046,5.2778013455197295,-0.14143983065427312
67.04,-23.922592385566784,111.0183512109967,1.896804921738811,16.545317275826246,0.3748970418178913,-0.8971643763318663,5.2875833595969945,-0.14075849300312537
67.06,-24.13599735633161,111.27124933340677,1.8788616342121731,16.58115710601347,0.37429934736117915,-0.8937774481484485,5.297341386849192,-0.14007671441398087
67.08,-24.34512896977378,111.52861679307891,1.8609860852492037,16.616910610657747,0.37369528948069336,-0.8903950648437192,5.307075383009589,-0.13939449702256781
67.1,-24.549909709535605,111.79036795134752,1.843178183952329,16.65257743729683,0.3730848252061374,-0.8870169942607168,5.316785303920462,-0.13871184296599082
67.12,-24.750264082596388,112.056416053273,1.8254378440671148,16.688157238753792,0.3724679109796479,-0.8836430033229259,5.326471105533297,-0.13802875438272133
67.14,-24.946118628977597,112.32667327700116,1.8077649840006558,16.723649673121137,0.37184450265119606,-0.8802728579945883,5.3361327439089905,-0.13734523341259436
67.16,-25.137401930345984,112.60105078293516,1.790159526840764,16.759054403744646,0.3712145554737947,-0.8769063232400393,5.345770175218073,-0.13666128219679596
67.18,-25.32404461752943,112.87945876269954,1.7726214003759635,16.79437109920698,0.37057802409850193,-0.8735431629821464,5.355383355740877,-0.13597690287786246
67.2,-25.505979376960575,113.16180648787702,1.7551505371163207,16.82959943331106,0.3699348625692152,-0.8701831400599097,5.364972241867738,-0.13529209759967079
67.22,-25.6831409560634,113.44800235849871,1.737746874315123,16.864739085063178,0.36928502431725113,-0.8668260161852963,5.374536790099226,-0.13460686850743164
67.24,-25.85546616759823,113.73795395126953,1.7204103539914168,16.899789738655898,0.3686284621557072,-0.8634715518993769,5.384076957046294,-0.13392121774768367
67.26,-26.022893892980722,114.03156806751042,1.7031409229534296,16.934751083450706,0.367965128273604,-0.8601195065278343,5.393592699430525,-0.13323514746828607
67.28,-26.18536508459057,114.32875078080023,1.685938532822873,16.96962281396044,0.3672949742298078,-0.8567696381359166,5.403083974084273,-0.13254865981841293
67.3,-26.342822767085835,114.62940748430022,1.668803140060155,17.004404629831495,0.3666179509467348,-0.8534217034828936,5.412550737950907,-0.13186175694854574
67.32000000000001,-26.49521203773895,114.93344293774456,1.6517347059904974,17.039096235825788,0.3659340087038404,-0.850075457976086,5.421992948084992,-0.1311744410104657
67.34,-26.642480065810503,115.24076131408125,1.6347331968309753,17.073697341802532,0.36524309713089653,-0.8467306556245245,5.431410561652463,-0.13048671415724938
67.36,-26.78457609097714,115.55126624574781,1.6177985837184847,17.108207662699765,0.364545165201064,-0.8433870489922936,5.440803535930843,-0.12979857854325952
67.38,-26.921451420829893,115.8648608705669,1.6009308427386388,17.14262691851569,0.36384016122376545,-0.84004438915161,5.450171828309437,-0.12911003632413967
67.4,-27.053059427459456,116.18144787724755,1.584129954955607,17.17695483428977,0.36312803283736667,-0.836702425635678,5.459515396289523,-0.1284210896568065
67.42,-27.17935554314491,116.50092955047802,1.5673959064428935,17.211191140083656,0.3624087270016751,-0.8333609063913645,5.468834197484506,-0.1277317406994455
67.44,-27.300297255162555,116.82320781559686,1.5507286883150666,17.24533557096189,0.36168218999026425,-0.8300195777317173,5.478128189620181,-0.12704199161150098
67.46000000000001,-27.415844099731466,117.14818428282938,1.5341282967604322,17.27938786697239,0.3609483673826341,-0.8266781842883569,5.48739733053488,-0.12635184455366935
67.48,-27.525957655112595,117.4757602910769,1.5175947330746649,17.313347773126775,0.3602072040562175,-0.8233364689637622,5.496641578179656,-0.12566130168789696
67.5,-27.630601533878117,117.80583695124696,1.5011280036953893,17.34721503938047,0.3594586441782433,-0.8199941728834521,5.5058608906184965,-0.1249703651773676
67.52,-27.729741374367826,118.1383151891129,1.4847281202377207,17.380989420612618,0.35870263119746654,-0.8166510353480776,5.515055226028517,-0.12427903718649888
67.54,-27.823344831349463,118.47309578769176,1.4683950995307589,17.414670676605816,0.3579391078357764,-0.8133067937854163,5.524224542700132,-0.12358731988093408
67.56,-27.91138156589976,118.81007942913,1.452128963655051,17.448258572025658,0.35716801607969284,-0.8099611837022663,5.5333687990372376,-0.12289521542753844
67.58,-27.99382323452309,119.1491667360868,1.435929739981006,17.481752876400098,0.35638929717176143,-0.8066139386362203,5.542487953557441,-0.12220272599438652
67.6,-28.070643477524534,119.49025831260529,1.4197974612082813,17.515153364098627,0.35560289160185726,-0.8032647901073072,5.551581964892199,-0.121509853750762
67.62,-28.141817906654232,119.8332547844625,1.4037321654061348,17.548459814311283,0.35480873909840666,-0.7999134675694702,5.560650791787057,-0.12081660086714459
67.64,-28.207324092039816,120.17805683898906,1.3877338960547458,17.58167201102749,0.35400677861953583,-0.7965596983618654,5.569694393101776,-0.1201229695152099
67.66,-28.26714154842374,120.52456526435057,1.3718027020875088,17.61478974301471,0.3531969483441554,-0.7932032076599325,5.578712727810569,-0.11942896186781662
67.68,-28.321251720722234,120.87268098828218,1.35593863793431,17.647812803796953,0.35237918566298726,-0.7898437184262181,5.587705755002275,-0.11873458009900269
67.7,-28.36963796892264,121.22230511626934,1.3401417635657857,17.68074099163309,0.3515534271695421,-0.7864809513609075,5.596673433880521,-0.11803982638397857
67.72,-28.412285552335767,121.57333896916714,1.3244121445385675,17.713574109495045,0.35071960865105256,-0.7831146248520275,5.605615723763935,-0.11734470289912034
67.74,-28.449181613219935,121.92568412025183,1.3087498520415268,17.746311965045802,0.3498776650793684,-0.7797444549252796,5.614532584086325,-0.11664921182196059
67.76,-28.48031515979322,122.2792424316979,1.2931549629430208,17.778954370617257,0.34902753060181757,-0.7763701551934649,5.623423974396862,-0.11595335533118452
67.78,-28.505677048650426,122.6339160904749,1.2776275598391518,17.811501143187932,0.3481691385320375,-0.7729914368054658,5.632289854360241,-0.11525713560662235
67.8,-28.525259966601197,122.9896076436584,1.2621677311030428,17.843952104360543,0.3473024213407796,-0.7696080083947356,5.641130183756898,-0.11456055482924213
67.82000000000001,-28.53905841194563,123.34622003314988,1.2467755709351476,17.876307080339394,0.34642731064668947,-0.7662195760272698,5.649944922483184,-0.11386361518114196
67.84,-28.54706867520364,123.70365662980063,1.2314511794146021,17.908565901907668,0.3455437372070642,-0.762825843149019,5.65873403055152,-0.1131663188455455
67.86,-28.549288819314274,124.06182126693541,1.2161946625516222,17.940728404404542,0.34465163090858864,-0.7594265105327146,5.6674974680906125,-0.11246866800679267
67.88,-28.54571865932102,124.42061827327149,1.201006132340968,17.972794427702198,0.34375092075805025,-0.756021276224078,5.676235195345626,-0.11177066485033396
67.9,-28.53635974155917,124.77995250522956,1.185885706816487,18.00476381618267,0.34284153487303354,-0.7526098354873916,5.684947172678349,-0.11107231156272422
67.92,-28.521215322361027,125.13972937863294,1.170833510106739,18.036636418714586,0.34192340047259334,-0.7491918807504111,5.693633360567378,-0.11037361033161511
67.94,-28.500290346294825,125.49985489979204,1.1558496724917307,18.068412088629767,0.34099644386790684,-0.7457671015486008,5.702293719608318,-0.1096745633457475
67.96000000000001,-28.47359142395299,125.8602356959715,1.1409343304607589,18.1000906836997,0.3400605904529028,-0.742335184468689,5.710928210513937,-0.10897517279494545
67.98,-28.44112680930527,126.2207790452373,1.126087626771385,18.13167206611191,0.33911576469486815,-0.7388958130915361,5.719536794114341,-0.10827544087011026
68.0,-28.402906376632227,126.58139290568211,1.1113097105095546,18.163156102446184,0.3381618901250304,-0.7354486679343137,5.728119431357184,-0.1075753697632112
68.02,-28.35894159705436,126.94198594402684,1.0966007371508688,18.1945426636507,0.3371988893291156,-0.7319934263920101,5.736676083307808,-0.10687496166728193
68.04,-28.309245514672067,127.30246756359709,1.0819608686230282,18.225831625018035,0.3362266839378812,-0.7285297626782633,5.745206711149452,-0.10617421877640877
68.06,-28.253832722331477,127.66274793167328,1.0673902733694627,18.257022866161062,0.33524519461762287,-0.7250573477655547,5.753711276183386,-0.10547314328573078
68.08,-28.192719337031136,128.02273800621364,1.0528891264141516,18.288116270988752,0.3342543410606573,-0.7215758493247776,5.762189739829141,-0.10477173739142508
68.1,-28.125922974984267,128.3823495619495,1.038457609427656,18.319111727681847,0.3332540419757799,-0.7180849316642175,5.770642063624635,-0.1040700032907069
68.12,-28.053462726351306,128.7414952158526,1.0240959107943715,18.350009128668457,0.3322442150786993,-0.7145842556679759,5.779068209226386,-0.10336794318181644
68.14,-27.975359129657207,129.1000884519746,1.0098042256810125,18.38080837059955,0.331224777082451,-0.7110734787338923,5.787468138409647,-0.10266555926401874
68.16,-27.891634145907904,129.45804364565865,0.9955827561063346,18.41150935432433,0.33019564368779303,-0.707552254710997,5.795841813068611,-0.10196285373759069
68.18,-27.802311132420126,129.81527608712403,0.9814317110121147,18.442111984865548,0.32915672957358605,-0.7040202338365619,5.804189195216582,-0.10125982880381698
68.2,-27.707414816378666,130.1717020044247,0.9673513063353836,18.472616171394712,0.3281079483871641,-0.7004770626728037,5.812510246986121,-0.1005564866649836
68.22,-27.606971268135034,130.52723858578233,0.9533417650819276,18.503021827207196,0.3270492127347004,-0.6969223840433081,5.820804930629243,-0.09985282952437055
68.24,-27.501007874261248,130.88180400129576,0.9394033174010614,18.53332886969729,0.32598043417157485,-0.6933558369692385,5.829073208517589,-0.0991488595862425
68.26,-27.389553310372413,131.23531742402815,0.9255362006616767,18.563537220333146,0.32490152319275156,-0.6897770566054154,5.8373150431425795,-0.0984445790558461
68.28,-27.272637513731553,131.58769905047376,0.9117406595295687,18.593646804631657,0.32381238922317446,-0.68618567417634,5.845530397115585,-0.0977399901394006
68.3,-27.15029165564999,131.93887012040642,0.8980169460460417,18.62365755213326,0.3227129406081912,-0.6825813169122458,5.853719233168116,-0.0970350950440906
68.32000000000001,-27.022548113696452,132.28875293611208,0.884365319707797,18.65356939637665,0.3216030846040169,-0.6789636079852727,5.861881514151998,-0.09632989597805941
68.34,-26.889440443727896,132.63727088100777,0.8707860475480915,18.683382274873445,0.32048272736824907,-0.6753321664458595,5.870017203039472,-0.09562439515040513
68.36,-26.75100335175489,132.98434843765006,0.8572794042191743,18.713096129082764,0.3193517739504491,-0.6716866071594442,5.878126262923451,-0.09491859477116794
68.38,-26.607272665654214,133.32991120513572,0.8438456720759855,18.74271090438576,0.31821012828280343,-0.668026540743586,5.886208657017652,-0.09421249705132777
68.4,-26.45828530674125,133.67388591589804,0.8304851412611138,18.772226550060058,0.3170576931708815,-0.6643515735056127,5.894264348656742,-0.09350610420279636
68.42,-26.30407926121443,134.0162004519019,0.8171981097910015,18.80164301925417,0.3158943702845083,-0.6606613073809038,5.90229330129652,-0.09279941843840998
68.44,-26.144693551484032,134.35678386024165,0.8039848836433832,18.830960268961817,0.3147200601487694,-0.6569553398719277,5.9102954785141035,-0.09209244197192179
68.46000000000001,-25.98016820739728,134.69556636814508,0.7908457768459445,18.860178259996236,0.31353466213516923,-0.6532332639881556,5.918270844008062,-0.09138517701799558
68.48,-25.81054423737166,135.03247939738816,0.7777811115661812,18.88929695696438,0.3123380744529637,-0.6494946681869779,5.926219361598592,-0.0906776257921999
68.5,-25.635863599448122,135.36745557812404,0.7647912182024417,18.918316328241122,0.3111301941406899,-0.6457391363157508,5.934140995227695,-0.08996979051099867
68.52,-25.456169172275757,135.70042876213128,0.7518764354761265,18.947236345943384,0.3099109170579169,-0.6419662475551178,5.942035708959322,-0.08926167339174743
68.54,-25.271504726039268,136.03133403548563,0.739037110525024,18.97605698590422,0.30868013787724286,-0.6381755763637365,5.949903466979555,-0.08855327665268171
68.56,-25.081914893340514,136.36010773066008,0.7262735989977491,19.00477822764686,0.3074377500765649,-0.6343666924245719,5.957744233596743,-0.08784460251291659
68.58,-24.887445140045116,136.6866874380583,0.7135862651492575,19.033400054358726,0.3061836459316499,-0.6305391605928994,5.965557973241687,-0.0871356531924336
68.60000000000001,-24.688141736105077,137.01101201698634,0.7009754819373994,19.06192245286539,0.30491771650903526,-0.6266925408461845,5.973344650467807,-0.08642643091207666
68.62,-24.48405172636811,137.33302160606812,0.688441631120476,19.09034541360451,0.3036398516592903,-0.6228263882360084,5.981104229951267,-0.08571693789354548
68.64,-24.27522290138425,137.65265763310975,0.6759851033557558,19.118668930599735,0.3023499400106696,-0.6189402528422117,5.988836676491173,-0.08500717635938822
68.66,-24.06170376822016,137.96986282441878,0.6636062982989115,19.146893001434567,0.3010478689631927,-0.6150336797294403,5.996541955009716,-0.08429714853299243
68.68,-23.843543521291405,138.28458121358364,0.6513056247043227,19.175017627226207,0.2997335246831833,-0.6111062089062951,6.004220030552342,-0.0835868566385809
68.7,-23.620792013222765,138.5967581497194,0.6390835005261968,19.203042812599374,0.2984067920983057,-0.607157375287277,6.011870868287881,-0.08287630290120399
68.72,-23.393499725746523,138.90634030518578,0.6269403530204514,19.230968565660095,0.2970675548931339,-0.6031867086577494,6.019494433508736,-0.08216548954673267
68.74,-23.161717740648538,139.21327568278372,0.6148766188472963,19.25879489796948,0.29571569550529503,-0.5991937336421354,6.02709069163104,-0.08145441880184902
68.76,-22.92549771077172,139.51751362243658,0.6028927441744534,19.28652182451747,0.29435109512222485,-0.5951779696755923,6.034659608194794,-0.0807430928940436
68.78,-22.68489183108639,139.8190048073626,0.5909891847809416,19.31414936369659,0.2929736336785798,-0.5911389309794066,6.042201148864022,-0.0800315140516059
68.8,-22.43995280983686,140.1177012697451,0.5791664061613533,19.341677537275654,0.2915831898543483,-0.5870761265403711,6.049715279426958,-0.07931968450361705
68.82000000000001,-22.19073383977342,140.41355639590716,0.567424883630546,19.369106370373498,0.29017964107370664,-0.582989060094421,6.057201965796172,-0.07860760647994315
68.84,-21.93728856947875,140.70652493099735,0.5557651024286576,19.396435891432663,0.2887628635046683,-0.5788772301148226,6.064661174008721,-0.07789528221123124
68.86,-21.67967107479773,140.99656298319394,0.5441875578263611,19.42366613219311,0.287332732059574,-0.5747401298052077,6.072092870226336,-0.07718271392889607
68.88,-21.417935830379307,141.28362802743402,0.5326927552302569,19.4507971276659,0.28588912039647546,-0.5705772470977931,6.079497020735537,-0.07646990386511975
68.9,-21.1521376813391,141.56767890867516,0.5212812102883011,19.477828916106887,0.2844319009214652,-0.5663880646571091,6.08687359194782,-0.07575685425283991
68.92,-20.882331815051252,141.84867584469652,0.5099534489951587,19.504761538990408,0.28296094479200823,-0.5621720598896052,6.094222550399777,-0.07504356732574609
68.94,-20.608573733077836,142.12658042844697,0.49871000779736674,19.531595040982968,0.2814761219213335,-0.5579287049595013,6.101543862753267,-0.0743300453182701
68.96000000000001,-20.33091922324406,142.40135562994766,0.4875514336981768,19.558329469916938,0.27997730098394485,-0.5536574668112866,6.10883749579558,-0.07361629046558024
68.98,-20.04942433186741,142.67296579775632,0.47647828436195105,19.584964876764253,0.27846434942231474,-0.5493578071992782,6.116103416439544,-0.07290230500357521
69.0,-19.764145336148676,142.9413766600013,0.4654911282179657,19.611501315610123,0.27693713345482535,-0.5450291827246803,6.1233415917237295,-0.07218809116887473
69.02,-19.475138716732747,143.20655532499285,0.45459054456347214,19.63793884362675,0.27539551808502516,-0.5406710448806048,6.130551988812554,-0.07147365119881569
69.04,-19.182461130446935,143.46847028141931,0.4437771236658601,19.664277521047048,0.27383936711227247,-0.5362828401055302,6.137734574996464,-0.07075898733144051
69.06,-18.88616938322447,143.72709139813645,0.4330514668637493,19.6905174111384,0.2722685431438382,-0.5318640098457181,6.144889317692051,-0.07004410180549656
69.08,-18.586320403220693,143.9823899235576,0.4224141866668347,19.716658580176425,0.27068290760854635,-0.5274139906271057,6.1520161844422265,-0.06932899686042307
69.10000000000001,-18.282971214129425,144.23433848465268,0.4118659068542927,19.74270109741873,0.2690823207720312,-0.5229322141372409,6.1591151429163755,-0.068613674736347
69.12,-17.976178908706817,144.48291108556424,0.4014072625715479,19.768645035078734,0.2674666417536947,-0.5184181073178403,6.166186160910454,-0.06789813767407632
69.14,-17.66600062250997,144.7280831058487,0.3910389004251913,19.794490468299475,0.2658357285454513,-0.5138710924685803,6.173229206347183,-0.06718238791509269
69.16,-17.35249350785747,144.96983129835087,0.38076147857581955,19.820237475127467,0.26418943803235,-0.5092905873627568,6.180244247276199,-0.06646642770154192
69.18,-17.035714708018958,145.20813378672014,0.37057566682856447,19.84588613648656,0.2625276260151686,-0.5046760053754857,6.187231251874157,-0.06575025927623124
69.2,-16.715721331640708,145.4429700625766,0.3604821467210546,19.87143653615184,0.2608501472350769,-0.5000267556251348,6.194190188444893,-0.06503388488261971
69.22,-16.39257042741421,145.67432098233542,0.35048161160855207,19.896888760723566,0.2591568554004716,-0.4953422431287099,6.201121025419593,-0.06431730676481096
69.24,-16.066318958994607,145.902168763698,0.340574766745978,19.922242899601123,0.25744760321608867,-0.49062186897195337,6.2080237313568984,-0.06360052716754712
69.26,-15.737023780175809,146.12649698181815,0.33076232936653893,19.947499044957016,0.25572224241450253,-0.48586503049493873,6.214898274943078,-0.0628835483362011
69.28,-15.404741610329088,146.347290565152,0.32104502875664,19.972657291710902,0.2539806237901274,-0.48107112149397774,6.22174462499214,-0.06216637251677106
69.3,-15.069529010111859,146.56453579100003,0.31142360632676036,19.99771773750366,0.25222259723583873,-0.47623953244068434,6.228562750446011,-0.06144900195587111
69.32000000000001,-14.731442357453354,146.7782202807495,0.3018988156779465,20.022680482671486,0.25044801178233767,-0.47136965071907605,6.235352620374648,-0.06073143890072507
69.34,-14.39053782382385,146.9883329948265,0.29247142266356496,20.047545630220046,0.24865671564038716,-0.46646086088162886,6.242114203976177,-0.060013685599162266
69.36,-14.046871350794083,147.1948642273653,0.2831422054459325,20.072313285798664,0.24684855624605062,-0.46151254492521443,6.248847470577064,-0.05929574429960442
69.38,-13.700498626891484,147.3978056006043,0.2739119545474282,20.096983557674548,0.24502338030907103,-0.4565240825879119,6.255552389632216,-0.05857761725106539
69.4,-13.351475064759839,147.5971500590169,0.2647814728956699,20.121556556707077,0.24318103386453174,-0.45149485166768233,6.262228930725153,-0.05785930670313766
69.42,-12.999855778628998,147.79289186318564,0.2557515758623161,20.14603239632212,0.2413213623279452,-0.4464242283639658,6.268877063568112,-0.057140814905992154
69.44,-12.645695562101247,147.98502658342844,0.24682309129503688,20.17041119248641,0.23944421055392118,-0.4413115876432484,6.275496758002214,-0.05642214411036505
69.46000000000001,-12.289048866260991,148.17355109318552,0.23799685954217198,20.194693063681967,0.23754942289857017,-0.43615630362971486,6.282087983997593,-0.05570329656755364
69.48,-11.929969778114383,148.35846356217536,0.22927373346957758,20.218878130880594,0.23563684328580312,-0.43095775002211567,6.288650711653515,-0.05498427452940957
69.5,-11.56851199936563,148.53976344932823,0.2206545784691354,20.24296651751838,0.23370631527769278,-0.4257153005380064,6.295184911198534,-0.05426508024833114
69.52,-11.20472882553667,148.71745149550594,0.2121402724583752,20.266958349470308,0.23175768214906786,-0.4204283293865478,6.3016905529906255,-0.05354571597725547
69.54,-10.838673125437047,148.891529716016,0.20373170587064404,20.290853755024887,0.22979078696651445,-0.4150962117710875,6.308167607517312,-0.052826183969652205
69.56,-10.470397320990783,149.06200139292878,0.19542978163522218,20.314652864858868,0.22780547267196513,-0.40971832442276396,6.31461604539579,-0.05210648647951753
69.58,-10.099953367427185,149.2288710672058,0.187235415146767,20.33835581201199,0.22580158217106056,-0.40429404616639597,6.321035837373089,-0.0513866257613649
69.60000000000001,-9.727392733842585,149.39214453064776,0.17914953422343904,20.361962731861816,0.223778958426472,-0.3988227585199501,6.327426954326189,-0.05066660407021915
69.62,-9.352766384140057,149.55182881766999,0.17117307905304013,20.38547376209862,0.22173744455637887,-0.39330384632889237,6.3337893672621375,-0.04994642366161002
69.64,-8.976124758354317,149.70793219691396,0.1633070021264622,20.408889042700334,0.21967688393829884,-0.3877366984367508,6.340123047318206,-0.04922608679156489
69.66,-8.597517754369054,149.86046416270264,0.15555226815772727,20.432208715907567,0.2175971203184723,-0.38212070839321893,6.346427965762017,-0.04850559571659906
69.68,-8.216994710034133,150.00943542634752,0.14790985398986312,20.455432926198696,0.21549799792700652,-0.3764552752011666,6.352704093991661,-0.04778495269371305
69.7,-7.83460438569013,150.1548579073155,0.14038074848583992,20.478561820265014,0.21337936159898926,-0.37073980410389723,6.358951403535826,-0.04706415998038304
69.72,-7.450394947107916,150.2967447242628,0.13296595240376208,20.501595546985953,0.21124105690178396,-0.36497370741401663,6.365169866053952,-0.04634321983455337
69.74,-7.0644139488510405,150.4351101859442,0.12566647825548172,20.52453425740439,0.20908293026872204,-0.35915640538526944,6.371359453336327,-0.04562213451463062
69.76,-6.67670831806891,150.5699697820043,0.11848335014777645,20.547378104702005,0.20690482913941066,-0.353287327128688,6.377520137304243,-0.044900906279475745
69.78,-6.2873243387288555,150.7013401736586,0.11141760360520259,20.570127244174724,0.20470660210687586,-0.3473659115743905,6.383651890010096,-0.044179537388398145
69.8,-5.896307636295388,150.8292391842714,0.10447028537371494,20.59278183320825,0.2024880990717638,-0.3413916084803383,6.389754683637535,-0.04345803010114818
69.82000000000001,-5.503703162865124,150.95368578983732,0.09764245320410803,20.61534203125364,0.20024917140382298,-0.3353638794893334,6.395828490501586,-0.04273638667790724
69.84,-5.109555182766032,151.07470010937354,0.0909351756143213,20.63780799980299,0.19798967211089175,-0.32928219923552304,6.401873283048757,-0.04201460937928675
69.86,-4.713907258629879,151.19230339522878,0.08434953162961101,20.660179902365194,0.19570945601561532,-0.32314605650159633,6.407889033857185,-0.04129270046631502
69.88,-4.316802237946938,151.30651802331607,0.07788661049957923,20.682457904441748,0.19340837994011592,-0.3169549554278412,6.41387571563676,-0.04057066220043372
69.9,-3.918282240112237,151.41736748327477,0.07154751139102222,20.704642173502698,0.19108630289883854,-0.310708416774144,6.4198333012292395,-0.039848496843487916
69.92,-3.5183886439728727,151.52487636856813,0.0653333430555394,20.726732878962622,0.1887430862997922,-0.30440597923595986,6.425761763608364,-0.03912620665772405
69.94,-3.117162075886103,151.62907036652177,0.059245223470820285,20.748730192156703,0.18637859415440466,-0.29804720081516706,6.431661075879997,-0.0384037939057771
69.96000000000001,-2.7146423982981984,151.7299762483086,0.05328427945451697,20.770634286316913,0.18399269329620346,-0.2916316602466534,6.437531211282245,-0.03768126085066631
69.98,-2.3108686988542453,151.82762185888492,0.04745164624958376,20.792445336548248,0.18158525360853206,-0.2851589584813546,6.443372143185561,-0.03695860975578854
70.0,-1.9058792800493563,151.92203610688287,0.04174846707995661,20.814163519805078,0.1791561482615035,-0.2786287202263387,6.449183845092889,-0.036235842884910774
70.02,-1.4997116494319664,152.01324895446302,0.036175892675429644,20.83578901486758,0.17670525395838713,-0.27204059554239013,6.454966290639771,-0.03551296250216049
70.04,-1.0924025103701545,152.10129140713167,0.030735080764581646,20.857322002318238,0.17423245119161482,-0.2653942614994064,6.460719453594468,-0.03478997087202294
70.06,-0.6839877533921666,152.18619550352625,0.025427195534593494,20.87876266451847,0.17173762450858418,-0.2586894238897231,6.466443307858072,-0.0340668702593315
70.08,-0.27450244811256647,152.2679943051723,0.020253407056799233,20.90011118558531,0.16922066278742437,-0.2519258189993048,6.472137827464648,-0.03334366292925985
70.10000000000001,0.1360191642443221,152.34672188621454,0.015214890676813031,20.92136775136822,0.16668145952287738,-0.24510321543653574,6.4778029865813265,-0.032620351147317074
70.12,0.5475436777117793,152.42241332312486,0.010312826368082284,20.942532549425955,0.1641199131224335,-0.23822141601809957,6.483438759508424,-0.03189693717933944
70.14,0.9600385278267238,152.49510468438916,0.005548398047720227,20.963605769003564,0.16153592721284302,-0.23128025971119567,6.489045120679579,-0.03117342329148261
70.16,1.3734719972420633,152.56483302017426,0.0009227928534962793,20.984587601009448,0.15892941095710886,-0.2242796236310724,6.494622044661847,-0.030449811750215616
70.18,1.787813220692787,152.63163635197645,-0.003562799619125201,21.005478237992538,0.1563002793820437,-0.21721942509255487,6.50016950615583,-0.029726104822313037
70.2,2.2030321893030353,152.69555366225168,-0.00790718812097646,21.026277874119568,0.15364845371645422,-0.21009962371393678,6.505687479995773,-0.029002304774849334
70.22,2.619099754221185,152.75662488402773,-0.012109180595255342,21.046986705152438,0.1509738617399904,-0.2029202235712587,6.511175941149702,-0.028278413875189604
70.24,3.0359876295698287,152.81489089049782,-0.0161675850666807,21.06760492842568,0.14827643814267058,-0.19568127540063932,6.516634864719517,-0.02755443439098389
70.26,3.4536683946973796,152.87039348459425,-0.020081210574693475,21.088132742824033,0.1455561248950657,-0.18838287884593416,6.522064225941127,-0.026830368590159383
70.28,3.872115495717898,152.9231753885407,-0.023848868151612024,21.108570348760093,0.1428128716290925,-0.18102518474858673,6.527464000184531,-0.026106218740914386
70.3,4.291303246325651,152.97328023338068,-0.027469371846583712,21.1289179481521,0.14004663602933398,-0.17360839747609685,6.5328341629539555,-0.025381987111710868
70.32000000000001,4.711206827870839,153.0207525484791,-0.030941539796105477,21.1491757444018,0.1372573842347663,-0.16613277728506384,6.538174689887967,-0.024657675971264423
70.34,5.131802288682894,153.06563775099372,-0.03426419534180658,21.169343942372414,0.13444509125073362,-0.15859864271430404,6.543485556759557,-0.02393328758854336
70.36,5.553066542627738,153.10798213531172,-0.037436168196092634,21.18942274836673,0.13160974137096898,-0.15100637300298503,6.548766739476276,-0.02320882423275541
70.38,5.974977366885463,153.14783286244673,-0.040456295656152275,21.209412370105277,0.1287513286094144,-0.1433564105282317,6.554018214080341,-0.0224842881733439
70.4,6.397513398934943,153.18523794939077,-0.04332342386671684,21.229313016704605,0.12586985714154478,-0.13564926325607515,6.559239956748732,-0.021759681679979166
70.42,6.820654132732037,153.22024625841433,-0.04603640913183815,21.2491248986557,0.12296534175484866,-0.12788550719905917,6.564431943793298,-0.021035007022554737
70.44,7.244379914068249,153.25290748630803,-0.04859411927581947,21.26884822780247,0.12003780830806467,-0.1200657888731904,6.569594151660889,-0.02031026647117403
70.46000000000001,7.668671935096897,153.28327215355748,-0.05099543505328308,21.288483217320348,0.11708729419871353,-0.1121908277463556,6.574726556933439,-0.01958546229614944
70.48,8.093512228014207,153.31139159344326,-0.0532392516082103,21.30803008169503,0.11411384883840545,-0.10426141866965194,6.579829136328074,-0.01886059676799229
70.5,8.518883657883078,153.33731794105645,-0.0553244799816035,21.327489036701284,0.11111753413533751,-0.09627843428246224,6.584901866697232,-0.018135672157405743
70.52,8.944769914587695,153.36110412221961,-0.057250048667252695,21.346860299381888,0.10809842498332806,-0.0882428273814462,6.589944725028759,-0.01741069073527694
70.54,9.371155503907703,153.38280384230265,-0.05901490521488162,21.366144088026672,0.10505660975666409,-0.08015563324297717,6.594957688446011,-0.01668565477267282
70.56,9.798025737701234,153.40247157492172,-0.06061801787974108,21.385340622151688,0.10199219080996344,-0.07201797188786759,6.599940734207956,-0.015960566540830803
70.58,10.22536672318673,153.42016255050908,-0.062058377317498525,21.404450122478455,0.0989052849821759,-0.06383105027659235,6.60489383970929,-0.015235428311151326
70.60000000000001,10.653165351314268,153.4359327447407,-0.06333499832303024,21.423472810913356,0.09579602410376697,-0.05559616442256205,6.609816982480531,-0.014510242355191078
70.62,11.081409284217985,153.44983886680825,-0.06444692161148158,21.442408910527124,0.09266455550604398,-0.047314701410367754,6.6147101401881105,-0.013785010944658442
70.64,11.51008694174204,153.46193834752032,-0.06539321563968903,21.461258645534436,0.08951104253149882,-0.03898814130527637,6.619573290634498,-0.013059736351402005
70.66,11.939187487033704,153.47228932721865,-0.06617297846579451,21.480022241273645,0.08633566504395103,-0.030618058939696116,6.624406411758284,-0.012334420847406359
70.68,12.368700811198226,153.48095064349303,-0.06678533964458833,21.4986999241866,0.08313861993718469,-0.02220612556173991,6.62920948163429,-0.011609066704783887
70.7,12.798617517011381,153.48798181867872,-0.06722946215582315,21.5172919217986,0.07992012164067763,-0.013754110330506355,6.633982478473653,-0.010883676195768735
70.72,13.228928901687008,153.49344304711934,-0.06750454436243336,21.53579846269844,0.0766804026209265,-0.00526388164220817,6.638725380623941,-0.010158251592709338
70.74,13.659626938698194,153.49739518217828,-0.06760982199527765,21.554219776518615,0.07341971387677322,0.0032625917291468232,6.643438166569249,-0.009432795168058752
70.76,14.090704258652465,153.49989972297996,-0.06754457016069493,21.57255609391557,0.07013832542703943,0.011823239693158637,6.648120814930288,-0.008707309194371892
70.78,14.522154129222887,153.50101880086348,-0.06730810536683185,21.59080764655014,0.06683652678867663,0.020415890123482924,6.65277330446448,-0.007981795944295884
70.8,14.953970434138858,153.50081516552927,-0.06689978756436199,21.608974667068065,0.06351462744353878,0.02903826837447285,6.657395614066072,-0.007256257690562928
70.82000000000001,15.38614765124225,153.4993521708605,-0.06631902219687236,21.62705738908063,0.060172957291784755,0.037687997051295705,6.66198772276622,-0.006530696705982097
70.84,15.818680829616529,153.4966937603995,-0.06556526225584625,21.645056047145413,0.056811867089818086,0.046362596050811986,6.666549609733075,-0.00580511526343695
70.86,16.251565565798643,153.4929044524605,-0.06463801033482985,21.66297087674718,0.05343172887057422,0.0550594828904607,6.671081254271892,-0.005079515635872576
70.88,16.68479797908567,153.48804932485922,-0.0635368206770206,21.680802114278862,0.050032936343868434,0.06377597334214635,6.6755826358251245,-0.0043539000962917645
70.9,17.118374685950506,153.48219399924008,-0.06226130121017759,21.698549997022674,0.04661590527442463,0.07250928238783214,6.680053733972507,-0.003628270917746421
70.92,17.55229277358335,153.47540462498225,-0.060811115562421136,21.71621476313135,0.043181073835114964,0.08125652551305951,6.684494528431149,-0.002902630373333725
70.94,17.986549772578144,153.4677478626657,-0.059185985052160106,21.733796651609484,0.039728902932854915,0.09001472035404676,6.688904999055641,-0.0021769807361828185
70.96000000000001,18.421143628785828,153.45929086707903,-0.05738569064507937,21.751295902295,0.03625987650451701,0.09878078871321483,6.6932851258381305,-0.0014513242794538773
70.98,18.856072674358828,153.45010126975143,-0.05541007487081506,21.768712755840742,0.03277450178015305,0.10755155895713028,6.697634888908413,-0.0007256632763280753
71.0,19.291335598013955,153.4402471609914,-0.05325904369167267,21.786047453696188,0.02927330951074699,0.11632376880975599,6.701954268534038,-1.0042103753008296e-16
71.02,19.72693141454365,153.4297970714163,-0.050932568315477766,21.80330023808927,0.025756854157661553,0.1250940685526632,6.70624324512038,0.0007256632763278745
71.04,20.162859433608357,153.41881995295702,-0.04843068694442465,21.820471352008326,0.022225714040892634,0.13385902464245397,6.710501799210739,0.0014513242794540406
71.06,20.599119227845577,153.40738515932372,-0.04575350645157572,21.837561039184166,0.018680491443206212,0.14261512375405114,6.7147299114864225,0.0021769807361829816
71.08,21.0357106003341,153.39556242591917,-0.042901203976494884,21.85456954407226,0.015121812667205596,0.1513587772567581,6.718927562766834,0.0029026303733331598
71.10000000000001,21.472633551454674,153.3834218491882,-0.039874028431359676,21.871497111835055,0.011550328042362727,0.16008632612805998,6.72309473400957,0.0036282709177469486
71.12,21.909888245191297,153.37103386539292,-0.036672301908798666,21.8883439883244,0.007966711879047092,0.1687940463080024,6.727231406310485,0.0043539000962912
71.14,22.34747497492003,153.35846922880478,-0.03329642098263852,21.905110420064105,0.004371662366602764,0.1774781544947658,6.731337560903803,0.0050795156358723744
71.16,22.785394128735057,153.34579898930684,-0.02974685789274334,21.9217966542326,0.000765901412555641,0.1861348143795487,6.735413179162181,0.0058051152634367486
71.18,23.22364615436436,153.3330944694011,-0.02602416160515242,21.93840293864575,-0.002849825579914512,0.19476014331634728,6.739458242596809,0.006530696705982261
71.2,23.662231523729968,153.3204272406178,-0.022128958738825588,21.95492952173976,-0.006474749999032709,0.20335021941944154,6.743472732857481,0.007256257690562728
71.22,24.101150697210233,153.3078690993261,-0.018061954350436782,21.971376652554213,-0.010108080378721193,0.21190108907856567,6.747456631732686,0.007981795944295683
71.24,24.54040408766392,153.2954920419474,-0.013823932568865605,21.98774458071523,-0.013749002822715082,0.22040877487876046,6.751409921149695,0.008707309194372057
71.26,24.979992024278136,153.28336823957514,-0.009415757071290276,22.00403355641876,-0.017396681500953554,0.22886928390881348,6.75533258317463,0.009432795168058915
71.28,25.419914716304103,153.27157001200754,-0.004838371393113938,22.02024383041398,-0.02105025922053659,0.2372786164390774,6.759224600012551,0.010158251592709139
71.3,25.860172216746673,153.26016980120227,-9.279906433246055e-05,22.036375653986806,-0.024708858073350597,0.24563277494622998,6.763085954007549,0.010883676195768898
71.32000000000001,26.300764386075095,153.24924014416425,0.00481985643459204,22.05242927894357,-0.028371580162252524,0.25392777345930756,6.766916627642806,0.011609066704784414
71.34,26.74169085602395,153.2388536452816,0.009898411903778381,22.068404957594772,-0.03203750840746154,0.262159647198098,6.770716603540683,0.01233442084740616
71.36,27.182950993554336,153.22908294812626,0.015141604847740187,22.08430294273897,-0.03570570743453861,0.27032446247178676,6.7744858644628065,0.013059736351402168
71.38,27.624543865046306,153.22000070673946,0.02054809409717606,22.100123487646798,-0.03937522454503892,0.27841832680252915,6.778224393310132,0.01378501094465824
71.4,28.066468200794144,153.21167955642503,0.0261164606332267,22.115866846045108,-0.0430450907705964,0.286437399235597,6.781932173123041,0.014510242355191607
71.42,28.508722359876447,153.20419208407597,0.0318452086179386,22.13153327210123,-0.04671432201084815,0.29437790079471193,6.785609187081387,0.015235428311150762
71.44,28.951304295472973,153.19761079806278,0.03773276663383296,22.147123020407335,-0.05038192025522481,0.30223612503841524,6.789255418504613,0.015960566540830605
71.46000000000001,29.394211520699947,153.19200809771496,0.04377748913460122,22.162636345964962,-0.054046874888226765,0.31000844867060745,6.792870850851791,0.016685654772672982
71.48,29.83744107503493,153.18745624242965,0.04997765810801358,22.178073504169625,-0.057708164077371,0.317691342156006,6.796455467721714,0.01741069073527674
71.5,30.28098949140138,153.18402732044402,0.056331484951133604,22.193434750795564,-0.061364756242535325,0.32528138028904874,6.800009252852969,0.018135672157405174
71.52,30.724852763981843,153.18179321731068,0.06283711255691449,22.208720341980623,-0.0650156116049445,0.3327752526628522,6.80353219012401,0.01886059676799209
71.54,31.169026316827043,153.1808255841179,0.06949261761017134,22.223930534211227,-0.06865968381353903,0.3401697739832272,6.807024263553232,0.019585462296149603
71.56,31.613504973326307,153.18119580549842,0.07629601308983602,22.239065584307507,-0.07229592164594521,0.3474618941714698,6.810485457299036,0.020310266471174197
71.58,32.058282926602416,153.18297496747306,0.08324525097326552,22.254125749408527,-0.07592327078072594,0.3546487081987317,6.813915755659913,0.02103500702255417
71.60000000000001,32.5033537108915,153.1862338251774,0.09033822513723999,22.269111286957635,-0.07954067563703965,0.36172746559425156,6.817315143074508,0.02175968167997969
71.62,32.948710173965715,153.19104277052108,0.09757277444912482,22.28402245468795,-0.08314708127727369,0.36869557956957383,6.8206836041216885,0.022484288173343702
71.64,33.394344450653186,153.19747179983128,0.10494668604051638,22.298859510607954,-0.08674143536764958,0.3755506357012406,6.82402112352062,0.023208824232755214
71.66,33.84024793750642,153.20559048153316,0.11245769875454137,22.313622712987218,-0.09032269019122943,0.38229040011513715,6.827327686130836,0.02393328758854316
71.68,34.286411268666555,153.215467923921,0.12010350675684389,22.32831232034223,-0.09388980470718535,0.3889128271169042,6.830603276952299,0.02465767597126495
71.7,34.73282429296694,153.22717274307465,0.127881763299182,22.342928591422375,-0.0974417466496355,0.39541606621446945,6.833847881125474,0.025381987111710306
71.72,35.17947605231534,153.24077303097644,0.13579008462347142,22.357471785195994,-0.10097749465880367,0.4017984684809094,6.837061483931398,0.026106218740914188
71.74,35.626354761389756,153.25633632388414,0.1438260539930898,22.37194216083661,-0.10449604043673201,0.40805859220839236,6.8402440707917425,0.02683036859015918
71.76,36.073447788678365,153.2739295710152,0.15198722583725743,22.386339977709238,-0.10799639091927157,0.4141952078070351,6.843395627268881,0.02755443439098369
71.78,36.52074163888926,153.29361910359742,0.1602711299933981,22.400665495356826,-0.11147757045560054,0.4202073019059781,6.846516139065952,0.0282784138751894
71.8,36.96822193675117,153.31547060434062,0.16867527603151755,22.414918973486824,-0.11493862298608018,0.4260940806179057,6.849605592026931,0.029002304774849132
71.82000000000001,37.41587341222125,153.33954907738283,0.17719715764387578,22.429100671957865,-0.11837861420885919,0.4318549719325599,6.852663972136691,0.02972610482231356
71.84,37.863679887111346,153.3659188187635,0.1858342570825271,22.44321085076657,-0.12179663372528475,0.4374896272095062,6.855691265521054,0.030449811750215418
71.86,38.31162426313909,153.39464338747445,0.19458404962671727,22.457249770034462,-0.1251917971538778,0.44299792174550223,6.858687458446882,0.031173423291482774
71.88,38.759688511405436,153.4257855771379,0.2034440080616271,22.471217689995015,-0.1285632482023878,0.4483799543971629,6.861652537322109,0.03189693717933924
71.9,39.20785366329531,153.45940738835867,0.21241160714957052,22.485114870980812,-0.13191016068726155,0.45363604624534587,6.864586488695824,0.032620351147317594
71.92,39.656099802793335,153.49557000179513,0.2214843280744776,22.49894157341082,-0.13523174048974893,0.4587667382935459,6.86748929925832,0.03334366292926001
71.94,40.104406060202024,153.53433375199148,0.23065966284034856,22.512698057777786,-0.13852722743782664,0.4637727881987637,6.870360955841158,0.0340668702593313
71.96000000000001,40.55275060724524,153.5757581020106,0.2399351186043237,22.52638458463575,-0.14179589710315832,0.468655166039541,6.873201445417234,0.0347899708720231
71.98,41.00111065353546,153.61990161890395,0.24930822192511437,22.540001414587685,-0.14503706250242265,0.47341504913226223,6.876010755100822,0.035512962502160655
72.0,41.44946244437931,153.6668219500517,0.25877652290775943,22.55354880827324,-0.14825007569253862,0.47805381591325163,6.878788872147647,0.03623584288491021
72.02,41.89778125989175,153.7165758004034,0.2683375992260246,22.56702702635661,-0.15143432924959846,0.4825730389106344,6.881535783954938,0.03695860975578834
72.04,42.346041415385976,153.76921891064467,0.2779890600042374,22.58043632951451,-0.1545892576216852,0.48697447683630546,6.8842514780614845,0.03768126085066611
72.06,42.7942162630023,153.8248060363135,0.2877285495409634,22.593776978424287,-0.157714338346205,0.49126006583464193,6.886935942147693,0.0384037939057769
72.08,43.24227819453654,153.8833909278844,0.29755375085765623,22.607049233752136,-0.16080909312290242,0.4954319099307198,6.889589164035638,0.03912620665772349
72.10000000000001,43.69019864542546,153.9450263118356,0.30746238905627044,22.620253356141422,-0.16387308873435186,0.4994922707267025,6.892211131689136,0.039848496843488075
72.12,44.13794809984438,154.00976387271055,0.3174522344708044,22.633389606201135,-0.16690593780642327,0.5034435564007003,6.89480183321377,0.04057066220043316
72.14,44.58549609686985,154.0776542361805,0.32752110559881853,22.646458244494454,-0.16990729940200766,0.5072883100677743,6.8973612568569695,0.04129270046631482
72.16,45.032811237658656,154.14874695311167,0.33766687180017385,22.659459531527425,-0.1728768794421499,0.5110291975676833,6.899889391008057,0.04201460937928655
72.18,45.47986119359266,154.2230904846359,0.3478874557515277,22.672393727737745,-0.17581443094967045,0.514668994748563,6.902386224198293,0.04273638667790776
72.2,45.92661271533815,154.3007321882204,0.35818083564649905,22.685261093483682,-0.17871975411135743,0.5182105743198153,6.904851745100927,0.04345803010114763
72.22,46.373031642767295,154.38171830472783,0.3685450471328955,22.69806188903308,-0.18159269615586943,0.5216568923511299,6.90728594253127,0.044179537388398304
72.24,46.81908291568904,154.46609394645444,0.3789781849799181,22.710796374552512,-0.18443315104560148,0.5250109744975996,6.9096888054467165,0.044900906279475544
72.26,47.26473058533662,154.55390308613048,0.38947840446987003,22.72346481009651,-0.18724105898192184,0.5282759020334598,6.91206032294682,0.045622134514630416
72.28,47.70993782655897,154.6451885468634,0.4000439225105392,22.73606745559693,-0.1900164057243783,0.5314547977788774,6.914400484273319,0.046343219834553175
72.3,48.154666950663916,154.73999199300124,0.4106730184661167,22.748604570852436,-0.19275922172569113,0.5345508120055529,6.916709278810204,0.04706415998038284
72.32000000000001,48.59887941886191,154.83835392189002,0.42136403470622774,22.76107641551806,-0.19546958108558207,0.5375671084075625,6.918986696083761,0.04778495269371322
72.34,49.042535856260024,154.9403136564968,0.43211537687437884,22.773483249094916,-0.19814760032773002,0.5405068502238995,6.921232725762609,0.04850559571659886
72.36,49.48559606635736,155.04590933886655,0.4429255138788566,22.785825330920005,-0.2007934370053777,0.5433731865985558,6.923447357657766,0.04922608679156469
72.38,49.928019045994795,155.15517792437885,0.4537929776108278,22.798102920156126,-0.20340728814233405,0.5461692392626689,6.925630581722676,0.04994642366160982
72.4,50.36976300071358,155.26815517676835,0.4647163623960813,22.810316275781904,-0.2059893885173088,0.5488980896213341,6.927782388053267,0.05066660407021931
72.42,50.81078536047967,155.38487566387067,0.4756943241885079,22.822465656581937,-0.20854000880067045,0.5515627663250334,6.92990276688799,0.051386625761364706
72.44,51.25104279573262,155.5053727540538,0.4867255795150087,22.834551321137027,-0.2110594535538246,0.5541662334024249,6.931991708607863,0.052106486479517336
72.46000000000001,51.69049123372063,155.62967861329386,0.49780890418305734,22.846573527814556,-0.21354805910245486,0.556711379027327,6.934049203736524,0.05282618396965238
72.48,52.129085875085565,155.75782420285248,0.508943131763604,22.85853253475893,-0.2160061912958437,0.5592010049882712,6.936075242940256,0.05354571597725564
72.5,52.56678121066472,155.88983927751292,0.5201271518633694,22.87042859988216,-0.2184342431653856,0.5616378169239546,6.938069817028049,0.05426508024833094
72.52,53.00353103847863,156.0257523843309,0.5313599082018485,22.88226198085455,-0.22083263249620863,0.5640244153823435,6.9400329169516315,0.05498427452940973
72.54,53.43928848087716,156.16559086185626,0.5426403965094955,22.894032935095474,-0.22320179932652692,0.5663632877550933,6.941964533805509,0.0557032965675538
72.56,53.874006001819076,156.3093808397814,0.5539676622645975,22.905741719764272,-0.22554220338994463,0.5686568011324467,6.9438646588270085,0.05642214411036486
72.58,54.30763542426285,156.45714723897308,0.5653407982872465,22.917388591751255,-0.2278543215164163,0.5709071961168379,6.945733283396321,0.057140814905991946
72.60000000000001,54.74012794764958,156.60891377184464,0.5767589422095831,22.928973807668807,-0.23013864500793318,0.5731165816261643,6.947570399036539,0.05785930670313817
72.62,55.17143416546168,156.76470294302658,0.5882212738421062,22.9404976238426,-0.23239567700524316,0.5752869307101316,6.949375997413683,0.05857761725106483
72.64,55.601504082843476,156.9245360502949,0.599727012456309,22.951960296302907,-0.23462592986202122,0.5774200773953234,6.951150070336764,0.05929574429960423
72.66,56.03028713427289,157.08843318571778,0.6112754140042154,22.963362080776026,-0.23682992254288532,0.5795177145666743,6.952892609757798,0.06001368559916171
72.68,56.457732201275626,157.2564132369831,0.622865768295549,22.974703232675804,-0.23900817806149505,0.5815813928850357,6.954603607771854,0.0607314389007256
72.7,56.88378763017576,157.4284938888711,0.6344973961532494,22.985984007095265,-0.2411612209746811,0.5836125207324503,6.956283056617082,0.06144900195587055
72.72,57.30840124987906,157.6046916248388,0.6461696465678983,22.997204658798342,-0.2432895749481304,0.5856123651687809,6.957930948674759,0.06216637251677087
72.74,57.731520389687155,157.78502172868505,0.657881893871274,23.008365442211712,-0.24539376040859934,0.5875820538754282,6.959547276469315,0.06288354833620091
72.76,58.15309189714293,157.96949828626722,0.6696335349487827,23.01946661141673,-0.24747429229694787,0.5895225780542273,6.96113203266837,0.06360052716754691
72.78,58.573062155908964,158.15813418724426,0.6814239865098672,23.03050842014146,-0.24953167793548706,0.5914347962421646,6.962685210082766,0.06431730676481075
72.8,58.991377103682545,158.3509411268221,0.6932526824347107,23.041491121752824,-0.2515664150222178,0.5933194389954837,6.9642068016666,0.06503388488261952
72.82000000000001,59.407982250151974,158.54792960748196,0.7051190712146203,23.05241496924884,-0.25357898976351534,0.5951771143900515,6.96569680051726,0.06575025927623139
72.84,59.82282269500005,158.7491089406735,0.7170226135024214,23.063280215250956,-0.25556987515569274,0.5970083142786344,6.967155199875446,0.06646642770154208
72.86,60.23584314596148,158.95448724845883,0.7289627797879943,23.074087111996484,-0.2575395294246675,0.5988134212400172,6.9685819931252135,0.0671823879150925
72.88,60.64698793694154,159.16407146509619,0.7409390482127947,23.084835911331147,-0.25948839463166523,0.6005927161497797,6.969977173793994,0.06789813767407647
72.9,61.05620104620382,159.37786733855464,0.7529509025357903,23.095526864701704,-0.26141689545154045,0.6023463862980242,6.971340735552632,0.06861367473634716
72.92,61.46342611463499,159.59587943195484,0.764997830261751,23.10616022314869,-0.2633254381288837,0.6040745339755165,6.972672672215401,0.06932899686042286
72.94,61.86860646409475,159.8181111249334,0.7770793209412616,23.11673623729925,-0.2652144096156325,0.6057771854465799,6.973972977740048,0.07004410180549636
72.96000000000001,62.27168511585845,160.04456461493132,0.7891948646501934,23.127255157360054,-0.2670841768924239,0.6074543002246696,6.975241646227811,0.07075898733144066
72.98,62.672604809160006,160.27524091840985,0.8013439506546867,23.13771723311033,-0.26893508647443026,0.6091057805649337,6.976478671923443,0.07147365119881549
73.0,63.071308019841716,160.51013987199974,0.8135260662659851,23.14812271389498,-0.27076746410092334,0.610731481087208,6.9776840492152505,0.07218809116887452
73.02,63.467736979117014,160.74926013359197,0.8257406958877294,23.1584718486178,-0.2725816146063287,0.6123312184428159,6.978857772635105,0.072902305003575
73.04,63.86183369245123,160.9925991833811,0.8379873202565857,23.168764885734777,-0.27437782196907307,0.613904780939247,6.979999836858476,0.0736162904655804
73.06,64.2535399585643,161.2401533248736,0.8502654158753709,23.179002073247503,-0.2761563495331104,0.615451938038293,6.9811102367044535,0.07433004531826991
73.08,64.64279738855838,161.49191768587633,0.8625744546361371,23.18918365869667,-0.2779174403956461,0.6169724496454483,6.982188967135771,0.07504356732574588
73.10000000000001,65.02954742517166,161.74788621948122,0.8749139036290465,23.199309889155657,-0.27966131795327825,0.6184660751113848,6.983236023258829,0.07575685425284043
73.12,65.41373136215881,162.0080517050645,0.8872832251312746,23.209381011224217,-0.2813881865975526,0.6199325818699831,6.984251400323715,0.07646990386511954
73.14,65.7952903637966,162.27240574931943,0.8996818767686738,23.219397271022245,-0.28309823254979083,0.6213717536417928,6.985235093724229,0.07718271392889622
73.16,66.1741654845119,162.5409387873427,0.91210931184151,23.22935891418365,-0.28479162482401676,0.6227833981367462,6.986187098997901,0.07789528221123068
73.18,66.55029768862816,162.8136400837957,0.924564979804245,23.2392661858503,-0.28646851630587367,0.6241673541955506,6.9871074118260115,0.07860760647994368
73.2,66.92362787022421,163.090497734162,0.9370483268881564,23.249119330666094,-0.28812904493461455,0.625523498315219,6.987996028033614,0.07931968450361686
73.22,67.29409687309852,163.37149866612296,0.9495587968544612,23.258918592771067,-0.2897733349745539,0.6268517505107861,6.988852943589551,0.0800315140516057
73.24,67.6616455108302,163.65662864107307,0.9620958318646773,23.268664215795642,-0.2914014983618092,0.628152079472141,6.989678154606473,0.08074309289404341
73.26,68.02621458692661,163.94587225579696,0.9746588734541204,23.278356442854925,-0.29301363611173054,0.6294245069821843,6.990471657340857,0.08145441880184882
73.28,68.38774491504665,164.23921294432918,0.987247363593764,23.28799551654312,-0.29460983977212374,0.6306691115700153,6.99123344819302,0.0821654895467321
73.3,68.74617733928687,164.53663298001726,0.9998607458251643,23.297581678928015,-0.2961901929072194,0.6318860313805278,6.991963523707144,0.08287630290120379
73.32000000000001,69.10145275451713,164.83811347780806,1.012498466452775,23.307115171545558,-0.2977547725973241,0.6330754662495856,6.992661880571281,0.0835868566385807
73.34,69.4535121267511,165.1436343967761,1.0251599757777665,23.316596235394517,-0.29930365093921524,0.6342376789817407,6.993328515617373,0.08429714853299224
73.36,69.80229651353636,165.45317454291128,1.037844729357401,23.32602511093124,-0.3008368965325991,0.6353729958352304,6.99396342582127,0.08500717635938802
73.38,70.14774708434801,165.76671157218288,1.0505521892741054,23.33540203806448,-0.3023545759383465,0.6364818062266178,6.994566608302735,0.08571693789354563
73.4,70.48980514096908,166.08422199389392,1.0632818253986382,23.344727256150314,-0.3038567550947428,0.6375645616748679,6.995138060325466,0.08642643091207682
73.42,70.82841213784096,166.40568117433972,1.0760331166321357,23.35400100398715,-0.3053435006786324,0.6386217740118321,6.995677779297103,0.08713565319243341
73.44,71.16350970236645,166.73106334078224,1.0888055521123725,23.363223519810813,-0.3068148813991016,0.6396540128929465,6.99618576276924,0.08784460251291674
73.46000000000001,71.49503965514836,167.0603415857498,1.1015986323702318,23.37239504128971,-0.308270969212212,0.6406619026483725,6.996662008437441,0.08855327665268223
73.48,71.8229440301462,167.39348787167074,1.114411870423199,23.381515805520092,-0.30971184044626543,0.6416461185207978,6.997106514141242,0.08926167339174722
73.5,72.14716509473438,167.73047303584715,1.127244792793615,23.39058604902137,-0.3111375768281424,0.6426073823415727,6.997519277864169,0.08996979051099882
73.52,72.46764536964503,168.07126679577328,1.1400969404404462,23.39960600773155,-0.3125482664023901,0.6435464577017493,6.99790029773374,0.0906776257921997
73.54,72.78432764877984,168.4158377548016,1.1529678695944812,23.408575917002718,-0.3139440043359442,0.6444641446788943,6.998249572021483,0.09138517701799573
73.56,73.09715501887537,168.76415340815728,1.1658571524880585,23.41749601159662,-0.3153248936026285,0.6453612741841785,6.998567099142934,0.0920924419719216
73.58,73.40607087900747,169.1161801493008,1.178764377971742,23.426366525680308,-0.3166910455428788,0.6462387019972283,6.998852877657648,0.09279941843840978
73.60000000000001,73.71101895992139,169.47188327663605,1.191689152011687,23.43518769282189,-0.3180425802954741,0.6470973025584792,6.999106906269208,0.09350610420279687
73.62,74.01194334317498,169.8312270005608,1.2046310980628565,23.44395974598633,-0.31937962709940665,0.6479379625903172,6.999329183825227,0.09421249705132757
73.64,74.30878848008373,170.1941744508534,1.217589857314663,23.45268291753134,-0.32070232446537883,0.6487615746191233,6.9995197093173545,0.09491859477116774
73.66,74.60149921045753,170.56068768439027,1.2305650888070456,23.461357439203354,-0.3220108202177601,0.6495690304703852,6.999678481881284,0.09562439515040459
73.68,74.89002078112031,170.93072769318553,1.2435564694164531,23.46998354213357,-0.32330527140915866,0.6503612148084142,6.999805500796751,0.09632989597805992
73.7,75.17429886420504,171.3042544127449,1.2565636937126214,23.478561456834065,-0.324585844111051,0.6511389987907994,6.999900765487542,0.09703509504409039
73.72,75.45427957521792,171.68122673072355,1.2695864736884372,23.487091413194,-0.3258527130851502,0.6519032339056665,6.999964275521494,0.0977399901394004
73.74,75.72990949086702,172.06160249587788,1.2826245383665507,23.495573640475886,-0.32710606134137155,0.6526547460570286,6.9999960306104985,0.0984445790558459
73.76,76.00113566665185,172.44533852730024,1.2956776332876911,23.50400836731193,-0.3283460795893626,0.6533943299600948,6.9999960306104985,0.09914885958624267
73.78,76.26790565421182,172.83239062392502,1.3087455198868927,23.51239582170045,-0.32957296559158533,0.6541227439043776,6.999964275521494,0.09985282952437001
73.8,76.53016751843272,173.22271357429446,1.3218279747649806,23.52073623100238,-0.3307869234268709,0.6548407049378314,6.999900765487542,0.10055648666498375
73.82000000000001,76.78786985431177,173.6162611665724,1.334924788863737,23.529029821937822,-0.3319881626741963,0.6555488845201184,6.999805500796751,0.10125982880381713
73.84,77.04096180358275,174.0129861987939,1.3480357665541396,23.53727682058269,-0.33317689752715135,0.6562479046875215,6.999678481881284,0.1019628537375905
73.86,77.28939307110399,174.41284048933926,1.36116072464789,23.545477452365418,-0.33435334585016685,0.6569383347660054,6.999519709317355,0.10266555926401856
73.88,77.53311394101299,174.8157748876209,1.3742994913432103,23.55363194206374,-0.3355177281880556,0.6576206886625957,6.999329183825227,0.10336794318181625
73.9,77.77207529265218,175.22173928497213,1.3874519051164622,23.56174051380153,-0.3366702667407721,0.6582954227586117,6.999106906269208,0.10407000329070634
73.92,78.0062286162714,175.6306826257272,1.4006178135716345,23.569803391045745,-0.3378111843155199,0.6589629344214751,6.998852877657648,0.10477173739142487
73.94,78.23552602851305,176.042552918483,1.4137970722600635,23.577820796603394,-0.33894070326842785,0.6596235611448487,6.998567099142934,0.1054731432857306
73.96000000000001,78.45992028768651,176.4572972475332,1.4269895434829607,23.585792952618604,-0.3400590444479788,0.6602775803198451,6.998249572021483,0.10617421877640927
73.98,78.67936480883907,176.87486178446616,1.4401950950893578,23.593720080569742,-0.3411664261522012,0.6609252096330541,6.99790029773374,0.10687496166728173
74.0,78.89381367863022,177.29519179991973,1.453413599282019,23.601602401266618,-0.34226306311133853,0.6615666080802237,6.997519277864169,0.10757536976321137
74.02,79.10322167001723,177.71823167548598,1.4666449314436232,23.60944013484773,-0.34334916550728584,0.6622018775776998,6.997106514141242,0.10827544087011005
74.04,79.3075442567589,178.14392491576018,1.4798889689951773,23.61723350077761,-0.34442493804054286,0.6628310651472403,6.996662008437441,0.10897517279494562
74.06,79.506737627745,178.57221416052965,1.4931455902981217,23.624982717844198,-0.34549057905477554,0.663454165643626,6.99618576276924,0.10967456334574766
74.08,79.70075870115828,179.00304119709867,1.506414673610994,23.632688004156318,-0.3465462797283201,0.6640711249887067,6.995677779297103,0.1103736103316149
74.10000000000001,79.88956513847555,179.43634697274655,1.519696096110768,23.640349577141187,-0.3475922233411053,0.6646818438701553,6.995138060325466,0.11107231156272475
74.12,80.07311535831379,179.87207160731745,1.5329897329881712,23.647967653542008,-0.34862858462452795,0.6652861818583383,6.994566608302735,0.11177066485033411
74.14,80.25136855012673,180.31015440594058,1.5462954566253382,23.655542449415623,-0.34965552920079696,0.6658839618904361,6.99396342582127,0.11246866800679249
74.16,80.42428468775647,180.75053387188106,1.559613135863147,23.663074180130227,-0.35067321311718025,0.6664749750672191,6.993328515617374,0.11316631884554496
74.18,80.59182454284384,181.1931477195222,1.572942635364491,23.670563060363136,-0.35168178247945575,0.6670589857048508,6.992661880571281,0.11386361518114212
74.2,80.75394969810054,181.63793288748013,1.5862838150785876,23.678009304098637,-0.35268137318769577,0.6676357365816828,6.9919635237071445,0.11456055482924192
74.22,80.91062256044482,182.08482555185375,1.5996365298102209,23.685413124625878,-0.3536721107763173,0.6682049543183491,6.991233448193021,0.11525713560662214
74.24,81.06180637400158,182.53376113961158,1.6130006288965877,23.692774734536837,-0.3546541103591227,0.6687663548284645,6.990471657340857,0.11595335533118398
74.26,81.20746523296685,182.98467434211932,1.626375955993157,23.700094345724338,-0.3556274766788483,0.6693196487770071,6.989678154606473,0.11664921182196039
74.28,81.34756409433528,183.43749912881123,1.6397623489686968,23.707372169380132,-0.35659230425954924,0.6698645469839256,6.988852943589551,0.1173447028991198
74.3,81.48206879048834,183.89216876100892,1.6531596399083757,23.71460841599304,-0.35754867765898507,0.6704007657117123,6.987996028033614,0.11803982638397872
74.32000000000001,81.6109460416399,184.34861580589154,1.66656765522261,23.72180329534715,-0.35849667181705425,0.6709280317775536,6.9871074118260115,0.11873458009900284
74.34,81.73416346813482,184.80677215062082,1.679986215858161,23.728957016520077,-0.3594363524952571,0.6714460874332442,6.986187098997901,0.11942896186781644
74.36,81.85168960259494,185.26656901662503,1.6934151376068263,23.736069787881263,-0.3603677768011717,0.6719546949592384,6.985235093724229,0.12012296951520969
74.38,81.96349390190636,185.7279369740453,1.7068542315060107,23.743141817090372,-0.36129099379100227,0.6724536409230099,6.984251400323716,0.12081660086714438
74.4,82.06954675904059,186.19080595634745,1.7203033043244709,23.7501733110957,-0.36220604514242905,0.6729427400562435,6.983236023258828,0.12150985375076145
74.42,82.16981951470169,186.65510527510247,1.7337621591255958,23.75716447613267,-0.36311296588924774,0.6734218387102299,6.982188967135771,0.12220272599438667
74.44,82.26428446879059,187.12076363493804,1.7472305958998007,23.764115517722356,-0.36401178520865557,0.6738908178541132,6.981110236704454,0.12289521542753823
74.46000000000001,82.35291489167724,187.5877091486629,1.760708412256883,23.771026640670097,-0.3649025272515167,0.6743495955863201,6.979999836858476,0.12358731988093458
74.48,82.4356850352708,188.05586935256574,1.7741954041686094,23.77789804906413,-0.3657852120055341,0.674798129135449,6.978857772635106,0.1242790371864987
74.5,82.51257014387754,188.52517122188914,1.787691366751318,23.784729946274307,-0.36665985618096886,0.6752364163331228,6.977684049215251,0.1249703651773674
74.52,82.58354646483616,188.99554118647865,1.8011960950779802,23.791522534950833,-0.3675264741083832,0.675664496547665,6.976478671923445,0.12566130168789677
74.54,82.64859125891952,189.4669051466064,1.8147093850089338,23.798276017023092,-0.368385078637845,0.6760824510739221,6.975241646227811,0.12635184455366952
74.56,82.70768281049237,189.93918848896766,1.828231034030412,23.804990593698495,-0.369235682029115,0.676490402981019,6.973972977740049,0.1270419916115008
74.58,82.76080043741435,190.4123161028485,1.8417608420900322,23.8116664654614,-0.37007829682254323,0.6768885164262417,6.972672672215402,0.12773174069944535
74.60000000000001,82.80792450067777,190.88621239646122,1.855298612418557,23.818303832072075,-0.3709129366807263,0.6772769954494999,6.971340735552631,0.12842108965680699
74.62,82.84903641377026,191.36080131344423,1.8688441523275472,23.82490289256571,-0.3717396171914157,0.6776560822688764,6.969977173793995,0.1291100363241395
74.64,82.88411865175239,191.83600634952182,1.8823972739729244,23.831463845251484,-0.37255835662271536,0.6780260551035446,6.968581993125214,0.12979857854325932
74.66,82.91315476004124,192.31175056931878,1.8959577950749953,23.837986887711683,-0.37336917662225416,0.6783872255557548,6.967155199875446,0.13048671415724916
74.68,82.93612936289144,192.78795662332408,1.9095255395861104,23.84447221680085,-0.37417210285276337,0.6787399355886016,6.965696800517259,0.1311744410104662
74.7,82.95302817156565,193.26454676499753,1.923100338297882,23.85092002864501,-0.3749671655573146,0.679084554140833,6.9642068016666006,0.13186175694854554
74.72,82.96383799218769,193.74144286801229,1.9366820293806981,23.857330518640932,-0.3757544000483743,0.6794214734239947,6.962685210082766,0.1325486598184131
74.74,82.96854673327198,194.21856644362595,1.950270458849178,23.86370388145543,-0.3765338471157966,0.679751104950655,6.96113203266837,0.13323514746828555
74.76,82.96714341292396,194.69583865817273,1.9638654809481908,23.870040311024713,-0.3773055533498889,0.6800738753453358,6.959547276469316,0.1339212177476835
74.78,82.9596181657073,195.17318035066845,1.9774669584550972,23.876340000553807,-0.3780695713767421,0.6803902219919803,6.957930948674759,0.13460686850743114
74.8,82.94596224917431,195.65051205052006,1.9910747628949368,23.88260314251598,-0.3788259600040966,0.6807005885733927,6.956283056617082,0.1352920975996706
74.82000000000001,82.92616805005733,196.12775399533143,2.0046887746664046,23.888829928652246,-0.3795747842771118,0.6810054205589425,6.954603607771853,0.1359769028778626
74.84,82.9002290901194,196.60482614879675,2.0183088830775837,23.895020549970912,-0.38031611544450045,0.6813051606970795,6.952892609757799,0.13666128219679577
74.86,82.8681400316641,197.081648218673,2.0319349862915255,23.901175196747143,-0.3810500308365744,0.6816002445687068,6.951150070336765,0.13734523341259383
74.88,82.8298966827047,197.5581396748231,2.0455669911829,23.907294058522606,-0.3817766136578043,0.6818910962563359,6.949375997413684,0.13802875438272114
74.9,82.7854960017942,198.03421976732156,2.0592048131080265,23.91337732410513,-0.3824959526975165,0.682178124182134,6.947570399036537,0.13871184296599032
74.92,82.73493610251846,198.50980754461435,2.0728483755916693,23.91942518156843,-0.38320814196332037,0.6824617171655307,6.945733283396321,0.13939449702256762
74.94,82.67821625765544,198.98482187172544,2.0864976099349803,23.92543781825185,-0.3839132802427661,0.6827422407480154,6.9438646588270085,0.14007671441398034
74.96000000000001,82.61533690300429,199.45918144850262,2.1001524547499404,23.931415420760185,-0.3846114705995713,0.6830200338291267,6.941964533805508,0.14075849300312587
74.98,82.54629964088893,199.93280482789532,2.1138128554265228,23.9373581749635,-0.3853028198115061,0.6832954056535027,6.9400329169516315,0.14143983065427293
75.0,82.4711072433408,200.4056104342585,2.1274787635395924,23.943266265997018,-0.38598743775769145,0.6835686331842518,6.93806981702805,0.14212072523307379
75.02,82.38976365496652,200.8775165816759,2.1411501362032777,23.949139878261054,-0.3866654367636274,0.6838399588928674,6.936075242940256,0.1428011746065684
75.04,82.30227399550634,201.34844149229767,2.154826935381135,23.954979195420965,-0.38733693091272814,0.6841095889905345,6.934049203736522,0.14348117664319066
75.06,82.20864456208936,201.81830331468709,2.168509127160946,23.960784400407164,-0.3880020353334873,0.6843776921200039,6.931991708607864,0.14416072921277578
75.08,82.10888283119209,202.2870201421723,2.1821966810033455,23.96655567541515,-0.38866086547163126,0.6846443985213246,6.929902766887991,0.14483983018656732
75.10000000000001,82.00299746030669,202.75451003119886,2.1958895689737723,23.972293201905604,-0.3893135363567328,0.6849097996786971,6.9277823880532665,0.14551847743722487
75.12,81.89099828932537,203.22069101967986,2.2095877649673463,23.9779971606045,-0.38996016187275695,0.6851739484495997,6.925630581722677,0.14619666883882623
75.14,81.77289634164728,203.68548114534116,2.2232912439363384,23.983667731503264,-0.3906008540418878,0.6854368596712654,6.923447357657768,0.14687440226687964
75.16,81.64870382501414,204.14879846405887,2.236999981129763,23.989305093858977,-0.3912357223307524,0.6856985112335573,6.92123272576261,0.14755167559832727
75.18,81.51843413208019,204.61056106818774,2.2507139513544345,23.994909426194596,-0.3918648729878037,0.685958845601449,6.91898669608376,0.14822848671155325
75.2,81.38210184072237,205.07068710487871,2.2644331282664636,24.000480906299227,-0.3924884084201721,0.6862177717646908,6.916709278810204,0.1489048334863873
75.22,81.23972271409542,205.52909479438478,2.278157483701758,24.006019711228443,-0.3931064266177303,0.6864751675869313,6.91440048427332,0.14958071380411708
75.24,81.09131370043664,205.98570244835412,2.2918869870534966,24.011526017304607,-0.3937190206314661,0.6867308825215995,6.912060322946822,0.1502561255474884
75.26,80.93689293262423,206.4404284881103,2.305621604703928,24.01700000011726,-0.39432627811251225,0.6869847406573527,6.909688805446719,0.15093106660071806
75.28,80.77647972749268,206.8931914629191,2.319361299517075,24.02244183452353,-0.39492828091736915,0.6872365440518493,6.90728594253127,0.15160553484949385
75.3,80.61009458490783,207.34391006824157,2.3331060303981115,24.02785169464858,-0.39552510478396763,0.6874860763091313,6.9048517451009275,0.15227952818098708
75.32000000000001,80.43775918660371,207.79250316397335,2.346855751924294,24.033229753886076,-0.3961168190822831,0.6877331063529877,6.90238622419829,0.1529530444838564
75.34,80.2594963947827,208.23888979267014,2.3606104140513544,24.038576184898723,-0.3967034866422293,0.6879773923463827,6.899889391008058,0.1536260816482542
75.36,80.07533025047941,208.68298919775867,2.3743699618982816,24.04389115961879,-0.39728516366054817,0.6882186857054077,6.897361256856971,0.15429863756583337
75.38,79.88528597168862,209.12472084173302,2.3881343356123903,24.049174849248708,-0.3978618996873826,0.688456735155239,6.894801833213771,0.15497071012975613
75.4,79.68938995125647,209.56400442433562,2.401903470315495,24.054427424261657,-0.39843373769218726,0.6886912907753047,6.892211131689133,0.1556422972346981
75.42,79.48766975453381,210.00075990072173,2.415677296131001,24.059649054402236,-0.3990007142076068,0.6889221079812543,6.889589164035638,0.156313396776854
75.44,79.28015411678966,210.43490749960634,2.429455738290626,24.064839908687123,-0.39956285954895115,0.6891489513924132,6.886935942147693,0.1569840066539475
75.46000000000001,79.0668729403827,210.86636774139174,2.443238717318474,24.070000155405786,-0.4001201981059305,0.6893715985351252,6.884251478061484,0.1576541247652373
75.48,78.84785729168769,211.29506145627363,2.4570261492891765,24.075129962121217,-0.4006727487023936,0.6895898433347747,6.881535783954938,0.15832374901151952
75.5,78.62313939777381,211.72090980232326,2.470817946155872,24.0802294956707,-0.40122052501895406,0.6898034993522549,6.878788872147648,0.15899287729513967
75.52,78.39275264283114,212.14383428354245,2.484614016142917,24.085298922166608,-0.4017635360725998,0.6900124027242032,6.876010755100823,0.1596615075199963
75.54,78.15673156434148,212.56375676788815,2.4984142641974003,24.090338406997226,-0.4023017867466713,0.6902164147703806,6.873201445417231,0.16032963759154878
75.56,77.9151118489896,212.98059950526218,2.5122185924928075,24.095348114827615,-0.4028352783639744,0.6904154242361181,6.87036095584116,0.1609972654168213
75.58,77.6679303283105,213.39428514546194,2.52602690097753,24.10032820960048,-0.40336400929527005,0.6906093491426784,6.867489299258319,0.16166438890441337
75.60000000000001,77.41522497406892,213.80473675608673,2.5398390879603827,24.105278854537097,-0.4038879755949626,0.6907981382236631,6.8645864886958226,0.16233100596450398
75.62,77.15703489336647,214.2118778403943,2.5536550507248563,24.110200212138245,-0.40440717165549844,0.6909817719311375,6.86165253732211,0.16299711450885768
75.64,76.89340032347293,214.6156323551015,2.5674746861634787,24.115092444185173,-0.40492159087178603,0.6911602630008881,6.858687458446883,0.1636627124508332
75.66,76.6243626263776,215.01592472812285,2.581297891423496,24.119955711740598,-0.4054312263068637,0.6913336565720917,6.855691265521057,0.16432779770538716
75.68,76.34996428305752,215.41267987623993,2.595124564554938,24.124790175149716,-0.4059360713500731,0.6915020298625812,6.85266397213669,0.1649923681890849
75.7,76.07024888745923,215.8058232226947,2.6089546051521904,24.129595994041264,-0.406436120359141,0.6916654914067637,6.849605592026931,0.16565642182010096
75.72,75.7852611401917,216.1952807146992,2.622787914980325,24.13437332732858,-0.40693136927782897,0.6918241798690141,6.846516139065953,0.16631995651823128
75.74,75.4950468419279,216.58097884085413,2.6366243985777054,24.1391223332107,-0.4074218162211777,0.6919782624509409,6.843395627268882,0.16698297020489647
75.76,75.19965288651379,216.9628446484684,2.6504639638267236,24.143843169173493,-0.40790746202084255,0.6921279329162425,6.840244070791743,0.16764546080315085
75.78,74.89912725378326,217.34080576077199,2.664306522485049,24.1485359919908,-0.4083883107235841,0.6922734092618542,6.8370614839314,0.1683074262376844
75.8,74.5935190020789,217.71479039401396,2.678151990670286,24.15320095772561,-0.4088643700366339,0.6924149310686981,6.833847881125477,0.16896886443483455
75.82000000000001,74.28287826047854,218.0847273744381,2.69200028929166,24.157838221731247,-0.40933565171439434,0.692552756569478,6.830603276952299,0.16962977332259002
75.84,73.96725622072842,218.45054615512828,2.705851344423049,24.162447938652605,-0.4098021718817395,0.6926871594746067,6.827327686130835,0.17029015083059693
75.86,73.64670512888456,218.81217683271603,2.7197050876125415,24.16703026242738,-0.41026395129005255,0.6928184256004315,6.824021123520621,0.17094999489016569
75.88,73.32127827666432,219.16955016394311,2.7335614561245496,24.171585346287344,-0.41072101550305234,0.6929468493464196,6.820683604121689,0.17160930343427971
75.9,72.99102999251076,219.52259758207205,2.7474203931114776,24.176113342759624,-0.4111733950104168,0.6930727300698131,6.817315143074507,0.17226807439759814
75.92,72.65601563237342,219.87125121313804,2.7612818477128744,24.180614403668017,-0.4116211252681852,0.6931963684074857,6.813915755659915,0.17292630571646428
75.94,72.316291570209,220.21544389203606,2.7751457750810236,24.185088680134324,-0.41206424666591274,0.6933180625952726,6.810485457299036,0.17358399532891267
75.96000000000001,71.97191518820668,220.55510917843742,2.7890121363329285,24.189536322579706,-0.41250280442153286,0.6934381048349068,6.807024263553229,0.1742411411746751
75.98,71.62294486674278,220.8901813725304,2.8028808984296267,24.193957480726052,-0.4129368484058551,0.6935567777579016,6.803532190124011,0.17489774119518445
76.0,71.26943997407015,221.2205955305804,2.816752033984785,24.19835230359738,-0.4133664328995657,0.6936743510342508,6.80000925285297,0.17555379333358642
76.02,70.91146085574785,221.54628748030535,2.8306255210054694,24.20272093952126,-0.4137916162864998,0.6937910781717023,6.7964554677217155,0.17620929553474132
76.04,70.54906882381724,221.86719383606282,2.844501342568904,24.207063536130228,-0.41421246068779966,0.6939071935486516,6.792870850851791,0.1768642457452332
76.06,70.18232614573064,222.18325201384553,2.858379486439877,24.21138024036327,-0.4146290315423575,0.6940229097203869,6.789255418504615,0.177518641913373
76.08,69.81129603303896,222.49440024608293,2.872259944634285,24.21567119846728,-0.41504139713964766,0.6941384150345999,6.785609187081388,0.17817248198921043
76.10000000000001,69.43604262984474,222.80057759624697,2.8861427129349773,24.21993655599856,-0.4154496281116782,0.6942538715877342,6.781932173123037,0.178825763924535
76.12,69.05663100102726,223.10172397326028,2.9000277903667318,24.224176457824335,-0.4158537968913201,0.6943694135490224,6.778224393310133,0.17947848567288494
76.14,68.67312712024616,223.397780145706,2.913915178637712,24.228391048124276,-0.4162539771447062,0.6944851458739423,6.774485864462806,0.1801306451895543
76.16,68.28559785772995,223.68868775583874,2.9278048815551907,24.23258047039207,-0.4166502431857135,0.6946011434234257,6.770716603540684,0.1807822404315967
76.18,67.89411096785578,223.9743893333964,2.94169690442366,24.23674486743696,-0.41704266938076084,0.694717450499541,6.7669166276428045,0.18143326935783607
76.2,67.49873507652642,224.25482830921325,2.955591253433651,24.240884381385364,-0.4174313295522535,0.6948340808025967,6.763085954007548,0.18208372992886712
76.22,67.09953966835033,224.5299490286346,2.9694879350497025,24.244999153682443,-0.41781629638899503,0.6949510178088023,6.759224600012551,0.18273362010706712
76.24,66.69659507363036,224.79969676473414,2.9833869554058783,24.249089325093745,-0.4181976408717607,0.6950682155617918,6.75533258317463,0.18338293785659968
76.26,66.28997245516602,225.06401773133442,2.9972883197171143,24.253155035706833,-0.4185754317219865,0.6951855998656126,6.751409921149694,0.18403168114342214
76.28,65.87974379487441,225.32285909583214,3.011192031714426,24.257196424932935,-0.4189497348811817,0.6953030698612307,6.747456631732687,0.1846798479352891
76.3,65.46598188023398,225.57616899182875,3.0250980931116507,24.26121363150862,-0.4193206130282188,0.6954204999633142,6.743472732857482,0.18532743620176412
76.32000000000001,65.04876029055518,225.82389653156773,3.039006503110917,24.265206793497473,-0.4196881251411065,0.6955377421290906,6.739458242596806,0.18597444391422188
76.34,64.62815338308162,226.06599181817964,3.0529172579534993,24.269176048291797,-0.420052326109208,0.6956546284264884,6.735413179162183,0.1866208690458543
76.36,64.20423627892481,226.30240595773552,3.0668303505220287,24.27312153261433,-0.42041326640114784,0.6957709738646769,6.731337560903806,0.18726670957167968
76.38,63.777084848835266,226.53309107110934,3.0807457699993224,24.27704338251997,-0.4207709917928533,0.6958865794464985,6.727231406310486,0.18791196346854844
76.4,63.34677569881239,226.75800030565003,3.0946635015882524,24.28094173339753,-0.4211255431593249,0.6960012353992667,6.7230947340095675,0.18855662871514703
76.42,62.913386155555024,226.97708784666276,3.108583526296238,24.284816719971477,-0.42147695633282545,0.6961147245379813,6.718927562766835,0.18920070329200614
76.44,62.476994251754455,227.19030892869952,3.122505820786998,24.28866847630372,-0.42182526202924026,0.6962268257132272,6.714729911486423,0.18984418518150756
76.46000000000001,62.0376787112311,227.397619846658,3.136430357301262,24.292497135795383,-0.4221704858433962,0.6963373172949268,6.710501799210738,0.19048707236788992
76.48,61.595518933916146,227.59897796668758,-3.1328282035324255,24.296302831188616,-0.4225126483131596,0.6964459806426904,6.706243245120382,0.19112936283725265
76.5,61.15059498067887,227.79434173690126,-3.1188992839195717,24.3000856945684,-0.42285176505116195,0.6965526035137877,6.701954268534038,0.19177105457756757
76.52,60.70298755800052,227.98367069789063,-3.104968231849296,24.30384585736436,-0.42318784694205636,0.6966569833607248,6.697634888908415,0.19241214557867925
76.54,60.25277800249532,228.16692549304216,-3.0910350921820817,24.307583450352634,-0.42352090040228596,0.6967589304720602,6.693285125838129,0.19305263383231702
76.56,59.80004826527913,228.34406787865106,-3.0770999135726407,24.311298603657686,-0.42385092769847305,0.6968582709123795,6.688904999055643,0.1936925173320951
76.58,59.344880896186496,228.51506073382987,-3.0631627481543933,24.31499144675419,-0.4241779273197179,0.6969548492202845,6.684494528431152,0.19433179407352447
76.60000000000001,58.88735902783652,228.67986807020725,-3.0492236511699877,24.31866210846889,-0.4245018943983461,0.6970485308267357,6.680053733972506,0.19497046205401644
76.62,58.427566359548464,228.83845504141308,-3.035282680553453,24.322310716982496,-0.4248228211729705,0.6971392041601384,6.675582635825124,0.1956085192728887
76.64,57.965587141107925,228.99078795234493,-3.0213398964702503,24.325937399831574,-0.425140697487148,0.6972267824090586,6.6710812542718925,0.1962459637313719
76.66,57.50150615638463,229.13683426821083,-3.007395360822069,24.32954228391045,-0.4254555113164255,0.6973112049183838,6.666549609733076,0.19688279343261786
76.68,57.03540870680335,229.27656262334338,-2.9934491367237013,24.333125495473126,-0.42576724931617904,0.6973924382000055,6.66198772276622,0.19751900638170308
76.7,56.56738059466948,229.40994282977906,-2.9795012879597014,24.336687160135217,-0.4260758973823766,0.6974704765446289,6.6573956140660755,0.19815460058563594
76.72,56.09750810635123,229.53694588559767,-2.965551878428809,24.34022740287588,-0.4263814412172269,0.6975453422270382,6.652773304464484,0.19878957405336295
76.74,55.62587799532089,229.65754398301573,-2.951600971584268,24.343746348039762,-0.4266838668916266,0.6976170853029725,6.648120814930287,0.1994239247957758
76.76,55.15257746505773,229.77171051622798,-2.9376486298782085,24.347244119338963,-0.4269831613963833,0.697685783001614,6.643438166569249,0.20005765082571736
76.78,54.67769415181566,229.87942008899148,-2.923694914218176,24.350720839854997,-0.4272793131743688,0.6977515387234954,6.638725380623943,0.20069075015798507
76.8,54.20131610725909,229.98064852194628,-2.9097398834437063,24.35417663204077,-0.42757231262604894,0.6978144806592764,6.633982478473655,0.2013232208093428
76.82000000000001,53.72353178097095,230.07537285966737,-2.8957835938305205,24.35761161772256,-0.4278621525812351,0.6978747600502725,6.629209481634289,0.20195506079852163
76.84,53.24443000283698,230.16357137744248,-2.881826098629515,24.36102591810203,-0.4281488287304003,0.6979325491167548,6.6244064117582875,0.20258626814622852
76.86,52.764099965310976,230.24522358777074,-2.8678674476471797,24.364419653758194,-0.42843234000950053,0.6979880386847966,6.619573290634497,0.20321684087515285
76.88,52.28263120556598,230.32031024657766,-2.853907686873484,24.367792944649466,-0.42871268893292314,0.6980414355467547,6.61471014018811,0.20384677700997175
76.9,51.80011358753663,230.38881335914192,-2.839946858162549,24.37114591011565,-0.42898988186994014,0.6980929595942976,6.609816982480526,0.20447607457735678
76.92,51.31663728385835,230.45071618573047,-2.825984998970663,24.37447866887998,-0.4292639292608724,0.6981428407661424,6.604893839709289,0.20510473160597922
76.94,50.8322927577091,230.50600324693835,-2.81202214215534,24.377791339051154,-0.42953484577004586,0.6981913158553071,6.599940734207957,0.2057327461265167
76.96000000000001,50.347170744559875,230.55466032873068,-2.798058315838234,24.381084038125366,-0.4298026503735427,0.6982386252227005,6.594957688446009,0.20636011617166167
76.98,49.86136223384007,230.59667448718432,-2.78409354333378,24.38435688298836,-0.4300673663806987,0.6982850094651907,6.589944725028761,0.20698683977612198
77.0,49.374958450524076,230.6320340529277,-2.7701278431444765,24.38760998991749,-0.43032902138926016,0.6983307060869322,6.584901866697231,0.207612914976634
77.02,48.88805083664562,230.66072863527756,-2.7561612290227377,24.390843474583765,-0.43058764717507947,0.6983759462226556,6.579829136328078,0.20823833981196244
77.04,48.40073103274616,230.68274912607214,-2.7421937100982845,24.39405745205394,-0.4308432795181784,0.6984209514608546,6.5747265569334346,0.2088631123229122
77.06,47.913090859263896,230.69808770320077,-2.728225291069067,24.39725203679257,-0.4310959579679331,0.6984659308133085,6.569594151660889,0.20948723055232849
77.08,47.42522229786968,230.7067378338304,-2.714255972452801,24.400427342664102,-0.4313457255510186,0.6985110778752541,6.564431943793299,0.21011069254510828
77.10000000000001,46.937217472756096,230.70869427733015,-2.7002857508952958,24.40358348293496,-0.43159262842658264,0.6985565682176955,6.559239956748728,0.21073349634820393
77.12,46.449168631885755,230.7039530878954,-2.686314619530942,24.40672057027563,-0.431836715493884,0.698602557049943,6.554018214080342,0.21135564001062906
77.14,45.961168128204804,230.69251161687336,-2.672342568389943,24.40983871676277,-0.43207803795831984,0.6986491771864967,6.54876673947628,0.2119771215834649
77.16,45.473308400827165,230.67436851479263,-2.658369584846213,24.412938033881304,-0.43231664886237053,0.6986965373479189,6.543485556759556,0.21259793911986857
77.18,44.985681956195,230.6495237330993,-2.644395654099255,24.416018632526523,-0.4325526025884975,0.6987447208204165,6.538174689887963,0.21321809067507558
77.2,44.49838134922047,230.61797852560275,-2.630420759682847,24.419080623006217,-0.4327859543414333,0.6987937844935698,6.532834162953956,0.21383757430640787
77.22,44.011499164413614,230.57973544963417,-2.6164448839929753,24.422124115042774,-0.43301675961760017,0.6988437582900657,6.527464000184532,0.2144563880732804
77.24,43.52512799700077,230.5347983669215,-2.602468008827174,24.42514921777531,-0.4332450736695723,0.6988946449954924,6.52206422594113,0.21507453003720617
77.26,43.03936043403782,230.48317244418402,-2.5884901159272644,24.428156039761795,-0.4334709509735646,0.6989464204903282,6.516634864719522,0.21569199826180308
77.28,42.554289035521926,230.42486415345016,-2.5745111875174578,24.431144688981185,-0.43369444470787527,0.698999034380304,6.511175941149705,0.21630879081279855
77.3,42.070006315505516,230.35988127210226,-2.5605312068298516,24.434115272835545,-0.4339156062500418,0.6990524110153823,6.505687479995774,0.21692490575803783
77.32000000000001,41.58660472321547,230.2882328826514,-2.546550158609544,24.4370678981522,-0.4341344847001827,0.6991064508818287,6.500169506155827,0.21754034116748794
77.34,41.1041766241807,230.20992937224582,-2.5325680295919075,24.44000267118587,-0.4343511264376037,0.6991610323462757,6.494622044661848,0.21815509511324466
77.36,40.6228142813706,230.12498243191564,-2.518584808944982,24.442919697620816,-0.4345655747172435,0.6992160137254285,6.489045120679581,0.21876916566953902
77.38,40.142609836347,230.03340505555715,-2.5046004886704734,24.44581908257299,-0.43477786931193657,0.6992712356501817,6.483438759508427,0.2193825509127426
77.4,39.663655290431734,229.93521153865888,-2.4906150639574696,24.448700930592178,-0.4349880462057821,0.6993265236885031,6.477802986581326,0.2199952489213741
77.42,39.186042485892074,229.83041747677166,-2.4766285334836997,24.451565345664164,-0.4351961373431388,0.6993816911875445,6.472137827464647,0.22060725777610427
77.44,38.70986308714591,229.71903976372448,-2.4626408996599487,24.45441243121288,-0.43540217043693163,0.6994365422921359,6.466443307858074,0.22121857555976257
77.46000000000001,38.235208561988685,229.60109658958774,-2.448652168814106,24.457242290102567,-0.4356061688390638,0.6994908750941552,6.460719453594465,0.2218292003573454
77.48,37.76217016284397,229.47660743838452,-2.4346623513122228,24.460055024639935,-0.43580815147479446,0.6995444848652581,6.4549662906397725,0.22243913025601691
77.5,37.29083890803961,229.34559308555097,-2.4206714616149174,24.46285073657633,-0.4360081328419809,0.6995971673242025,6.449183845092893,0.22304836334512018
77.52,36.82130556311142,229.20807559514557,-2.4066795182684335,24.465629527109893,-0.43620612307510714,0.6996487218894245,6.443372143185561,0.22365689771618058
77.54,36.353660622136594,229.06407831680724,-2.392686543830645,24.468391496887737,-0.43640212807304607,0.6996989548677419,6.437531211282241,0.22426473146291284
77.56,35.887994289099026,228.9136258824617,-2.37869256473329,24.471136746008106,-0.43659614968854193,0.6997476825309896,6.4316610758799975,0.22487186268122428
77.58,35.42439645928902,228.756744202775,-2.3646976110826703,24.473865374022555,-0.43678818597646946,0.6997947340340614,6.4257617636083655,0.2254782894692258
77.60000000000001,34.96295670074008,228.59346046335318,-2.350701716401989,24.47657747993811,-0.43697823149703874,0.6998399541302093,6.419833301229239,0.22608400992723368
77.62,34.50376423570567,228.42380312068613,-2.336704917319385,24.47927316221946,-0.43716627766928656,0.6998832056424935,6.413875715636764,0.22668902215777656
77.64,34.04690792217916,228.24780189783408,-2.322707253206535,24.481952518791108,-0.43735231316943407,0.6999243716539616,6.407889033857188,0.22729332426560142
77.66,33.592476235460516,228.06548777985458,-2.308708765773456,24.48461564703956,-0.43753632436801343,0.699963357383372,6.401873283048754,0.22789691435768142
77.68,33.14055724977342,227.87689300896784,-2.2947094986257883,24.487262643815512,-0.4377182957990791,0.7000000917180486,6.3958284905015805,0.2284997905432185
77.7,32.69123861993708,227.68205107945826,-2.2807094967914274,24.489893605436,-0.4378982106543346,0.7000345283806414,6.389754683637534,0.22910195093365124
77.72,32.24460756309706,227.48099673230956,-2.2667088062238148,24.492508627686593,-0.4380760512946274,0.7000666467121421,6.383651890010095,0.2297033936426611
77.74,31.800750840519964,227.2737659495717,-2.252707473289572,24.495107805823583,-0.438251799771004,0.70009645205933,6.377520137304244,0.2303041167861775
77.76,31.35975473945693,227.06039594845703,-2.2387055442483854,24.49769123457613,-0.4384254383473701,0.7001239757608615,6.3713594533363285,0.23090411848238407
77.78,30.921705055081333,226.84092517516396,-2.224703064733168,24.500259008148475,-0.4385969500167802,0.7001492747323437,6.365169866053948,0.23150339685172402
77.8,30.48668707250619,226.61539329842608,-2.210700079238521,24.502811220222096,-0.4387663190034776,0.7001724306568616,6.358951403535831,0.23210195001690648
77.82000000000001,30.05478554888706,226.3838412027855,-2.196696630625384,24.505347963957888,-0.4389335312430246,0.7001935487934815,6.352704093991655,0.232699776102913
77.84,29.626084695616445,226.14631098158884,-2.1826927596495147,24.50786933199835,-0.4390985748331977,0.7002127564221076,6.346427965762016,0.23329687323700188
77.86,29.20066816061572,225.90284592970522,-2.1686885045210724,24.510375416469756,-0.4392614404487726,0.7002302009486823,6.340123047318209,0.23389323954871552
77.88,28.778619010730868,225.65349053596563,-2.1546839005020986,24.512866308984332,-0.4394221217138735,0.7002460476999426,6.33378936726214,0.23448887316988562
77.9,28.360019714238184,225.39829047532368,-2.1406789795481,24.51534210064243,-0.4395806155262165,0.700260477441755,6.327426954326188,0.2350837722346393
77.92,27.94495212346628,225.13729260073808,-2.1266737699992646,24.517802882034708,-0.4397369223283116,0.700273683659348,6.321035837373094,0.23567793487940408
77.94,27.533497457540523,224.8705449347777,-2.1126682963260777,24.5202487432443,-0.4398910463215058,0.7002858696414584,6.314616045395794,0.2362713592429142
77.96000000000001,27.125736285256064,224.59809666095043,-2.0986625789332485,24.52267977384898,-0.4400429956196288,0.700297245413501,6.308167607517311,0.23686404346621867
77.98,26.7217485080854,224.31999811475777,-2.0846566340249786,24.525096062923367,-0.44019278233993214,0.7003080245672377,6.301690552990625,0.23745598569268206
78.0,26.32161334332623,224.0363007744773,-2.0706504735336337,24.52749769904105,-0.44034042262998135,0.7003184210361013,6.295184911198535,0.23804718406799538
78.02,25.925409307395164,223.74705725167593,-2.0566441051129116,24.52988477027679,-0.4404859366301501,0.7003286458662284,6.288650711653516,0.23863763674017927
78.04,25.53321419927255,223.45232128145676,-2.042637532195587,24.53225736420868,-0.44062934837236095,0.7003389040333939,6.2820879839975925,0.23922734185959085
78.06,25.145105084103356,223.15214771244345,-2.028630754114919,24.534615567920294,-0.44077068561670596,0.7003493913554063,6.275496758002219,0.23981629757892708
78.08,24.761158276958742,222.84659249650585,-2.014623766287811,24.536959468002884,-0.4409099796285447,0.700360291548108,6.268877063568112,0.24040450205323527
78.10000000000001,24.38144932676257,222.5357126782313,-2.0006165604568484,24.539289150557508,-0.4410472648996026,0.7003717734709788,6.262228930725149,0.24099195343991414
78.12,24.006053000386732,222.2195663841462,-1.986609124987429,24.541604701197215,-0.4411825788174654,0.700383988605454,6.255552389632218,0.24157864989872183
78.14,23.635043266918757,221.89821281169236,-1.9726014452153198,24.543906205049193,-0.4413159612886715,0.7003970688055213,6.248847470577066,0.2421645895917818
78.16,23.26849328210482,221.5717122179638,-1.9585935038392093,24.546193746756927,-0.4414474543213305,0.7004111243559707,6.242114203976182,0.24274977068358797
78.18,22.906475372970792,221.24012590820848,-1.9445852813520899,24.548467410482345,-0.44157710157383123,0.7004262423689409,6.235352620374647,0.24333419134101086
78.2,22.549061022623658,220.90351622410074,-1.930576756504711,24.55072727990799,-0.4417049478767386,0.7004424855441485,6.228562750446017,0.2439178497333023
78.22,22.196320855235243,220.56194653178946,-1.916567906793828,24.552973438239142,-0.4418310387354006,0.7004598913125525,6.221744624992143,0.24450074403210284
78.24,21.848324621209816,220.2154812097275,-1.9025587089675768,24.55520596820599,-0.4419554198210975,0.7004784713772177,6.214898274943081,0.2450828724114463
78.26,21.505141182536835,219.8641856362873,-1.8885491395400325,24.55742495206575,-0.44207813645874944,0.700498211658931,6.2080237313569,0.24566423304776616
78.28,21.16683849832983,219.508126177168,-1.8745391753068539,24.55963047160484,-0.44219923311926,0.7005190726477714,6.201121025419596,0.24624482411990026
78.3,20.833483610552154,219.1473701725991,-1.8605287938538984,24.56182260814098,-0.4423187529245068,0.7005409901554448,6.194190188444898,0.2468246438090972
78.32000000000001,20.505142629930138,218.78198592434487,-1.8465179740507895,24.56400144252535,-0.4424367371727991,0.7005638764568645,6.187231251874156,0.24740369029902284
78.34,20.181880722054053,218.41204268251482,-1.8325066965216523,24.566167055144717,-0.4425532248923061,0.7005876218032822,6.180244247276198,0.24798196177576412
78.36,19.86376209366716,218.03761063218374,-1.8184949440855867,24.568319525923567,-0.4426682524295258,0.7006120962833734,6.173229206347186,0.24855945642783653
78.38,19.55084997914303,217.65876087982565,-1.8044827021599192,24.570458934326226,-0.442781853079317,0.7006371520031179,6.166186160910452,0.24913617244618902
78.4,19.24320662715148,217.2755654395651,-1.790469959119857,24.572585359358982,-0.4428940567623668,0.7006626255502012,6.159115142916372,0.24971210802420912
78.42,18.94089328751328,216.88809721924926,-1.776456706608853,24.574698879572203,-0.44300488975522,0.7006883407040824,6.152016184442232,0.2502872613577292
78.44,18.64397019824413,216.49643000634376,-1.7624429397947714,24.576799573062463,-0.44311437447716917,0.7007141113488866,6.144889317692048,0.2508616306450327
78.46000000000001,18.35249657278839,216.10063845365482,-1.7484286575677936,24.57888751747464,-0.4432225293374061,0.7007397445429615,6.137734574996457,0.25143521408685915
78.48,18.066530587443317,215.70079806488022,-1.7344138626769343,24.580962790004033,-0.4433293686448816,0.7007650436963476,6.130551988812552,0.2520080098864082
78.5,17.786129368974795,215.29698517999103,-1.7203985618030073,24.583025467398457,-0.4434349025823256,0.7007898118055887,6.123341591723729,0.25258001624934917
78.52,17.511348982425794,214.88927696044607,-1.7063827655668955,24.58507562596036,-0.4435391372448596,0.7008138546942874,6.116103416439546,0.253151231383823
78.54,17.242244419119114,214.47775137424048,-1.6923664884730099,24.587113341548903,-0.4436420747426041,0.7008369842076039,6.108837495795575,0.2537216535004501
78.56,16.978869584856277,214.06248718079004,-1.6783497487888577,24.58913868958206,-0.4437437133656621,0.7008590213095297,6.101543862753269,0.2542912808123331
78.58,16.721277288314816,213.6435639156521,-1.664332568362667,24.591151745038708,-0.4438440478088615,0.7008797990332097,6.0942225503997784,0.2548601115350671
78.60000000000001,16.469519229646473,213.22106187508447,-1.650314972382003,24.59315258246071,-0.44394306945267953,0.7008991652368333,6.086873591947813,0.2554281438867409
78.62,16.223645989279284,212.79506210044337,-1.6362969890772663,24.595141275954994,-0.4440407666958705,0.7009169851206367,6.079497020735542,0.2559953760879442
78.64,15.983707016926772,212.36564636242105,-1.6222786493748536,24.597117899195627,-0.44413712533448235,0.7009331434642933,6.072092870226335,0.25656180636177406
78.66,15.74975062080786,211.93289714512446,-1.6082599865055678,24.5990825254259,-0.44423212898119807,0.7009475465483721,6.064661174008724,0.25712743293383933
78.68,15.52182395708142,211.4968976299959,-1.5942410355746004,24.601035227460372,-0.44432575951828274,0.7009601237285518,6.0572019657961675,0.2576922540322667
78.7,15.299973019499623,211.05773167957682,-1.5802218331000293,24.602976077686957,-0.4444179975768675,0.700970828636793,6.049715279426961,0.2582562678877056
78.72,15.084242629284567,210.615483821116,-1.5662024165272934,24.60490514806897,-0.44450882303486966,0.7009796399896283,6.042201148864027,0.2588194727333339
78.74,14.8746764252328,210.17023923002384,-1.5521828237275008,24.606822510147175,-0.4445982155255363,0.7009865619900163,6.034659608194792,0.2593818668048654
78.76,14.67131685405255,209.72208371317464,-1.5381630924877006,24.60872823504185,-0.444686154948418,0.7009916243157405,6.027090691631039,0.25994344834055216
78.78,14.474205160938633,209.27110369205832,-1.5241432600013858,24.610622393454815,-0.4447726219745275,0.7009948816939923,6.019494433508738,0.2605042155811918
78.8,14.283381380389946,208.81738618578441,-1.5101233623675059,24.61250505567149,-0.4448575985375205,0.7009964130684704,6.0118708682878825,0.2610641667701333
78.82000000000001,14.098884327274613,208.36101879394093,-1.4961034341061366,24.61437629156291,-0.44494106830295044,0.7009963203719305,6.004220030552341,0.261623300153282
78.84,13.92075158814767,207.90208967931073,-1.482083507698698,24.616236170587765,-0.44502301710799064,0.7009947269235525,5.996541955009722,0.26218161397910433
78.86,13.749019512826148,207.44068755044898,-1.468063613160227,24.618084761794428,-0.4451034333644851,0.7009917754766064,5.988836676491179,0.26273910649863486
78.88,13.583723206226194,206.97690164412506,-1.4540437776506947,24.619922133822964,-0.4451823084187716,0.7009876259476454,5.981104229951266,0.26329577596548087
78.9,13.424896520466685,206.5108217076332,-1.4400240251317418,24.621748354907158,-0.4452596368624124,0.7009824528636986,5.973344650467801,0.2638516206358275
78.92,13.27257204724351,206.04253798097568,-1.4260043760744678,24.623563492876514,-0.4453354167887546,0.7009764425686115,5.9655579732416895,0.2644066387684436
78.94,13.126781110478353,205.57214117892366,-1.4119848472230956,24.625367615158265,-0.4454096499911159,0.7009697902337123,5.9577442335967445,0.2649608286246877
78.96000000000001,12.987553759245468,205.09972247296005,-1.3979654514184214,24.627160788779367,-0.4454823420993319,0.7009626967212786,5.9499034669795545,0.26551418846851316
78.98,12.854918760979551,204.62537347310985,-1.383946197483996,24.6289430803685,-0.4455535026524026,0.7009553653518119,5.942035708959327,0.26606671656647224
79.0,12.728903594967322,204.1491862096631,-1.3699270901769598,24.63071455615805,-0.44562314510601025,0.7009479986278353,5.934140995227695,0.2666184111877243
79.02,12.609534446125064,203.67125311479603,-1.3559081302044032,24.632475281986096,-0.44569128677474434,0.7009407949677814,5.926219361598594,0.2671692706040378
79.04,12.496836199063793,203.19166700409616,-1.3418893143050474,24.634225323298388,-0.44575794870993424,0.7009339455035231,5.918270844008059,0.2677192930898
79.06,12.390832432443341,202.7105210579969,-1.327870635394977,24.635964745150314,-0.44582315551504553,0.7009276309942101,5.910295478514105,0.2682684769220173
79.08,12.291545413616094,202.22790880312778,-1.3138520827750928,24.637693612208874,-0.44588693510162203,0.700922018907316,5.902293301296527,0.2688168203803248
79.10000000000001,12.19899609356067,201.74392409358572,-1.2998336423969465,24.639411988754638,-0.44594931838973534,0.7009172607152104,5.8942643486567405,0.26936432174699015
79.12,12.113204102105374,201.25866109213382,-1.2858152971826424,24.641119938683694,-0.4460103389578227,0.7009134894521669,5.886208657017658,0.269910979306918
79.14,12.034187743440803,200.77221425133266,-1.271797027393599,24.642817525509614,-0.44607003264763395,0.7009108175725759,5.878126262923454,0.2704567913476572
79.16,11.961963991920591,200.28467829461033,-1.2577788110421475,24.644504812365383,-0.44612843713075917,0.7009093351462907,5.87001720303947,0.2710017561594049
79.18,11.896548488148898,199.79614819727644,-1.2437606243392216,24.646181862005342,-0.4461855914438534,0.70090910842159,5.861881514151991,0.27154587203501257
79.2,11.837955535352945,199.30671916748543,-1.2297424421707899,24.647848736807127,-0.4462415355002056,0.70091017878027,5.853719233168122,0.27208913726999046
79.22,11.786198096038556,198.81648662715435,-1.2157242385951845,24.649505498773586,-0.44629630958570593,0.7009125621029748,5.845530397115587,0.27263155016251334
79.24,11.741287788926533,198.32554619283994,-1.201705987353125,24.651152209534704,-0.4463499538475389,0.7009162485561475,5.837315043142575,0.27317310901342756
79.26,11.703234886167433,197.83399365657965,-1.187687662382002,24.65278893034952,-0.44640250778406915,0.7009212028050381,5.829073208517585,0.27371381212625323
79.28,11.672048310832247,197.34192496670093,-1.1736692383259013,24.65441572210803,-0.44645400974438476,0.7009273646501508,5.820804930629242,0.27425365780719146
79.3,11.647735634676426,196.84943620860292,-1.1596506910328983,24.656032645333102,-0.44650449644582113,0.7009346500774887,5.81251024698612,0.27479264436512985
79.32000000000001,11.630303076174684,196.3566235855143,-1.1456319980313485,24.65763976018236,-0.4465540025175089,0.7009429527060305,5.804189195216578,0.2753307701116474
79.34,11.61975549882409,195.86358339923092,-1.1316131389772277,24.65923712645008,-0.4466025600775749,0.7009521456092268,5.795841813068613,0.275868033361018
79.36,11.616096409713066,195.37041203083632,-1.1175940960650435,24.660824803569074,-0.446650198351083,0.7009620834809897,5.78746813840965,0.2764044324302201
79.38,11.619327958354098,194.8772059214085,-1.1035748543954238,24.66240285061257,-0.4466969433351387,0.7009726051108155,5.779068209226392,0.2769399656389368
79.4,11.629450935778156,194.38406155271542,-1.0895554022932075,24.663971326296085,-0.44674281751681166,0.7009835361274036,5.770642063624641,0.2774746313095653
79.42,11.646464773889114,193.89107542790228,-1.0755357315706595,24.66553028897929,-0.4467878396486609,0.700994691965518,5.7621897398291475,0.27800842776721907
79.44,11.670367545076754,193.3983440521726,-1.0615158377313492,24.667079796667874,-0.44683202458569854,0.7010058810069527,5.753711276183389,0.27854135333973545
79.46000000000001,11.701155962087238,192.905963913466,-1.0474957201112103,24.66861990701539,-0.44687538318660797,0.7010169078433938,5.745206711149447,0.27907340635767997
79.48,11.738825378150334,192.41403146313448,-1.033475381954342,24.670150677325108,-0.4469179222809665,0.7010275766067565,5.7366760833078105,0.2796045851543503
79.5,11.783369787363005,191.92264309661985,-1.019454830422207,24.671672164551858,-0.44695964470311966,0.7010376943112604,5.728119431357187,0.2801348880657844
79.52,11.834781825329365,191.4318951341344,-1.0054340765359822,24.673184425303866,-0.44700054939224027,0.7010470741511415,5.7195367941143465,0.28066431343076204
79.54,11.893052770057382,190.94188380134705,-0.9914131350529596,24.674687515844575,-0.44704063155699275,0.7010555386984479,5.710928210513936,0.2811928595908145
79.56,11.958172543113056,190.4527052100774,-0.9773920242789904,24.67618149209447,-0.44707988290213646,0.7010629229468818,5.702293719608317,0.2817205248902245
79.58,12.030129711033153,189.96445533900038,-0.963370765820053,24.67766640963291,-0.447118291913353,0.7010690771500537,5.693633360567381,0.2822473076760359
79.60000000000001,12.108911486997883,189.47723001436376,-0.9493493842770517,24.679142323699907,-0.4471558441955953,0.7010738694058248,5.684947172678345,0.2827732062980569
79.62,12.194503732765224,188.9911248907217,-0.9353279068889351,24.680609289197953,-0.4471925228593438,0.7010771879425269,5.676235195345628,0.283298219108865
79.64,12.2868909608688,188.5062354316873,-0.9213063631300846,24.682067360693814,-0.4472283089483341,0.7010789430677514,5.667497468090619,0.2838223444638121
79.66,12.38605633708144,188.0226568907073,-0.9072847842687297,24.683516592420315,-0.44726318190160574,0.701079068745955,5.6587340305515195,0.28434558072103194
79.68,12.49198168314672,187.54048429186284,-0.8932632028938103,24.684957038278117,-0.4472971200421249,0.7010775237773129,5.649944922483179,0.28486792624144164
79.7,12.604647479780823,187.05981241069944,-0.8792416524182642,24.686388751837516,-0.44733010108376614,0.701074292556891,5.641130183756901,0.28538937938874903
79.72,12.72403286994716,186.58073575509124,-0.8652201665671262,24.687811786340188,-0.44736210264810733,0.7010693854002591,5.632289854360245,0.2859099385294576
79.74,12.850115662406132,186.103348546143,-0.8511987788591209,24.68922619470097,-0.44739310278230465,0.7010628384289574,5.623423974396868,0.2864296020328722
79.76,12.982872335542329,185.6277446991349,-0.837177522090542,24.690632029509615,-0.4474230804692748,0.701054713016684,5.614532584086331,0.2869483682711021
79.78,13.122278041471374,185.15401780451504,-0.8231564278302081,24.692029343032537,-0.44745201612151914,0.7010450948045112,5.6056157237639415,0.2874662356190673
79.8,13.26830661042836,184.68226110894463,-0.809135525934118,24.69341818721456,-0.44747989205018024,0.7010340923008123,5.596673433880519,0.28798320245450454
79.82000000000001,13.420930555439618,184.21256749640125,-0.7951148440881015,24.69479861368066,-0.447506692901321,0.7010218350886628,5.58770575500227,0.2884992671579715
79.84,13.580121077279255,183.74502946934575,-0.7810944073863282,24.696170673737683,-0.44753240605195077,0.7010084716702623,5.578712727810571,0.28901442811285016
79.86,13.745848069711533,183.27973912995827,-0.7670742379529232,24.697534418376083,-0.4475570219589906,0.7009941669841886,5.56969439310178,0.2895286837053561
79.88,13.918080125019806,182.81678816144935,-0.7530543546132393,24.698889898271634,-0.4475805344551511,0.7009790996370003,5.560650791787063,0.29004203232453885
79.9,14.096784539822286,182.3562678094517,-0.7390347726204993,24.70023716378714,-0.44760294098658526,0.7009634588957222,5.551581964892205,0.2905544723622912
79.92,14.281927321174493,181.89826886349874,-0.7250155034425849,24.701576264974143,-0.44762424278815827,0.7009474414919905,5.542487953557436,0.2910660022133498
79.94,14.473473192957764,181.4428816385954,-0.7109965546127452,24.70290725157462,-0.44764444499322953,0.7009312482920396,5.533368799037236,0.29157662027530407
79.96000000000001,14.67138560255274,180.99019595688725,-0.6969779296469043,24.70423017302267,-0.44766355667595253,0.7009150808891935,5.524224542700122,0.2920863249485997
79.98,14.87562672779626,180.5403011294333,-0.6829596280291206,24.705545078446207,-0.4476815908252467,0.7008991381770658,5.515055226028516,0.29259511463654303
80.0,15.08615748421966,180.09328593808803,-0.6689416452655794,24.706852016668627,-0.4476985642507623,0.7008836129622144,5.505860890618499,0.29310298774530663
80.02,15.302937532565984,179.64923861749793,-0.6549239730063352,24.708151036210484,-0.44771449742232655,0.7008686886745334,5.496641578179658,0.29360994268393464
80.04,15.525925286583206,179.20824683721753,-0.6409065992328444,24.70944218529116,-0.44772941424550267,0.7008545362322192,5.487397330534879,0.29411597786434845
80.06,15.755077921090173,178.77039768394965,-0.6268895085082002,24.71072551183051,-0.4477433417769994,0.7008413111156886,5.47812818962018,0.29462109170134837
80.08,15.99035138031159,178.3357776439144,-0.6128726822858863,24.712001063450526,-0.4477563098847116,0.7008291507014625,5.4688341974845125,0.29512528261262266
80.10000000000001,16.23170038647808,177.90447258535087,-0.598856099271857,24.713268887476968,-0.4477683508581397,0.7008181719027281,5.459515396289522,0.2956285490187506
80.12,16.479078448687062,177.47656774115555,-0.5848397358338024,24.714529030941012,-0.44777949897580716,0.7008084691582095,5.450171828309439,0.29613088934320675
80.14,16.73243787201993,177.0521476916607,-0.5708235664506383,24.715781540580874,-0.44778979003705494,0.7008001128051096,5.440803535930846,0.2966323020123668
80.16,16.99172976691096,176.63129634755592,-0.556807564194536,24.717026462843435,-0.4477992608662297,0.7007931478654132,5.431410561652465,0.29713278545551375
80.18,17.256904058763144,176.21409693295553,-0.5427917012372276,24.718263843885858,-0.44780794879778285,0.7007875932677994,5.42199294808499,0.29763233810483997
80.2,17.527909497806135,175.80063196861434,-0.5287759493718718,24.7194937295772,-0.4478158911511531,0.7007834415199612,5.412550737950912,0.29813095839545384
80.22,17.80469366919153,175.39098325529386,-0.5147602805414726,24.720716165500008,-0.4478231247045099,0.7007806588383934,5.403083974084272,0.29862864476538503
80.24,18.087203003320752,174.9852318572806,-0.5007446673647049,24.721931196951928,-0.4478296851764814,0.7007791857347967,5.393592699430528,0.2991253956555884
80.26,18.375382786400863,174.58345808605839,-0.4867290836500091,24.723138868947284,-0.44783560672488215,0.7007789380503205,5.384076957046298,0.2996212095099497
80.28,18.669177171223883,174.18574148413572,-0.47271350488900277,24.724339226218664,-0.44784092147118654,0.7007798084210451,5.374536790099229,0.30011608477528945
80.3,18.968529188165327,173.79216080902947,-0.4586979087205818,24.725532313218494,-0.4478456590590761,0.7007816681505338,5.364972241867745,0.3006100199013681
80.32000000000001,19.273380756397962,173.40279401740594,-0.4446822753575712,24.72671817412061,-0.44784984625482055,0.7007843694581085,5.355383355740876,0.30110301334089296
80.34,19.583672695317045,173.01771824938024,-0.43066658796840906,24.72789685282182,-0.4478535065965505,0.7007877480648096,5.345770175218079,0.30159506354951854
80.36,19.899344736173592,172.6370098129749,-0.4166508330071128,24.72906839294346,-0.44785666009864844,0.7007916260729736,5.336132743908993,0.30208616898585666
80.38,20.220335533912632,172.26074416873854,-0.40263500048565337,24.73023283783294,-0.44785932301654496,0.7007958150900411,5.326471105533301,0.3025763281114767
80.4,20.546582679213586,171.88899591452576,-0.3886190841838526,24.73139023056529,-0.44786150767616867,0.7008001195427489,5.316785303920463,0.3030655393909146
80.42,20.878022710730434,171.5218387704391,-0.3746030817929977,24.73254061394469,-0.44786322237118315,0.7008043401243107,5.307075383009596,0.303553801291673
80.44,21.214591127529495,171.1593455639346,-0.3605869949905114,24.733684030505998,-0.4478644713299683,0.7008082773146261,5.297341386849199,0.30404111228423025
80.46000000000001,21.556222401723094,170.8015882150922,-0.3465708294442189,24.734820522516284,-0.4478652547530908,0.700811734912047,5.287583359596993,0.30452747084204335
80.48,21.902849991297604,170.44863772205272,-0.3325545947459778,24.735950131976328,-0.4478655689207748,0.7008145235147714,5.277801345519728,0.30501287544155237
80.5,22.254406353134677,170.10056414662338,-0.3185383042756822,24.737072900622135,-0.4478654063686574,0.7008164638905867,5.267995388992969,0.3054973245621857
80.52,22.610822956224695,169.75743660005406,-0.30452197499787026,24.73818886992644,-0.4478647561289086,0.7008173901753847,5.258165534500881,0.3059808166863653
80.54,22.972030295071686,169.41932322898708,-0.2905056271943627,24.73929808110019,-0.4478636040326397,0.7008171528436609,5.248311826636039,0.3064633502995111
80.56,23.337957903289087,169.08629120158292,-0.2764892841374893,24.740400575094053,-0.4478619330684346,0.7008156213979946,5.238434310099249,0.30694492389004485
80.58,23.708534367385866,168.75840669382566,-0.26247297170952955,24.741496392599878,-0.4478597237908341,0.7008126867292366,5.228533029699296,0.30742553594939664
80.60000000000001,24.083687340742575,168.43573487601128,-0.24845671797494484,24.742585574052175,-0.4478569547717059,0.7008082631047583,5.218608030352791,0.307905184972008
80.62,24.4633435577769,168.11833989942275,-0.23444055271284947,24.74366815962959,-0.4478536030866536,0.7008022897484973,5.208659357083945,0.308383869455337
80.64,24.84742884829823,167.80628488319633,-0.22042450691787963,24.74474418925635,-0.4478496448279773,0.7007947319836001,5.198687055024346,0.3088615878998638
80.66,25.23586815205072,167.49963190138305,-0.2064086122782074,24.74581370260374,-0.4478450556352004,0.7007855819160683,5.188691169412783,0.30933833880909517
80.68,25.62858553344408,167.19844197021058,-0.19239290063988612,24.746876739091523,-0.44783981123384003,0.7007748586458519,5.178671745595021,0.30981412068956776
80.7,26.025504196471235,166.90277503554978,-0.17837740346696895,24.747933337889393,-0.4478338879729213,0.7007626080001185,5.168628829023632,0.310288932050854
80.72,26.42654649981169,166.61268996059152,-0.16436215130696663,24.748983537918416,-0.44782726335172734,0.7007489017918845,5.158562465257725,0.31076277140556696
80.74,26.831633972119217,166.3282445137384,-0.150347173271129,24.750027377852447,-0.4478199165264368,0.7007338366155982,5.14847269996281,0.3112356372693644
80.76,27.240687327492125,166.0494953567169,-0.13633249653881707,24.75106489611955,-0.4478118287876243,0.7007175321995208,5.138359578910528,0.3117075281609538
80.78,27.653626481124057,165.77649803291487,-0.12231814589482681,24.752096130903418,-0.4478029840000874,0.7007001293426997,5.128223147978497,0.3121784426020966
80.8,28.07037056513294,165.5093069559497,-0.108304143307973,24.753121120144765,-0.44779336899710204,0.7006817874718008,5.118063453150062,0.31264837911761245
80.82000000000001,28.49083794456529,165.247975398472,-0.09429050755853696,24.754139901542743,-0.44778297392199123,0.7006626818599786,5.107880540514097,0.3131173362353863
80.84,28.914946233572728,164.99255548120945,-0.08027725392133744,24.75515251255632,-0.44777179251080323,0.7006430005561273,5.097674456264824,0.3135853124863689
80.86,29.34261231175724,164.74309816225588,-0.06626439391021499,24.756158990405687,-0.4477598223109207,0.7006229410782195,5.087445246701586,0.314052306404585
80.88,29.77375234068125,164.49965322660918,-0.05225193508865056,24.757159372073616,-0.4477470648315454,0.7006027069288596,5.077192958228587,0.3145183165271363
80.9,30.208281780538325,164.26226927596275,-0.038239880950073246,24.75815369430684,-0.44773352562320073,0.7005825039945878,5.066917637354773,0.31498334139420675
80.92,30.64611540698,164.03099371875325,-0.024228230870181555,24.759141993617426,-0.44771921428464934,0.7005625368928069,5.056619330693568,0.3154473795490652
80.94,31.087167328093845,163.8058727604686,-0.010216980132325304,24.760124306284126,-0.44770414439691225,0.7005430053314144,5.046298084962657,0.31591042953807336
80.96000000000001,31.531351001527728,163.58695139421835,0.003793879974303138,24.761100668353738,-0.4476883333853757,0.7005241005462667,5.035953946983779,0.31637248991068756
80.98,31.978579251754994,163.37427339156918,0.01780436198522839,24.762071115642446,-0.447671802312259,0.7005060018805004,5.025586963682555,0.31683355921946416
81.0,32.42876428747506,163.16788129364684,0.03181448202283832,24.76303568373716,-0.4476545756029707,0.7004888735674774,5.015197182088213,0.31729363602006355
81.02,32.881817719143875,162.96781640250634,0.045824259494188,24.76399440799686,-0.44763668071107515,0.7004728617757351,5.004784649333406,0.31775271887125683
81.04,33.3376505766285,162.77411877277092,0.0598337167297025,24.76494732355391,-0.4476181477277083,0.700458091969901,4.994349412654011,0.3182108063349273
81.06,33.796173326980224,162.5868272035403,0.07384287856910055,24.765894465315377,-0.44759900894229726,0.7004446666360875,4.983891519388905,0.3186678969760767
81.08,34.257295892320485,162.40597923056833,0.08785177190182214,24.766835867964357,-0.44757929836233756,0.7004326634139637,4.973411016979724,0.31912398936283004
81.10000000000001,34.72092766783392,162.23161111870937,0.10186042517010119,24.767771565961276,-0.44755905120074513,0.7004221336705765,4.96290795297067,0.3195790820664387
81.12,35.186977539863186,162.06375785463277,0.11586886784351291,24.768701593545185,-0.4475383033399129,0.7004131015432054,4.95238237500832,0.32003317366128564
81.14,35.65535390410012,161.90245313980435,0.12987712987437705,24.76962598473506,-0.4475170907820558,0.700405563470212,4.941834330841349,0.3204862627248905
81.16,36.12596468386809,161.74772938373343,0.14388524114378143,24.77054477333109,-0.4474954490957083,0.7003994882201378,4.9312638683203875,0.3209383478379131
81.18,36.59871734849067,161.5996176974839,0.1578932309081842,24.771457992915952,-0.4474734128683461,0.7003948174203538,4.920671035397725,0.32138942758415834
81.2,37.07351893174191,161.45814788744744,0.17190112725659112,24.772365676856097,-0.44745101517502855,0.7003914665775623,4.910055880127174,0.3218395005505802
81.22,37.550276050373746,161.32334844937745,0.18590895658814244,24.773267858303,-0.4474282870727068,0.7003893265735102,4.899418450663778,0.32228856532728634
81.24,38.0288949227166,161.19524656268123,0.1999167431196125,24.774164570194444,-0.4474052571294139,0.7003882656106148,4.888758795263642,0.32273662050754365
81.26,38.50928138734909,161.0738680849692,0.21392450843182464,24.77505584525575,-0.4473819509969576,0.7003881315739303,4.878076962283683,0.3231836646877809
81.28,38.991340921833455,160.95923754685904,0.22793227106330338,24.775941716001046,-0.4473583910349806,0.7003887547681876,4.867373000181447,0.32362969646759393
81.3,39.47497866151337,160.8513781470334,0.24194004615866715,24.7768222147345,-0.44733459599335273,0.7003899509816525,4.856646957514864,0.3240747144497496
81.32000000000001,39.960099418371115,160.75031174754963,0.25594784517830016,24.77769737355156,-0.4473105807588273,0.7003915248223869,4.845898882942009,0.32451871724019227
81.34,40.44660769994134,160.65605886940085,0.26995567567474765,24.77856722434018,-0.44728635617075063,0.7003932732673105,4.835128825220936,0.32496170344804404
81.36,40.93440772827881,160.56863868832693,0.28396354114009403,24.779431798782042,-0.4472619289093783,0.7003949893603174,4.824336833209398,0.32540367168561335
81.38,41.42340345897783,160.48806903087558,0.29797144092730043,24.780291128353774,-0.4472373014590448,0.7003964659927016,4.813522955864651,0.32584462056839697
81.4,41.91349860024097,160.41436637071314,0.3119793702471543,24.781145244328165,-0.44721247214708093,0.700397499697353,4.802687242243254,0.32628454871508517
81.42,42.4045966319951,160.34754582518542,0.3259873202411012,24.781994177775363,-0.44718743525799937,0.7003978943876235,4.791829741500819,0.3267234547475646
81.44,42.89660082505247,160.28762115212936,0.3399952781288538,24.782837959564077,-0.44716218122109375,0.700397464972466,4.780950502891781,0.32716133729092545
81.46000000000001,43.389414260314936,160.23460474693672,0.3540032274283029,24.783676620362762,-0.4471366968682546,0.7003960407814073,4.770049575769189,0.3275981949734631
81.48,43.88293984801908,160.18850763987112,0.368011148243931,24.784510190640816,-0.4471109657575112,0.7003934687360928,4.759127009584501,0.3280340264266831
81.5,44.37708034702008,160.14933949364038,0.38201901761865287,24.785338700669744,-0.4470849685565934,0.7003896162094975,4.748182853887317,0.32846883028530643
81.52,44.871738384112106,160.11710860122668,0.396026809942843,24.78616218052434,-0.4470586834796887,0.7003843735193479,4.737217158325178,0.3289026051872736
81.54,45.36681647338263,160.0918218839765,0.41003449741323017,24.786980660083852,-0.44703208676957373,0.7003776560087642,4.7262299726433525,0.3293353497737469
81.56,45.86221703559814,160.07348488995387,0.4240420505334055,24.787794169033145,-0.44700515321643985,0.7003694056744812,4.715221346684603,0.32976706268911693
81.58,46.357842417618315,160.0621017925593,0.43804943864689516,24.788602736863847,-0.44697785670402773,0.7003595923111311,4.704191330388934,0.3301977425810061
81.60000000000001,46.85359491183545,160.0576753894181,0.45205663049311795,24.789406392875506,-0.4469501707731526,0.7003482141487949,4.693139973793383,0.33062738810027376
81.62,47.349376775635925,160.06020710154112,0.4660635947760938,24.790205166176726,-0.4469220691923438,0.7003352979702442,4.682067327031831,0.33105599790101736
81.64,47.8450902508798,160.0696969727613,0.4800703007354987,24.790999085686305,-0.4468935265251553,0.7003208987037655,4.6709734403347065,0.331483570640581
81.66,48.340637583394745,160.08614366944948,0.49407671870957426,24.79178818013436,-0.4468645186837244,0.700305098497098,4.659858364028795,0.33191010497955664
81.68,48.835921042479946,160.10954448051243,0.5080828206795163,24.792572478063462,-0.4468350234583694,0.7002880052875575,4.6487221485370265,0.33233559958178854
81.7,49.33084294041545,160.13989531767632,0.5220885807852675,24.793352007829736,-0.4468050210134189,0.7002697508927689,4.637564844378226,0.3327600531143785
81.72,49.82530565197217,160.1771907160586,0.5360939758031229,24.794126797603983,-0.44677449434004896,0.7002504886553448,4.626386502166867,0.3331834642476895
81.74,50.319211633917476,160.22142383503032,0.5500989855762297,24.794896875372793,-0.44674342965766006,0.7002303906832238,4.615187172612874,0.3336058316553506
81.76,50.81246344451106,160.27258645937187,0.5641035933898944,24.795662268939623,-0.4467118167562414,0.7002096447350109,4.603966906521365,0.3340271540142597
81.78,51.30496376298574,160.33066900072296,0.5781077862845945,24.79642300592591,-0.44667964927322745,0.7001884508064331,4.592725754792457,0.33444743000458854
81.8,51.796615409007465,160.39566049932918,0.5921115553007232,24.797179113772145,-0.44664692489953584,0.7001670174797927,4.581463768421014,0.33486665830978596
81.82000000000001,52.287321362108884,160.4675486260853,0.6061148956503191,24.797930619738967,-0.4466136455107598,0.7001455581029561,4.570180998496386,0.3352848376165846
81.84,52.77698478109077,160.546319684876,0.6201178068123783,24.79867755090822,-0.44657981722085693,0.7001242868678731,4.558877496202243,0.335701966615001
81.86,53.26550902338545,160.631958615214,0.6341202925497358,24.79941993418404,-0.44654545035709525,0.7001034148608002,4.547553312816281,0.3361180439983436
81.88,53.752797664376565,160.72444899517447,0.6481223608469517,24.800157796293913,-0.4465105593564714,0.7000831461572582,4.536208499710019,0.3365330684632142
81.9,54.23875451666948,160.8237730446252,0.6621240237700969,24.800891163789725,-0.4464751625852666,0.7000636740342672,4.524843108348559,0.33694703870951404
81.92,54.72328364930689,160.92991162875023,0.6761252972507821,24.801620063048823,-0.44643928208483924,0.7000451773705749,4.513457190290369,0.33735995344044506
81.94,55.206289406924206,161.04284426186507,0.6901262007981934,24.802344520275053,-0.4464029432481297,0.7000278173024272,4.502050797187035,0.3377718113625167
81.96000000000001,55.68767642883968,161.16254911152086,0.704126757144242,24.80306456149981,-0.446366174432657,0.7000117341980231,4.4906239807830035,0.3381826111855492
81.98,56.167349668074344,161.28900300289416,0.7181269918282025,24.80378021258306,-0.4463290065169899,0.6999970450081618,4.4791767929154,0.3385923516226767
82.0,56.645214410297164,161.4221814234594,0.7321269327283657,24.804491499214382,-0.4462914724087502,0.6999838410438826,4.4677092855137435,0.33900103139035226
82.02,57.12117629269117,161.5620585279396,0.7461266095492434,24.805198446913973,-0.4462536065131431,0.699972186224188,4.456221510599726,0.33940864920835245
82.04,57.595141322736545,161.70860714353194,0.7601260532737273,24.805901081033685,-0.44621544417177716,0.6999621158283964,4.444713520287005,0.3398152037997787
82.06,58.06701589690703,161.8617987754035,0.7741252955902951,24.806599426758016,-0.4461770210821316,0.699953635778434,4.43318536678094,0.3402206938910643
82.08,58.53670681927638,162.02160361245333,0.7881243683058639,24.807293509105133,-0.4461383727084294,0.6999467224666072,4.421637102378344,0.3406251182119766
82.10000000000001,59.00412132003181,162.18799053333566,0.8021233027551959,24.80798335292786,-0.44609953369488015,0.6999413231342876,4.4100687794672595,0.341028475495623
82.12,59.469167073891796,162.36092711274082,0.8161221292178817,24.808668982914675,-0.44606053729225675,0.6999373567966799,4.398480450526755,0.34143076447845094
82.14,59.93175221842592,162.54037962792873,0.8301208763538153,24.809350423590697,-0.4460214148085648,0.6999347156985933,4.386872168126612,0.34183198390025715
82.16,60.391785372274434,162.72631306551122,0.8441195706677869,24.810027699318677,-0.44598219509415854,0.6999332672761406,4.375243984927174,0.3422321325041863
82.18,60.84917565326587,162.91869112847897,0.8581182360133095,24.81070083429996,-0.44594290407105475,0.6999328565896755,4.36359595367902,0.34263120903673994
82.2,61.303832696430824,163.1174762434695,0.8721168931451029,24.81136985257547,-0.44590356431540695,0.6999333091842839,4.35192812722281,0.34302921224777555
82.22,61.7556666719105,163.32262956827256,0.8861155593287888,24.81203477802667,-0.4458641947011453,0.6999344343259124,4.340240558488974,0.3434261408905148
82.24,62.20458830275835,163.53411099957,0.9001142480153073,24.81269563437652,-0.4458248101116719,0.6999360285539106,4.328533300497521,0.34382199372154476
82.26,62.65050888263364,163.75187918090737,0.9141129685863856,24.81335244519044,-0.4457854212252527,0.6999378794845357,4.316806406357731,0.3442167695008228
82.28,63.093340293385225,163.9758915108946,0.9281117261760761,24.814005233877246,-0.44574603437838717,0.6999397697949383,4.305059929268039,0.34461046699168
82.3,63.53299502252439,164.20610415163443,0.9421105215719745,24.814654023690107,-0.4457066515099884,0.6999414813134153,4.29329392251568,0.34500308496082466
82.32000000000001,63.96938618058483,164.44247203737638,0.9561093511982426,24.815298837727475,-0.4456672701876993,0.6999427991393593,4.281508439476463,0.34539462217834865
82.34,64.40242751836824,164.6849488833957,0.9701082071810294,24.81593969893402,-0.4456278837161304,0.6999435157154241,4.269703533614599,0.34578507741772696
82.36,64.83203344407355,164.93348719509612,0.984107077495338,24.81657663010156,-0.44558848132526097,0.6999434347749496,4.257879258482353,0.34617444945582604
82.38,65.25811904030742,165.18803827733652,0.9981059461908366,24.81720965386998,-0.44554904843572957,0.6999423750896959,4.246035667719883,0.3465627370729047
82.4,65.68060008097387,165.44855224398083,1.0121047936926306,24.81783879272815,-0.44550956699627586,0.699940173946346,4.234172815054975,0.34694993905261884
82.42,66.09939304803997,165.714978027672,1.0261035971715575,24.81846406901483,-0.44547001588721646,0.6999366902850381,4.222290754302832,0.34733605418202446
82.44,66.5144151481746,165.98726338983013,1.0401023309772581,24.819085504919585,-0.4454303713825666,0.6999318074392585,4.2103895393657185,0.34772108125158374
82.46000000000001,66.92558432925698,166.26535493087547,1.0541009671260433,24.81970312248368,-0.44539060766228183,0.6999254354236918,4.198469224232827,0.34810501905516644
82.48,67.33281929675096,166.54919810067727,1.0680994758345168,24.820316943600982,-0.4453506973651128,0.6999175127249292,4.1865298629800165,0.3484878663900542
82.5,67.73603952994127,166.83873720922887,1.082097826089015,24.820926990018837,-0.4453106121717596,0.6999080075591372,4.17457150976952,0.34886962205694516
82.52,68.13516529802703,167.13391543755023,1.096095986240198,24.82153328333896,-0.44527032340739825,0.6998969185707267,4.162594218849726,0.3492502848599578
82.54,68.53011767606804,167.43467484881847,1.110093924611613,24.82213584501833,-0.4452298026522397,0.6998842749565293,4.150598044554951,0.34962985360663257
82.56,68.92081856077867,167.7409563997269,1.124091610110744,24.822734696370038,-0.44518902234858554,0.6998701360108164,4.1385830413051785,0.3500083271079381
82.58,69.30719068616433,168.0526999520731,1.1380890128309602,24.82332985856417,-0.44514795639286286,0.6998545900974509,4.126549263605783,0.35038570417827375
82.60000000000001,69.68915763899498,168.36984428457612,1.1520861046329092,24.82392135262867,-0.44510658070135944,0.6998377530663746,4.1144967660473135,0.35076198363547434
82.62,70.0666438741102,168.69232710492247,1.166082859694237,24.8245091994502,-0.4450648737388339,0.6998197661422583,4.102425603305269,0.3511371643008113
82.64,70.43957472955026,169.02008506204066,1.1800792550170822,24.825093419774994,-0.44502281699983565,0.6998007933232956,4.0903358301397805,0.3515112449990002
82.66,70.80787644150745,169.35305375860298,1.1940752708835483,24.825674034209694,-0.44498039543342643,0.6997810183376194,4.078227501395444,0.35188422455820023
82.68,71.17147615909218,169.6911677637534,1.2080708912503004,24.826251063222205,-0.44493759780303305,0.6997606412134447,4.066100672000996,0.35225610181002226
82.7,71.53030195890832,170.03436062605974,1.2220661040745693,24.826824527142538,-0.44489441697436016,0.6997398745266589,4.053955396969136,0.3526268755895278
82.72,71.88428285943245,170.3825648866876,1.2360609015651027,24.827394446163623,-0.4448508501256323,0.6997189393960229,4.041791731396212,0.3529965447352372
82.74,72.23334883519179,170.73571209279368,1.2500552803530232,24.82796084034216,-0.4448068988758888,0.6996980613012848,4.029609730461999,0.35336510808913024
82.76,72.57743083073635,171.093732811135,1.2640492415790483,24.82852372959943,-0.4447625693285994,0.6996774658032412,4.017409449429472,0.35373256449665075
82.78,72.91646077440025,171.45655664189036,1.278042790895113,24.829083133722108,-0.4447178720294714,0.6996573742470283,4.00519094364453,0.35409891280670935
82.8,73.25037159184858,171.82411223269017,1.292035938380054,24.82963907236309,-0.44467282183895035,0.699637999530638,3.9929542685357298,0.35446415187168956
82.82000000000001,73.57909721940578,172.19632729285001,1.3060286983706666,24.830191565042288,-0.44462743772154867,0.6996195420197986,3.9806994796140502,0.35482828054744886
82.84,73.90257261716238,172.57312860780323,1.3200210892110622,24.83074063114744,-0.4445817424557319,0.6996021856879626,3.9684266324726725,0.35519129769332225
82.86,74.2207337818572,172.95444205372735,1.334013132924822,24.831286289934905,-0.44453576226962854,0.6995860945562105,3.95613578278667,0.3555532021721282
82.88,74.53351775953287,173.34019261235923,1.3480048548159465,24.83182856053046,-0.4444895264092694,0.6995714095025172,3.943826986312781,0.3559139928501701
82.9,74.8408626579625,173.73030438599312,1.3619962830059968,24.83236746193009,-0.4444430666473825,0.6995582455030841,3.93150029888918,0.3562736685972403
82.92,75.14270765884643,174.12470061265623,1.3759874479160583,24.83290301300076,-0.4443964167419416,0.6995466893604706,3.919155776435203,0.35663222828662317
82.94,75.43899302977795,174.52330368145584,1.3899783817032674,24.833435232481204,-0.4443496118546704,0.6995367979641872,3.906793474951073,0.35698967079510047
82.96000000000001,75.72966013597747,174.92603514809267,1.4039691176625508,24.8339641389827,-0.44430268794051375,0.6995285971194193,3.8944134505176664,0.357345995002953
82.98,76.0146514517952,175.33281575053425,1.4179596896049391,24.834489750989835,-0.4442556811196926,0.6995220809688135,3.8820157592962894,0.3577011997939646
83.0,76.29391057198241,175.74356542484335,1.4319501312243155,24.83501208686127,-0.4442086270443444,0.6995172120209697,3.8696004575283514,0.358055284055426
83.02,76.56738222273181,176.15820332115572,1.4459404754647345,24.835531164830492,-0.4441615602719043,0.6995139217876889,3.8571676015351932,0.358408246678138
83.04,76.83501227248802,176.5766478198022,1.4599307539004887,24.836047003006584,-0.44411451365730625,0.6995121120203055,3.8447172477177465,0.3587600865564151
83.06,77.09674774252882,176.99881654757007,1.4739209961408948,24.836559619374967,-0.4440675177757722,0.6995116565238424,3.8322494525563635,0.35911080258808864
83.08,77.35253681731842,177.4246263940996,1.487911229271372,24.837069031798144,-0.44402060038741853,0.6995124035164787,3.8197642726104863,0.35946039367451066
83.10000000000001,77.60232885463381,177.8539935284107,1.5019014773417014,24.837575258016443,-0.4439737859541516,0.6995141784911372,3.8072617645184224,0.35980885872055796
83.12,77.84607439546517,178.28683341555669,1.5158917609115239,24.83807831564875,-0.44392709521836005,0.6995167875260874,3.794741984997119,0.360156196634633
83.14,78.08372517369145,178.72306083340067,1.529882096662046,24.838578222193252,-0.44388054485176,0.699520020982518,3.7822049908418327,0.3605024063286711
83.16,78.31523412553184,179.16258988951236,1.5438724970816962,24.83907499502815,-0.44383414718142983,0.6995236575192566,3.7696508389259535,0.36084748671813976
83.18,78.54055539877369,179.6053340381815,1.5578629702320814,24.83956865141238,-0.4437879099986108,0.6995274683483264,3.7570795862006667,0.36119143672204634
83.2,78.75964436177719,180.051206097546,1.5718535195990482,24.840059208486355,-0.4437418364542711,0.699531221649999,3.7444912896947744,0.361534255262937
83.22,78.97245761225679,180.5001182668322,1.5858441440320483,24.840546683272642,-0.4436959250437727,0.6995346870625282,3.7318860065143675,0.36187594126690403
83.24,79.17895298583886,180.9519821437057,1.5998348377732992,24.8410310926767,-0.443650169681262,0.69953764015988,3.7192637938425945,0.36221649366358694
83.26,79.37908956439483,181.4067087417304,1.6138255905764964,24.841512453487574,-0.4436045598626734,0.6995398668306048,3.706624708939425,0.3625559113861762
83.28,79.57282768414844,181.8642085079349,1.627816387913109,24.841990782378588,-0.44355908091451124,0.6995411674725032,3.6939688091413694,0.36289419337141615
83.3,79.76012894355543,182.32439134048437,1.6418072112625595,24.842466095908048,-0.4435137143239005,0.6995413609208958,3.6812961518611953,0.36323133855961026
83.32000000000001,79.94095621095354,182.78716660645657,1.6557980384809774,24.84293841051994,-0.44346843814380293,0.6995402880331181,3.66860679458769,0.36356734589462253
83.34,80.11527363198007,183.25244315972114,1.6697888442416398,24.843407742544592,-0.4434232274658088,0.6995378148581552,3.655900794885432,0.36390221432388076
83.36,80.28304663675405,183.72012935892027,1.683779600538803,24.843874108199387,-0.44337805495157223,0.6995338353280903,3.643178210394455,0.3642359427983815
83.38,80.4442419468196,184.1901330855497,1.6977702772453647,24.84433752358942,-0.4433328914127802,0.6995282734170262,3.6304390988300703,0.3645685302726915
83.4,80.5988275818467,184.6623617621381,1.711760842713705,24.844798004708174,-0.4432877064285608,0.6995210847232662,3.6176835179825204,0.3648999757049525
83.42,80.74677286608525,185.13672237052364,1.7257512644081707,24.845255567438194,-0.44324246898846115,0.6995122574415592,3.604911525716804,0.36523027805688246
83.44,80.88804843456815,185.6131214702252,1.7397415095570015,24.84571022755175,-0.44319714814857925,0.6995018127039381,3.592123179972335,0.365559436293782
83.46000000000001,81.02262623905894,186.09146521690613,1.75373154581108,24.84616200071149,-0.4431517136881255,0.6994898042798898,3.579318538762716,0.3658874493845346
83.48,81.15047955373937,186.57165938092814,1.767721341896678,24.846610902471117,-0.44310613675362925,0.6994763176390401,3.5664976601755045,0.366214316301611
83.5,81.27158298063242,187.05360936599214,1.7817108682494585,24.84705694827601,-0.4430603904781918,0.6994614683919785,3.5536606023718753,0.36654003602107305
83.52,81.38591245475591,187.53722022786303,1.7957000976172983,24.847500153463894,-0.4430144505636228,0.6994454001370646,3.5408074235864406,0.3668646075225755
83.54,81.49344524900279,188.02239669317441,1.80968900562004,24.84794053326548,-0.44296829581396885,0.6994282817527666,3.5279381821269045,0.3671880297893708
83.56,81.59415997874333,188.50904317830992,1.8236775712550957,24.848378102805093,-0.44292190860984365,0.699410304186109,3.515052936373878,0.36751030180831074
83.58,81.68803660614573,188.99706380835605,1.8376657773388176,24.848812877101324,-0.4428752753140815,0.6993916767978727,3.5021517447805466,0.3678314225698507
83.60000000000001,81.77505644421133,189.48636243612242,1.8516536108747754,24.849244871067647,-0.4428283866005359,0.6993726233341477,3.489234665872429,0.3681513910680531
83.62,81.85520216052133,189.97684266122437,1.8656410633414584,24.84967409951305,-0.44278123769931393,0.69935337760147,3.47630175824714,0.3684702063005887
83.64,81.92845778069237,190.46840784922244,1.8796281308934883,24.85010057714266,-0.4427338285533413,0.6993341789289341,3.4633530805741,0.3687878672687415
83.66,81.99480869153872,190.9609611508136,1.893614814472067,24.85052431855835,-0.4426861638828682,0.6993152675052452,3.450388691594247,0.3691043729774115
83.68,82.05424164393956,191.4544055210683,1.9076011198221714,24.850945338259375,-0.4426382531563107,0.6992968796815364,3.437408650119793,0.36941972243511806
83.7,82.10674475541023,191.94864373870791,1.9215870574158025,24.851363650642963,-0.4425901104676531,0.6992792433318926,3.42441301503399,0.36973391465400124
83.72,82.15230751237712,192.4435784254163,1.9355726422824402,24.851779270004926,-0.4425417543224657,0.6992625733628178,3.411401845290795,0.37004694864982757
83.74,82.19092077215625,192.93911206518004,1.949557893749697,24.852192210540267,-0.44249320733639524,0.6992470674604214,3.3983751999146383,0.37035882344199145
83.76,82.22257676463643,193.43514702365124,1.963542835098905,24.85260248634377,-0.4424444958517185,0.699232902159848,3.3853331380001763,0.3706695380535185
83.78,82.24726909366825,193.93158556752704,1.9775274931421016,24.853010111410605,-0.44239564947918025,0.6992202293155658,3.3722757187120025,0.3709790915110679
83.8,82.2649927381607,194.4283298839406,1.9915118977284134,24.853415099636905,-0.44234670057383796,0.6992091730436314,3.3592030012843654,0.37128748284493773
83.82000000000001,82.27574405288796,194.92528209985772,2.0054960811892855,24.853817464820366,-0.4422976836549688,0.6991998271981165,3.3461150450208708,0.3715947110890658
83.84,82.27952076900898,195.42234430147414,2.019480077733248,24.854217220660818,-0.4422486347812376,0.6991922534336774,3.333011909294362,0.3719007752810331
83.86,82.27632199430315,195.91941855360844,2.0334639228019213,24.854614380760808,-0.44219959089325495,0.6991864798949554,3.319893653546414,0.3722056744620677
83.88,82.26614821312536,196.41640691908597,2.0474476523998204,24.855008958626176,-0.4421505891363469,0.6991825005613477,3.306760337287322,0.37250940767704654
83.9,82.24900128608442,196.91321147810945,2.061431302411048,24.85540096766662,-0.44210166617680574,0.6991802752629085,3.2936120200955847,0.37281197397449983
83.92,82.22488444944842,197.40973434761227,2.075414907916306,24.855790421196268,-0.44205285752507456,0.6991797303699697,3.2804487616178366,0.37311337240661235
83.94,82.19380231428117,197.9058777005908,2.0893985025237054,24.856177332434243,-0.44200419687924286,0.6991807601457786,3.267270621568451,0.37341360202922796
83.96000000000001,82.15576086531345,198.40154378541249,2.103382117726621,24.85656171450521,-0.44195571550188467,0.6991832287383024,3.2540776597293073,0.373712661901852
83.98,82.11076745955305,198.89663494509665,2.1173657823013876,24.85694358043995,-0.44190744164267093,0.6991869727745935,3.2408699359495494,0.37401055108765374
84.0,82.05883082463703,199.3910536365654,2.1313495217568796,24.85732294317589,-0.44185940001833557,0.6991918045090028,3.2276475101452844,0.37430726865346936
84.02,81.99996105692983,199.88470244986212,2.1453333578470595,24.857699815557673,-0.4418116113604922,0.6991975154653352,3.2144104422992945,0.3746028136698063
84.04,81.93416961937007,200.37748412733563,2.159317308156366,24.85807421033768,-0.4417640920404997,0.6992038805029583,3.2011587924607827,0.3748971852108446
84.06,81.86146933906872,200.86930158278776,2.1733013857664254,24.858446140176586,-0.44171685377909176,0.699210662228143,3.187892620745138,0.3751903823544399
84.08,81.7818744046612,201.36005792058268,2.1872855990109876,24.858815617643888,-0.4416699034468373,0.699217615664681,3.1746119873335914,0.37548240418212725
84.10000000000001,81.69540036341475,201.84965645471638,2.2012699513242815,24.859182655218444,-0.44162324295972843,0.6992244930922725,3.1613169524729807,0.3757732497791238
84.12,81.60206411809274,202.33800072784436,2.2152544411861275,24.859547265289,-0.4415768692723216,0.6992310489574145,3.1480075764754947,0.37606291823433036
84.14,81.5018839235765,202.82499453026608,2.2292390621652753,24.85990946015471,-0.44153077446893635,0.6992370447596233,3.134683919718383,0.3763514086403357
84.16,81.394879383245,203.31054191886435,2.2432238030604683,24.860269252025667,-0.44148494595147114,0.6992422538158597,3.1213460426436552,0.3766387200934191
84.18,81.28107144511216,203.79454723599778,2.2572086481367855,24.860626653023413,-0.4414393667204717,0.6992464658079991,3.1079940057578295,0.3769248516935534
84.2,81.1604823977211,204.27691512834426,2.2711935774529453,24.86098167518146,-0.4413940157442218,0.6992494910220488,3.0946278696316956,0.37720980254440606
84.22,81.03313586579408,204.75755056569312,2.2851785672733858,24.861334330445796,-0.4413488684088556,0.6992511641935357,3.0812476948999556,0.3774935717533451
84.24,80.89905680563676,205.23635885968366,2.2991635905572565,24.86168463067539,-0.4413038970408504,0.6992513478809264,3.067853542261045,0.3777761584314384
84.26,80.75827150029467,205.71324568248684,2.3131486175148748,24.862032587642712,-0.44125907149178356,0.699249935297981,3.0544454724767616,0.3780575616934599
84.28,80.61080755445984,206.1881170854274,2.3271336162208343,24.862378213034212,-0.4412143597739574,0.6992468525464078,3.041023546372084,0.37833778065788903
84.3,80.45669388912522,206.6608795175425,2.3411185532717624,24.86272151845083,-0.4411697287344342,0.6992420602018575,3.027587824834816,0.37861681444691647
84.32000000000001,80.2959607359843,207.13143984407333,2.3551033944757993,24.863062515408483,-0.4411251447542091,0.699235554218983,3.0141383688153423,0.3788946621864451
84.34,80.12863963157339,207.5997053648853,2.369088105560179,24.86340121533856,-0.44108057445869114,0.6992273661346979,3.000675239326387,0.3791713230060928
84.36,79.95476341115415,208.0655838328122,2.3830726528828734,24.863737629588407,-0.4410359854253817,0.6992175625626803,2.9871984974426593,0.37944679603919623
84.38,79.77436620233371,208.52898347191967,2.397057004134127,24.864071769421805,-0.4409913468746348,0.6992062439862635,2.9737082043006646,0.37972108042281244
84.4,79.58748341842048,208.98981299568246,2.411041129013853,24.864403646019458,-0.4409466303296647,0.6991935428709014,2.9602044210983376,0.3799941752977223
84.42,79.39415175151346,209.44798162507027,2.4250249998712707,24.86473327047946,-0.4409018102325204,0.6991796211310616,2.9466872090948555,0.38026607980843263
84.44,79.1944091653237,209.90339910653643,2.4390085922938916,24.86506065381777,-0.44085686450357137,0.6991646669994553,2.9331566296102802,0.3805367931031794
84.46000000000001,78.98829488772658,210.35597572990352,2.452991885633881,24.865385806968696,-0.44081177503312385,0.69914889135867,2.9196127440253146,0.3808063143339302
84.48,78.77584940304436,210.80562234614013,2.466974863461054,24.865708740785333,-0.4407665280950956,0.699132523606278,2.906055613781047,0.3810746426563867
84.5,78.5571144440588,211.2522503850225,2.4809575139331796,24.86602946604005,-0.4407211146741917,0.6991158071341553,2.8924853003786484,0.3813417772299874
84.52,78.33213298375428,211.6957718726755,2.4949398300758627,24.866347993424935,-0.440675530699718,0.6990989945108221,2.8789018653790728,0.38160771721791054
84.54,78.1009492267924,212.1360994489864,2.508921809966079,24.866664333552254,-0.44062977718100504,0.6990823424619665,2.865305370402799,0.3818724617870765
84.56,77.86360860071967,212.57314638488666,2.5229034568153184,24.866978496954914,-0.44058386024136525,0.6990661067488012,2.8516958771295853,0.3821360101081501
84.58,77.62015774691058,213.00682659949496,2.536884778950294,24.867290494086895,-0.4405377910495211,0.6990505370463963,2.838073447298112,0.382398361355544
84.60000000000001,77.37064451124854,213.43705467711746,2.5508657896912226,24.867600335323708,-0.44049158564949265,0.6990358719246264,2.824438142705778,0.38265951470742043
84.62,77.11511793454851,213.86374588409947,2.5648465071297153,24.867908030962838,-0.44044526469196954,0.6990223340327797,2.810790025208389,0.38291946934569376
84.64,76.85362824272467,214.28681618552437,2.5788269538103705,24.868213591224173,-0.44039885307218146,0.6990101255852743,2.797129156719852,0.3831782244560344
84.66,76.58622683670788,214.70618226175552,2.592807156322076,24.868517026250455,-0.44035237948117545,0.6989994242403519,2.7834555992119303,0.38343577922786964
84.68,76.3129662821175,215.12176152481746,2.6067871448068827,24.868818346107698,-0.4403058758791766,0.698990379456157,2.769769414713938,0.38369213285438764
84.7,76.03390029869267,215.53347213461322,2.6207669523960053,24.86911756078563,-0.44025937690130856,0.6989831093994285,2.7560706653125058,0.383947284532538
84.72,75.74908374948855,215.94123301497487,2.634746614583994,24.86941468019811,-0.44021291920735334,0.6989776984712806,2.7423594131512186,0.3842012334630371
84.74,75.45857262984305,216.344963869545,2.64872616855342,24.869709714183564,-0.4401665407884027,0.6989741955024598,2.728635720430425,0.3844539788503675
84.76,75.1624240561198,216.74458519748748,2.662705652463469,24.870002672505393,-0.44012028024417726,0.6989726126572301,2.714899649406863,0.38470551990278334
84.78,74.8606962542332,217.14001830902583,2.676685104716613,24.8702935648524,-0.4400741760454355,0.6989729250709747,2.7011512623934713,0.3849558558323102
84.8,74.55344854796104,217.5311853408085,2.690664563218032,24.870582400839194,-0.4400282657962586,0.698975071231933,2.6873906217590244,0.38520498585474977
84.82000000000001,74.24074134705064,217.91800927110012,2.704644064642671,24.87086919000661,-0.43998258551106173,0.6989789541025575,2.6736177899278832,0.38545290918968106
84.84,73.92263613512362,218.3004139347987,2.7186236437247224,24.871153941822108,-0.43993716892094886,0.6989844429610206,2.659832829379739,0.38569962506046296
84.86,73.59919545738467,218.67832403827856,2.7326033325839427,24.871436665680196,-0.4398920468234995,0.6989913759287961,2.6460358026493025,0.3859451326942365
84.88,73.27048290813892,219.05166517405905,2.746583160102519,24.87171737090281,-0.4398472464892601,0.6989995631362166,2.632226772325999,0.3861894313219287
84.9,72.93656311812265,219.4203638352995,2.7605631513652433,24.871996066739726,-0.43980279113712345,0.6990087904647969,2.618405801053708,0.38643252017825297
84.92,72.5975017416511,219.78434743012048,2.7745433271745394,24.87227276236895,-0.4397586994894433,0.6990188237931757,2.604572951530513,0.3866743985017127
84.94,72.25336544358711,220.14354429575172,2.7885237036504034,24.872547466897114,-0.4397149854161647,0.6990294136629943,2.5907282865083476,0.38691506553460336
84.96000000000001,71.90422188613364,220.49788371250685,2.802504291923663,24.872820189359867,-0.43967165767549227,0.6990403002721534,2.576871868792746,0.38715452052301513
84.98,71.5501397154528,220.8472959175848,2.816485097929106,24.873090938722257,-0.43962871975669937,0.6990512186958346,2.5630037612425802,0.38739276271683465
85.0,71.19118854811364,221.19171211869764,2.8304661223030223,24.87335972387912,-0.43958616982863885,0.6990619042306069,2.549124026769754,0.3876297913697478
85.02,70.82743895737029,221.5310645075243,2.844447360387635,24.873626553655455,-0.4395440007953931,0.6990720977539614,2.535232728338891,0.38786560573924217
85.04,70.45896245927175,221.86528627298904,2.858428802342715,24.87389143680681,-0.4395022004583392,0.6990815509908253,2.5213299289670763,0.3881002050866093
85.06,70.08583149860428,222.19431161436347,2.872410433362532,24.874154382019654,-0.4394607517817481,0.6990900315800058,2.5074156917236006,0.3883335886769464
85.08,69.70811943466697,222.51807575419014,2.8863922339941315,24.874415397911743,-0.4394196332569275,0.6990973278370837,2.4934900797295976,0.38856575577915975
85.10000000000001,69.32590052688056,222.83651495102538,2.900374180550873,24.874674493032497,-0.4393788193579035,0.6991032531159823,2.479553156157836,0.3887967056659659
85.12,68.93924992022986,223.14956651199867,2.9143562456131926,24.874931675863362,-0.4393382810797504,0.6991076496791531,2.4656049842323986,0.38902643761389455
85.14,68.54824363053949,223.4571688051852,2.928338398606776,24.875186954818176,-0.4392979865489679,0.6991103919958821,2.4516456272283724,0.3892549509032908
85.16,68.15295852958286,223.7592612717879,2.9423206064466942,24.87544033824353,-0.43925790169380113,0.6991113893994992,2.437675148471597,0.3894822448183172
85.18,67.75347233002414,224.0557844381245,2.956302834234684,24.875691834419122,-0.439217990961134,0.69911058804697,2.4236936113383534,0.38970831864695665
85.2,67.34986357019335,224.34667992741547,2.970285045995624,24.87594145155812,-0.4391782180655869,0.6991079721382898,2.4097010792551106,0.389933171681013
85.22,66.94221159869444,224.63189047136706,2.984267205438389,24.876189197807506,-0.4391385467557392,0.6991035643679405,2.3956976156982184,0.390156803216115
85.24,66.5305965588468,224.91135992154508,2.9982492767257476,24.876435081248427,-0.439098941581989,0.6990974255961613,2.3816832841935893,0.39037921255171787
85.26,66.1150993729607,225.18503326053315,3.01223122523767,24.876679109896543,-0.4390593686504651,0.6990896537435853,2.367658148316441,0.3906003989911056
85.28,65.69580172644775,225.45285661286988,3.026213018312542,24.876921291702374,-0.4390197963476298,0.699080381928594,2.353622271691038,0.3908203618413923
85.3,65.27278605176755,225.71477725575946,3.0401946259511137,24.877161634551637,-0.4389801960207424,0.6990697758822216,2.339575717990347,0.3910391004135259
85.32000000000001,64.84613551221233,225.97074362954947,3.0541760214687574,24.877400146265582,-0.4389405426001923,0.699058030690287,2.3255185509357226,0.39125661402228923
85.34,64.41593398553192,226.22070534797064,3.0681571820825635,24.877636834601336,-0.43890081515083545,0.6990453669263234,2.3114508342967617,0.39147290198630225
85.36,63.98226604740175,226.4646132081326,3.0821380894210897,24.877871707252226,-0.4388609973408609,0.699032026251546,2.297372631890882,0.39168796362802405
85.38,63.54521695473687,226.70241920027075,3.09611872994612,24.87810477184812,-0.4388210778183443,0.6990182665692802,2.283284007583024,0.39190179827375615
85.4,63.104872628856,226.9340765172392,3.110099095277506,24.878336035955737,-0.43878105048748506,0.6990043568307137,2.26918502528544,0.3921144052536432
85.42,62.66131963849949,227.15953956374503,3.1240791824141203,24.878565507079003,-0.4387409146785337,0.6989905715963656,2.2550757489573963,0.3923257839016755
85.44,62.21464518270599,227.37876396532056,3.138058993846048,24.878793192659337,-0.4387006752075558,0.6989771854630956,2.240956242604808,0.3925359335556916
85.46000000000001,61.76493707355268,227.5917065770294,-3.1311467696242765,24.879019100075993,-0.4386603423244076,0.6989644674696983,2.2268265702800356,0.3927448535573797
85.48,61.312283718764455,227.79832549190397,-3.1171674802748823,24.87924323664637,-0.43861993154957063,0.6989526755950678,2.212686796081556,0.39295254325227974
85.5,60.856774104197775,227.998580049112,-3.103188426762981,24.87946560962633,-0.4385794634027599,0.6989420514615307,2.198536984153649,0.3931590019897864
85.52,60.39849777620496,228.1924308418507,-3.0892095857337503,24.879686226210502,-0.4385389630284394,0.6989328153522643,2.184377198686142,0.39336422912314994
85.54,59.937544823885126,228.37983972496735,-3.075230929426705,24.879905093532603,-0.4384984597255044,0.6989251616457945,2.170207503914096,0.39356822400947894
85.56,59.47400586122776,228.56076982230633,-3.061252426193789,24.880122218665733,-0.43845798639037264,0.6989192547625105,2.156027964117558,0.39377098600974175
85.58,59.00797200915532,228.73518553378278,-3.0472740410985386,24.880337608622682,-0.4384175788845364,0.6989152257081024,2.1418386436211914,0.3939725144887694
85.60000000000001,58.53953487747088,228.90305254218413,-3.0332957365843765,24.880551270356236,-0.4383772753392119,0.6989131692870101,2.1276396067940637,0.3941728088152565
85.62,58.06878654671692,229.06433781970054,-3.0193174731986363,24.88076321075947,-0.4383371154110619,0.6989131420456077,2.1134309180493203,0.3943718683617641
85.64,57.59581954995117,229.21900963418685,-3.0053392103577243,24.880973436666043,-0.4382971395040255,0.6989151609901715,2.0992126418438675,0.39456969250472096
85.66,57.12072685444511,229.367037555158,-2.991360907137921,24.881181954850504,-0.4382573879730413,0.6989192031090466,2.084984842678118,0.39476628062442615
85.68,56.6436018433105,229.50839245952088,-2.97738252307574,24.881388772028572,-0.4382179003258885,0.698925205712074,2.0707475850956714,0.39496163210505103
85.7,56.16453829705903,229.64304653704565,-2.9634040189614987,24.88159389485742,-0.43817871443947237,0.6989330675836606,2.0565009336830595,0.39515574633463985
85.72,55.68363037509971,229.77097329557958,-2.9494253576098255,24.881797329935974,-0.43813986580665426,0.6989426509291802,2.042244953069429,0.39534862270511334
85.74,55.200972597178286,229.89214756600683,-2.935446504591242,24.881999083805187,-0.4381013868291633,0.6989537840780263,2.0279797079262227,0.39554026061226977
85.76,54.7166598247626,230.00654550695708,-2.9214674289096814,24.882199162948325,-0.438063306171248,0.6989662648909565,2.013705262966913,0.3957306594557874
85.78,54.230787242377374,230.11414460926653,-2.907488103611862,24.88239757379125,-0.43802564818753875,0.6989798648046676,1.9994216829467426,0.3959198186392251
85.8,53.74345033889146,230.21492370019354,-2.8935085063157686,24.88259432270268,-0.4379884324371243,0.6989943334331696,1.985129032662345,0.396107737570026
85.82000000000001,53.25474488876033,230.30886294739193,-2.8795286196471053,24.88278941599448,-0.43795167329412554,0.6990094036337188,1.9708273769515388,0.39629441565951773
85.84,52.76476693322606,230.39594386264383,-2.865548431574431,24.88298285992193,-0.43791537966310934,0.6990247969351333,1.956516780692994,0.3964798523229152
85.86,52.27361276147705,230.47614930535383,-2.851567935635728,24.883174660683988,-0.4378795548055664,0.6990402292184127,1.942197308805915,0.3966640469793223
85.88,51.78137889176897,230.5494634858055,-2.83758713105136,24.883364824423555,-0.43784419628142046,0.6990554165339231,1.927869026249782,0.3968469990517336
85.9,51.288162052508895,230.6158719681809,-2.8236060227206816,24.883553357227747,-0.43780929600718804,0.6990700809361067,1.9135319980240326,0.3970287079670362
85.92,50.79405916330366,230.67536167334328,-2.8096246211019595,24.883740265128154,-0.4377748404300174,0.6990839562158097,1.8991862891678142,0.39720917315601123
85.94,50.29916731597411,230.72792088138198,-2.7956429419776434,24.883925554101097,-0.43774081081444927,0.6990967934119271,1.8848319647596063,0.39738839405333626
85.96000000000001,49.80358375553641,230.7735392339186,-2.7816610061094047,24.88410923006789,-0.4377071836364127,0.6991083659881183,1.8704690899170069,0.39756637009758644
85.98,49.3074058611518,230.81220773617235,-2.7676788387896423,24.884291298895086,-0.43767393107674124,0.6991184745667678,1.8560977297964039,0.39774310073123637
86.0,48.810731127046374,230.84391875878245,-2.753696469298307,24.88447176639474,-0.437641021604418,0.6991269511210508,1.8417179495926534,0.39791858540066255
86.02,48.31365714340247,230.86866603938444,-2.739713930275886,24.88465063832465,-0.4376084206378738,0.6991336625367179,1.827329814538821,0.3980928235561441
86.04,47.81628157722365,230.88644468393696,-2.725731257025152,24.884827920388613,-0.4375760912710115,0.6991385134678529,1.8129333899058617,0.39826581465186545
86.06,47.318702153175366,230.89725116779553,-2.711748486755795,24.885003618236656,-0.4375439950492451,0.699141448425092,1.7985287410023598,0.39843755814591686
86.08,46.821016634403996,230.90108333652864,-2.697765657787293,24.8851777374653,-0.4375120927797583,0.6991424530503783,1.784115933174208,0.3986080535002972
86.10000000000001,46.32332280333692,230.8979404064724,-2.6837828087262854,24.885350283617775,-0.4374803453594196,0.6991415545489029,1.769695031804276,0.39877730018091545
86.12,45.82571844246714,230.8878229650189,-2.669799977635307,24.88552126218429,-0.4374487146033682,0.699138821266149,1.7552661023121972,0.3989452976575917
86.14,45.328301315125934,230.8707329706338,-2.655817201209984,24.88569067860224,-0.43741716405720277,0.6991343614155298,1.7408292101539884,0.39911204540405953
86.16,44.83116914624773,230.84667375259895,-2.6418345139816735,24.885858538256457,-0.4373856597759819,0.6991283209796542,1.7263844208218,0.39927754289796746
86.18,44.334419603131686,230.81565001047537,-2.6278519475620805,24.886024846479433,-0.4373541710538642,0.6991208808253819,1.7119317998435961,0.39944178962088067
86.2,43.83815027620474,230.7776678132831,-2.613869529945573,24.886189608551557,-0.4373226710891724,0.6991122530892104,1.6974714127828925,0.39960478505828195
86.22,43.34245865979148,230.73273459839393,-2.599887284883789,24.886352829701334,-0.4372911375709411,0.6991026769048094,1.683003325238435,0.3997665286995742
86.24,42.847442132896205,230.68085917013397,-2.5859052313456927,24.886514515105617,-0.4372595531745736,0.6990924135583825,1.6685276028438787,0.3999270200380816
86.26,42.35319794000306,230.62205169809354,-2.571923383074525,24.88667466988982,-0.43722790595606115,0.6990817411696769,1.6540443112675134,0.40008625857105184
86.28,41.85982317190016,230.55632371514238,-2.5579417482511313,24.88683329912816,-0.43719618963627316,0.6990709490066535,1.6395535162120023,0.40024424379965595
86.3,41.367414746533875,230.4836881151487,-2.5439603292709982,24.886990407843843,-0.4371644037690609,0.6990603315498177,1.6250552834139995,0.40040097522899226
86.32000000000001,40.8760693898994,230.40415915040157,-2.5299791226400017,24.88714600100931,-0.4371325537892944,0.6990501824278598,1.6105496786439362,0.4005564523680858
86.34,40.385883616973885,230.31775242873684,-2.5159981189914444,24.88730008354643,-0.437100650939415,0.6990407883493903,1.5960367677056864,0.40071067472989125
86.36,39.89695371269822,230.2244849103672,-2.5020173032244566,24.887452660326733,-0.43706871207559234,0.6990324231561639,1.5815166164362435,0.4008636418312939
86.38,39.40937571301347,230.12437490441835,-2.4880366547613333,24.88760373617159,-0.4370367593570632,0.6990253421211673,1.5669892907054588,0.40101535319311127
86.4,38.92324538595776,230.01744206517304,-2.47405614791891,24.88775331585245,-0.43700481982466094,0.6990197766104113,1.5524548564157172,0.4011658083400947
86.42,38.43865821282918,229.9037073880266,-2.4600757523867016,24.88790140409103,-0.4369729248768556,0.6990159292202187,1.5379133795016764,0.4013150068009305
86.44,37.95570936941982,229.78319320515706,-2.4460954338022973,24.88804800555951,-0.4369411096537778,0.6990139694924392,1.5233649259299422,0.40146294810824157
86.46000000000001,37.47449370732589,229.65592318091436,-2.4321151544124486,24.888193124880765,-0.4369094123416429,0.6990140302984739,1.5088095616987331,0.40160963179858944
86.48,36.99510573533828,229.52192230693313,-2.418134873806479,24.888336766628527,-0.43687787341168527,0.6990162049695382,1.494247352837666,0.4017550574124746
86.5,36.517639600917576,229.38121689697414,-2.404154549707088,24.888478935327605,-0.43684653480912594,0.699020545235442,1.4796783654073722,0.4018992244943391
86.52,36.04218907175707,229.23383458149982,-2.390174138802379,24.88861963545407,-0.4368154391087869,0.6990270600176807,1.4651026654992443,0.4020421325925672
86.54,35.568847517436836,229.07980430198953,-2.3761935976020254,24.888758871435456,-0.4367846286547226,0.6990357151051143,1.4505203192351153,0.40218378125948717
86.56,35.09770789117145,228.9191563049998,-2.362212883299923,24.88889664765094,-0.4367541447016363,0.6990464337223147,1.4359313927669923,0.40232417005137244
86.58,34.62886271165367,228.75192213597586,-2.3482319546254766,24.889032968431543,-0.43672402657587894,0.6990590979821957,1.421335952276733,0.402463298528443
86.60000000000001,34.16240404499562,228.57813463281937,-2.3342507726658326,24.8891678380603,-0.43669431087349075,0.6990735511961392,1.4067340639757102,0.40260116625486714
86.62,33.69842348676916,228.39782791921806,-2.32026930164191,24.889301260772456,-0.43666503071204316,0.6990896009969274,1.392125794104594,0.40273777279876233
86.64,33.2370121441463,228.21103739774222,-2.306287509621971,24.889433240755647,-0.43663621505198574,0.6991070232127133,1.3775112089329684,0.402873117732197
86.66,32.77826061814059,228.01779974271258,-2.2923053691577167,24.889563782150077,-0.43660788810181994,0.6991255664144148,1.362890374759067,0.40300720063119155
86.68,32.322258985950185,227.8181528928438,-2.2783228578294286,24.8896928890487,-0.4365800688197335,0.6991449570445958,1.3482633579094947,0.40314002107571995
86.7,31.86909678340296,227.61213604366736,-2.2643399586885367,24.88982056549739,-0.4365527705223748,0.6991649050234464,1.3336302247389047,0.40327157864971064
86.72,31.418862987504323,227.3997896397365,-2.250356660588068,24.889946815495126,-0.43652600060925945,0.6991851097171283,1.3189910416296722,0.40340187294104835
86.74,30.971645999088146,227.18115536661617,-2.236372958393725,24.890071642994148,-0.43649976040893024,0.6992052661457676,1.3043458749916292,0.40353090354157506
86.76,30.527533625571472,226.9562761426595,-2.2223888530708096,24.890195051900143,-0.4364740451504843,0.6992250713029048,1.2896947912617398,0.4036586700470916
86.78,30.08661306381385,226.72519611057191,-2.2084043516447514,24.8903170460724,-0.43644884406148776,0.6992442304554018,1.2750378569038472,0.4037851720573582
86.8,29.64897088308236,226.48796062876372,-2.1944194670356434,24.89043762932399,-0.4364241405906739,0.6992624632927058,1.2603751384082869,0.40391040917609683
86.82000000000001,29.214693008123763,226.24461626249095,-2.1804342177697893,24.890556805421912,-0.4363999127512219,0.6992795097970165,1.2457067022916704,0.40403438101099126
86.84,28.783864702345575,225.99521077478397,-2.166448627573849,24.89067457808727,-0.4363761335778872,0.6992951357112273,1.2310326150965465,0.40415708717368914
86.86,28.356570551108266,225.73979311716275,-2.152462724859624,24.89079095099543,-0.4363527716888646,0.6993091374894359,1.2163529433910887,0.4042785272798029
86.88,27.932894445131335,225.4784134201374,-2.1384765421098355,24.890905927776174,-0.43632979194105376,0.6993213466251724,1.2016677537687783,0.4043987009489113
86.9,27.512919564016414,225.21112298349226,-2.124490115177332,24.89101951201386,-0.4363071561654109,0.6993316332650681,1.186977112848154,0.4045176078045599
86.92,27.09672835989108,224.93797426635106,-2.1105034825120303,24.891131707247567,-0.4362848239673604,0.6993399090302495,1.1722810872724958,0.40463524747426294
86.94,26.684402541177604,224.65902087702165,-2.0965166843314256,24.891242516971268,-0.43626275357583105,0.6993461289839578,1.157579743709511,0.40475161958950373
86.96000000000001,26.276023056491276,224.37431756261736,-2.082529761751746,24.891351944633954,-0.4362409027234126,0.6993502927014686,1.1428731488509947,0.4048667237857372
86.98,25.871670078673446,224.08392019845343,-2.0685427558977167,24.891459993639803,-0.4362192295394213,0.6993524444169262,1.128161369412613,0.4049805597023892
87.0,25.4714229889648,223.78788577721585,-2.0545557070093783,24.891566667348314,-0.43619769343732895,0.6993526722408545,1.1134444721335157,0.40509312698285915
87.02,25.075360361324794,223.4862723979014,-2.040568653564561,24.891671969074466,-0.436176255978065,0.6993511064614437,1.0987225237760685,0.40520442527452066
87.04,24.683559946903383,223.179139254527,-2.026581631435332,24.891775902088835,-0.43615488169113953,0.6993479169618462,1.0839955911255759,0.4053144542287221
87.06,24.29609865867148,222.86654662460774,-2.0125946730960953,24.89187846961776,-0.4361335388363511,0.6993433098042479,1.0692637409899532,0.4054232135007882
87.08,23.913052556216655,222.5485558574026,-1.9986078069000104,24.891979674843476,-0.4361122000900207,0.6993375230490232,1.0545270401993996,0.40553070275002157
87.10000000000001,23.534496830710665,222.22522936192837,-1.9846210564390299,24.89207952090424,-0.43609084314121244,0.6993308218934605,1.0397855556061184,0.4056369216397029
87.12,23.16050579005532,221.89663059474228,-1.9706344400011606,24.892178010894472,-0.4360694511852237,0.6993234932290219,1.0250393540840512,0.4057418698370923
87.14,22.79115284421312,221.56282404749436,-1.9566479701365802,24.892275147864893,-0.43604801330372694,0.6993158397285766,1.0102885025285016,0.4058455470134308
87.16,22.42651049072878,221.22387523425192,-1.9426616533420087,24.892370934822655,-0.43602652472326836,0.6993081735852357,0.9955330678558669,0.4059479528439406
87.18,22.066650300447556,220.87985067859856,-1.928675489870304,24.892465374731458,-0.43600498694633755,0.69930081003212,0.9807731170033602,0.4060490870078268
87.2,21.711642903435735,220.53081790051098,-1.9146894736696616,24.89255847051169,-0.4359834077518568,0.6992940607774238,0.9660087169286826,0.40614894918827793
87.22,21.361557975108354,220.17684540301767,-1.9007035924541131,24.89265022504056,-0.435961801064651,0.6992882274913945,0.9512399346096936,0.40624753907246713
87.24,21.016464222568537,219.81800265864388,-1.8867178279042853,24.892740641152194,-0.43594018669619,0.699283595481257,0.9364668370441454,0.40634485635155326
87.26,20.6764293711623,219.45436009564804,-1.8727321559946601,24.89282972163779,-0.43591858996158783,0.6992804276866964,0.9216894912493528,0.4064409007206818
87.28,20.34152015125206,219.08598908405514,-1.8587465474409262,24.892917469245706,-0.4358970411804414,0.6992789591223099,0.906907964261928,0.4065356718789853
87.3,20.011802285211377,218.7129619214929,-1.84476096825848,24.893003886681612,-0.43587557507154306,0.699279391884572,0.8921223231374508,0.40662916952958506
87.32000000000001,19.687340474642873,218.33535181883724,-1.8307753804207885,24.89308897660857,-0.4358542300537496,0.6992818908295154,0.8773326349501273,0.40672139337959184
87.34,19.368198387820467,217.95323288567332,-1.8167897426041981,24.89317274164718,-0.43583304746729346,0.6992865800137144,0.8625389667925722,0.40681234314010634
87.36,19.054438647356577,217.56668011557892,-1.8028040110039238,24.893255184375676,-0.4358120707315318,0.6992935399755509,0.8477413857754185,0.4069020185262208
87.38,18.746122818094246,217.17576937123675,-1.7888181402044128,24.89333630733004,-0.4357913444565135,0.6993028059164843,0.8329399590270614,0.40699041925701945
87.4,18.44331139522355,216.78057736938234,-1.7748320840860832,24.893416113004104,-0.4357709135267686,0.6993143668234396,0.8181347536933179,0.4070775450555796
87.42,18.146063792621252,216.38118166559394,-1.7608457967496143,24.89349460384968,-0.4357508221763683,0.6993281655539136,0.8033258369372203,0.4071633956489718
87.44,17.854438331412183,215.9776606389307,-1.746859233438536,24.89357178227663,-0.43573111307455425,0.6993440998853345,0.788513275938563,0.4072479707682621
87.46000000000001,17.568492228750443,215.57009347642503,-1.7328723514408293,24.89364765065301,-0.43571182644107914,0.699362024510042,0.7736971378936853,0.4073312701485116
87.48,17.288281586818414,215.1585601574347,-1.7188851109506285,24.893722211305132,-0.4356929992098459,0.6993817539373893,0.7588774900151902,0.4074132935287779
87.5,17.013861382041274,214.7431414378597,-1.7048974758718807,24.893795466517698,-0.4356746642584867,0.6994030662453404,0.7440543995315663,0.40749404065211575
87.52,16.745285454514786,214.3239188342286,-1.6909094145469739,24.893867418533873,-0.43565684972020274,0.6994257076059309,0.7292279336869185,0.4075735112655779
87.54,16.482606497644138,213.90097460765855,-1.6769209003948553,24.893938069555396,-0.4356395783925195,0.6994493974924728,0.7143981597406895,0.4076517051202159
87.56,16.225876047991797,213.47439174769207,-1.662931912445006,24.89400742174267,-0.4356228672556341,0.6994738344617785,0.6995651449673284,0.4077286219710807
87.58,15.975144475332623,213.04425395601424,-1.6489424357557703,24.89407547721486,-0.43560672711077847,0.6994987023922412,0.6847289566559618,0.4078042615772238
87.60000000000001,15.730460972914843,212.61064563005252,-1.6349524617079254,24.894142238049962,-0.43559116234654405,0.6995236770486387,0.6698896621101124,0.4078786237016977
87.62,15.49187354792595,212.17365184646098,-1.6209619881669526,24.89420770628493,-0.4355761708384609,0.6995484328372356,0.6550473286474318,0.4079517081115566
87.64,15.259429012163103,211.73335834449082,-1.6069710195102078,24.894271883915728,-0.4355617439843501,0.6995726496102959,0.6402020235993076,0.40802351457785746
87.66,15.033172972908206,211.28985150924808,-1.592979566518002,24.894334772897437,-0.4355478668751323,0.6995960193776142,0.6253538143106576,0.40809404287566026
87.68,14.813149824008471,210.84321835483945,-1.5789876461304497,24.89439637514433,-0.43553451859793757,0.6996182527841404,0.6105027681395248,0.40816329278402924
87.7,14.59940273716394,210.39354650740646,-1.564995281074767,24.894456692529953,-0.43552167266557856,0.6996390852172322,0.595648952456871,0.408231264086033
87.72,14.39197365342412,209.94092418804843,-1.5510024993704223,24.894515726887217,-0.4355092975637839,0.6996582824143791,0.5807924346461849,0.40829795656874573
87.74,14.190903274896568,209.48544019563437,-1.5370093337221347,24.894573480008464,-0.43549735740509316,0.6996756454523193,0.5659332821032257,0.40836337002324746
87.76,13.996231056670911,209.0271838895039,-1.5230158208130882,24.89462995364555,-0.4354858126760451,0.699691015011059,0.5510715622356919,0.4084275042446251
87.78,13.807995198962404,208.56624517205722,-1.509022000512867,24.894685149509915,-0.435474621062295,0.6997042748211892,0.536207342462954,0.40849035903197256
87.8,13.626232639479719,208.1027144712346,-1.4950279150164432,24.894739069272664,-0.4354637383346153,0.6997153542197351,0.5213406902157228,0.40855193418839186
87.82000000000001,13.450979046022116,207.63668272288584,-1.4810336079320485,24.894791714564633,-0.4354531192774058,0.6997242297582381,0.5064716729357068,0.40861222952099374
87.84,13.282268809311601,207.16824135303037,-1.4670391233368838,24.894843086976465,-0.4354427186403929,0.6997309258264779,0.49160035807539293,0.40867124484089773
87.86,13.120135036065946,206.69748226000934,-1.4530445048203542,24.894893188058667,-0.43543249209365203,0.6997355142757746,0.4767268130976537,0.4087289799632334
87.88,12.964609542318728,206.2244977965311,-1.4390497945348386,24.89494201932169,-0.4354223971659569,0.6997381130467306,0.4618511054754786,0.40878543470714057
87.9,12.815722846992568,205.74938075161208,-1.425055032273904,24.89498958223598,-0.4354123941467491,0.6997388838271701,0.44697330269169233,0.40884060889576984
87.92,12.673504165731813,205.27222433241576,-1.4110602545973605,24.895035878232058,-0.43540244693272323,0.6997380287864376,0.4320934722386246,0.4088945023562834
87.94,12.537981405000721,204.79312214599253,-1.3970654940216318,24.895080908700567,-0.43539252380112625,0.6997357864517177,0.41721168161777833,0.40894711491985536
87.96000000000001,12.40918115645298,204.31216818092412,-1.3830707782925975,24.895124674992335,-0.43538259809335156,0.699732426810225,0.4023279983395488,0.40899844642167243
87.98,12.28712869157804,203.8294567888767,-1.369076129756393,24.895167178418436,-0.43537264879423926,0.699728245737589,0.38744248992295444,0.40904849670093424
88.0,12.17184795662925,203.34508266606707,-1.3550815648416412,24.895208420250245,-0.4353626609946343,0.6997235588671962,0.3725552238952561,0.4090972656008541
88.02,12.063361567838244,202.859140834647,-1.3410870936642973,24.895248401719495,-0.435352626227165,0.6997186950273016,0.35766626779168786,0.40914475296865915
88.04,11.961690806919375,202.3717266240114,-1.3270927197637512,24.89528712401832,-0.43534254266783057,0.6997139893821901,0.3427756891551757,0.40919095865559135
88.06,11.866855616867229,201.8829356520356,-1.3130984399761074,24.89532458829932,-0.43533241519877647,0.6997097764202816,0.3278835555360059,0.4092358825169072
88.08,11.778874598049544,201.39286380624853,-1.299104244447702,24.8953607956756,-0.43532225533053276,0.6997063829357218,0.3129899344914943,0.4092795244118789
88.10000000000001,11.697765004596965,200.90160722494744,-1.2851101167889876,24.895395747220824,-0.43531208098493146,0.699704121150605,0.2980948935857041,0.40932188420379473
88.12,11.623542741090272,200.40926227826122,-1.2711160343659755,24.895429443969253,-0.4353019161428444,0.6997032821224782,0.28319850038917704,0.4093629617599588
88.14,11.556222359544863,199.9159255491685,-1.257121968723526,24.895461886915797,-0.4352917903637291,0.6997041295762518,0.2683008224785397,0.40940275695169215
88.16,11.495817056691417,199.4216938144771,-1.243127886132001,24.89549307701606,-0.43528173818668114,0.6997068942911844,0.25340192743629636,0.4094412696543331
88.18,11.442338671550903,198.92666402577154,-1.2291337482461773,24.895523015186367,-0.4352717984252061,0.6997117691623741,0.23850188285042306,0.40947849974723716
88.2,11.395797683301328,198.4309332903346,-1.2151395128629299,24.895551702303816,-0.43526201337019055,0.6997189050424207,0.2236007563141605,0.40951444711377805
88.22,11.356203209432952,197.9345988520489,-1.2011451347620814,24.895579139206315,-0.4352524279175224,0.6997284074528874,0.20869861542562015,0.4095491116413474
88.24,11.32356300418809,197.43775807228457,-1.1871505666130238,24.895605326692614,-0.43524308863844186,0.69974033423721,0.1937955277875151,0.4095824932213557
88.26,11.297883457281156,196.94050841077788,-1.1731557599282796,24.895630265522335,-0.43523404281196126,0.6997546942071741,0.1788915610068782,0.40961459174923237
88.28,11.279169592894158,196.44294740650622,-1.159160666044136,24.895653956416016,-0.43522533743954706,0.6997714468143686,0.1639867826947304,0.4096454071244259
88.3,11.267425068942634,195.94517265856348,-1.1451652371078487,24.895676400055127,-0.4352170182626898,0.6997905028565932,0.14908126046574938,0.40967493925040455
88.32000000000001,11.262652176606835,195.44728180704007,-1.1311694270507169,24.895697597082112,-0.43520912880399143,0.6998117262074823,0.13417506193798742,0.40970318803465644
88.34,11.264851840122946,194.9493725139111,-1.1171731925265673,24.895717548100414,-0.43520170945196385,0.6998349365360609,0.1192682547326022,0.40973015338868984
88.36,11.274023616829218,194.45154244393567,-1.1031764937958464,24.895736253674496,-0.43519479660887833,0.6998599129620313,0.10436090647348768,0.4097558352280334
88.38,11.29016569746212,193.9538892455698,-1.0891792955366055,24.895753714329864,-0.4351884219197354,0.6998863985727433,0.08945308478695504,0.4097802334722367
88.4,11.313274906697941,193.45651053189542,-1.0751815675651506,24.895769930553097,-0.4351826115987743,0.6999141057094491,0.07454485730151286,0.40980334804487006
88.42,11.343346703935724,192.95950386156684,-1.0611832854509613,24.895784902791863,-0.4351773858679401,0.6999427219139822,0.05963629164754787,0.40982517887352504
88.44,11.380375184317936,192.4629667197765,-1.0471844310126817,24.895798631454937,-0.4351727585194144,0.699971916412771,0.04472745545688144,0.4098457258898149
88.46000000000001,11.424353079985908,191.9669964992408,-1.0331849926844265,24.895811116912224,-0.4351687366117439,0.7000013470034353,0.02981841636261196,0.4098649890293742
88.48,11.475271761567763,191.47169048120742,-1.019184965744358,24.895822359494765,-0.4351653203063187,0.7000306672003416,0.014909241998783136,0.40988296823185955
88.5,11.533121239897275,190.97714581648458,-1.005184352400351,24.895832359494765,-0.4351625028480229,0.7000595334896326,2.5717582782094417e-15,0.4098996634409496
88.52,11.597890167962877,190.48345950649335,-0.9911831617305582,24.89584111716559,-0.4351602706908581,0.7000876125415215,-0.014909241998765558,0.4099150746043452
88.54,11.669565843086797,189.99072838434378,-0.9771814094797278,24.895848632721787,-0.4351586037662972,0.7001145882281147,-0.02981841636260682,0.40992920167376945
88.56,11.748134209335094,189.49904909593593,-0.9631791177151654,24.895854906339093,-0.4351574758891174,0.7001401682987077,-0.044727455456863865,0.4099420446049682
88.58,11.833579860160077,189.00851808108675,-0.9491763143491911,24.895859938154437,-0.43515685529255826,0.7001640905713074,-0.05963629164753029,0.4099536033577098
88.60000000000001,11.925886041277304,188.51923155468472,-0.9351730325377652,24.895863728265955,-0.4351567052819103,0.7001861285089416,-0.07454485730152013,0.40996387789578553
88.62,12.025034653779965,188.03128548787376,-0.9211693099675866,24.89586627673298,-0.43515698499312044,0.7002060960619204,-0.08945308478694991,0.4099728681870095
88.64,12.131006257494054,187.54477558926857,-0.9071651880463483,24.895867583576063,-0.43515765024075875,0.7002238516723479,-0.10436090647347011,0.4099805742032189
88.66,12.243780074578108,187.05979728620454,-0.8931607110129014,24.895867648776953,-0.43515865443777146,0.700239301354549,-0.11926825473259706,0.40998699592027393
88.68,12.363333993371725,186.57644570602483,-0.8791559249858105,24.895866472278612,-0.4351599495678911,0.7002524007842914,-0.13417506193799472,0.40999213331805795
88.7,12.489644572497257,186.0948156574085,-0.8651508769701248,24.895864053985207,-0.4351614871904181,0.7002631563503641,-0.14908126046574424,0.40999598638047774
88.72,12.622687045219198,185.61500161174416,-0.8511456138431175,24.8958603937621,-0.4351632194563574,0.7002716251437722,-0.16398678269472527,0.4099985550954632
88.74,12.762435324065779,185.1370976845531,-0.8371401813402422,24.895855491435853,-0.43516510011459975,0.7002779138820839,-0.1788915610068855,0.40999983945496765
88.76,12.908862005717143,184.66119761696788,-0.8231346230626002,24.895849346794215,-0.4351670854869938,0.7002821767888401,-0.19379552778752238,0.40999983945496765
88.78,13.061938376164205,184.18739475727105,-0.8091289795268235,24.895841959586107,-0.43516913539175384,0.7002846124699363,-0.20869861542561502,0.4099985550954632
88.8,13.221634416141915,183.71578204250088,-0.7951232872774248,24.895833329521622,-0.43517121399568226,0.7002854598500746,-0.22360075631415538,0.40999598638047774
88.82000000000001,13.387918806840183,183.2464519801297,-0.7811175780804231,24.895823456272005,-0.4351732905771313,0.7002849932522673,-0.23850188285043036,0.40999213331805795
88.84,13.560758935895072,182.77949662982172,-0.7671118782153776,24.89581233946964,-0.4351753401834576,0.7002835167215803,-0.2534019274362912,0.40998699592027393
88.86,13.740120903662255,182.31500758527702,-0.7531062078809461,24.895799978708034,-0.4351773441688979,0.7002813577104205,-0.268300822478547,0.4099805742032189
88.88,13.92596952977395,181.8530759561686,-0.7391005807267375,24.895786373541807,-0.43517929060127003,0.7002788602563692,-0.28319850038917194,0.4099728681870095
88.9,14.11826835997972,181.39379235017918,-0.7250950035216102,24.895771523486655,-0.4351811745286278,0.7002763777945283,-0.2980948935857114,0.40996387789578553
88.92,14.316979673270755,180.93724685514476,-0.7110894759657196,24.895755428019346,-0.43518299809991784,0.7002742657543856,-0.31298993449148915,0.4099536033577098
88.94,14.522064489286317,180.48352902131117,-0.6970839906506319,24.895738086577687,-0.43518477053673515,0.7002728740960932,-0.3278835555360008,0.4099420446049682
88.96000000000001,14.733482576000226,180.03272784371026,-0.6830785331687101,24.89571949856051,-0.4351865079563948,0.7002725399427162,-0.34277568915518297,0.40992920167376945
88.98,14.951192457684426,179.58493174466153,-0.6690730823698559,24.895699663327637,-0.4351882330496584,0.7002735804633923,-0.35766626779168276,0.4099150746043452
89.0,15.175151423145842,179.14022855640476,-0.6550676107605882,24.895678580199853,-0.43518997461951536,0.7002762861574608,-0.3725552238952509,0.4098996634409496
89.02,15.405315534232047,178.69870550386864,-0.6410620850374391,24.89565624845888,-0.4351917669903511,0.7002809146816001,-0.3874424899229493,0.40988296823185955
89.04,15.641639634600567,178.26044918758,-0.6270564667438072,24.895632667347346,-0.4351936492995821,0.7002876853509512,-0.402327998339556,0.4098649890293742
89.06,15.88407735874607,177.82554556671758,-0.6130507130367882,24.89560783606875,-0.43519566468633375,0.7002967744314137,-0.41721168161777317,0.4098457258898149
89.08,16.132581141279243,177.39407994231334,-0.5990447775481598,24.895581753787425,-0.43519785939393835,0.7003083113239646,-0.43209347223861944,0.40982517887352504
89.10000000000001,16.38710222645074,176.96613694060443,-0.5850386113216803,24.895554419628514,-0.43520028180488185,0.7003223757233848,-0.44697330269169966,0.40980334804487006
89.12,16.647590677913406,176.54180049653755,-0.5710321638072129,24.89552583267792,-0.43520298142829383,0.7003389958135101,-0.4618511054754858,0.40978023347223663
89.14,16.913995388715772,176.1211538374271,-0.5570253838909425,24.895495991982262,-0.4352060078611234,0.7003581475395043,-0.4767268130976485,0.4097558352280334
89.16,17.186264091519863,175.70427946676838,-0.5430182209401524,24.895464896548855,-0.4352094097447481,0.7003797549751173,-0.49160035807538777,0.40973015338868984
89.18,17.464343369036477,175.2912591482056,-0.52901062584065,24.89543254534565,-0.43521323373891435,0.700403691779916,-0.506471672935714,0.40970318803465644
89.2,17.74817866467127,174.88217388965506,-0.5150025520050514,24.895398937301188,-0.435217523534597,0.7004297837185447,-0.5213406902157176,0.40967493925040455
89.22,18.037714293375387,174.47710392758296,-0.5009939563306807,24.895364071304567,-0.43522231892660135,0.7004578121916653,-0.5362073424629612,0.4096454071244259
89.24,18.332893452694766,174.07612871143664,-0.4869848000868475,24.895327946205384,-0.4352276549655262,0.7004875187068256,-0.5510715622356868,0.4096145917492323
89.26,18.633658234012767,173.67932688822881,-0.4729750497127112,24.89529056081369,-0.4352335612070857,0.7005186101975504,-0.5659332821032205,0.4095824932213557
89.28,18.939949633981435,173.2867762872733,-0.45896467750876013,24.895251913899937,-0.4352400610747858,0.7005507650808823,-0.5807924346461799,0.4095491116413474
89.3,19.25170756613724,172.8985539050713,-0.4449536622071424,24.89521200419492,-0.43524717134960544,0.700583639927807,-0.5956489524568658,0.40951444711377805
89.32000000000001,19.56887087269798,172.51473589034725,-0.4309419894085864,24.895170830389738,-0.435254901797696,0.700616876607793,-0.6105027681395319,0.40947849974723716
89.34,19.891377336538064,172.13539752923347,-0.4169296518764307,24.895128391135714,-0.43526325494423757,0.7006501097583976,-0.6253538143106524,0.4094412696543331
89.36,20.219163693340306,171.76061323060313,-0.40291664968126284,24.89508468504436,-0.435272225998537,0.7006829744236982,-0.6402020235993149,0.40940275695169215
89.38,20.552165643922866,171.3904565115514,-0.38890299019278896,24.8950397106873,-0.43528180293228635,0.7007151137014274,-0.6550473286474267,0.4093629617599588
89.4,20.890317866740777,171.0249999830253,-0.3748886879187605,24.894993466596222,-0.435291966709686,0.7007461862381452,-0.6698896621101197,0.40932188420379473
89.42,21.233554030562036,170.66431533560322,-0.36087376419399764,24.894945951262805,-0.43530269166494245,0.700775873414655,-0.6847289566559566,0.409279524411879
89.44,21.581806807318834,170.30847332542552,-0.3468582467257044,24.89489716313866,-0.435313946019546,0.7008038860700547,-0.6995651449673234,0.4092358825169072
89.46000000000001,21.935007885134898,169.95754376027878,-0.3328421690043033,24.894847100635253,-0.43532569252877945,0.7008299706222065,-0.7143981597406968,0.4091909586555913
89.48,22.293087981530363,169.61159548583615,-0.31882556959185937,24.894795762123856,-0.4353378892441732,0.7008539144548351,-0.7292279336869258,0.40914475296865915
89.5,22.655976856805854,169.27069637205784,-0.30480849130276244,24.894743145935458,-0.43535049037615947,0.700875550456614,-0.7440543995315612,0.40909726560085413
89.52,23.02360332760756,168.93491329975564,-0.29079098029363015,24.894689250360702,-0.43536344723904064,0.7008947606152218,-0.7588774900151852,0.4090484967009343
89.54,23.395895280675227,168.60431214732657,-0.2767730850813255,24.89463407364981,-0.43537670925862454,0.7009114785890176,-0.7736971378936925,0.40899844642167243
89.56,23.772779686774893,168.27895777766113,-0.26275485550954514,24.894577614012512,-0.4353902250215218,0.7009256912003241,-0.7885132759385578,0.40894711491985536
89.58,24.154182614818026,167.95891402523216,-0.2487363416855386,24.894519869617955,-0.435403943344186,0.7009374388168506,-0.8033258369372152,0.4088945023562834
89.60000000000001,24.540029246168437,167.64424368337063,-0.23471759290920158,24.89446083859464,-0.43541781433931853,0.700946814611078,-0.8181347536933252,0.40884060889576984
89.62,24.930243889138026,167.33500849173558,-0.22069865661697996,24.894400519030338,-0.43543179045727237,0.7009539627109509,-0.8329399590270564,0.4087854347071405
89.64,25.32474999367187,167.03126912398497,-0.206679577362761,24.894338908972003,-0.4354458274805685,0.7009590752785116,-0.8477413857754135,0.40872897996323343
89.66,25.723470166222697,166.73308517565494,-0.19266039585719064,24.894276006425684,-0.43545988545058,0.7009623885756647,-0.8625389667925671,0.4086712448408978
89.68,26.12632618481416,166.4405151522545,-0.17864114808567733,24.894211809356456,-0.43547392950682096,0.7009641780976009,-0.8773326349501345,0.40861222952099374
89.7,26.533239014291656,166.15361645758338,-0.1646218645237254,24.894146315688317,-0.4354879306210702,0.7009647528740999,-0.8921223231374458,0.4085519341883919
89.72,26.944128821758753,165.87244538227935,-0.15060256946624317,24.8940795233041,-0.43550186621073184,0.7009644490565451,-0.9069079642619352,0.40849035903197256
89.74,27.358914992196627,165.5970570926024,-0.13658328048511237,24.894011430045392,-0.43551572061833316,0.7009636229236582,-0.9216894912493476,0.4084275042446251
89.76,27.77751614426316,165.32750561946156,-0.12256400802663903,24.89394203371243,-0.4355294854468425,0.7009626434513827,-0.9364668370441401,0.4083633700232475
89.78,28.199850146267675,165.0638438476903,-0.1085447551576113,24.893871332064016,-0.4355431597434884,0.7009618846017261,-0.9512399346096886,0.40829795656874573
89.8,28.62583413231667,164.8061235055755,-0.09452551746557658,24.89379932281741,-0.4355567500279223,0.7009617174915468,-0.9660087169286776,0.408231264086033
89.82000000000001,29.055384518625267,164.55439515464448,-0.0805062831157457,24.893726003648247,-0.43557027016381994,0.7009625026050683,-0.9807731170033676,0.40816329278402924
89.84,29.488417019988596,164.30870817971348,-0.06648703306364423,24.893651372190416,-0.4355837410762923,0.7009645822132994,-0.9955330678558741,0.40809404287566026
89.86,29.924846666406832,164.0691107792005,-0.05246774141937838,24.893575426035973,-0.435597190320713,0.7009682731594991,-1.0102885025284967,0.40802351457785746
89.88,30.364587819857302,163.8356499557046,-0.03844837595618822,24.893498162735042,-0.4356106515116905,0.7009738601624662,-1.0250393540840341,0.4079517081115566
89.9,30.807554191206687,163.60837150685205,-0.024428898752939077,24.8934195797957,-0.4356241636238592,0.7009815897788713,-1.0397855556061257,0.4078786237016977
89.92,31.25365885725628,163.3873200164104,-0.010409266957361663,24.89333967468387,-0.4356377701788711,0.7009916651523153,-1.0545270401993823,0.4078042615772238
89.94,31.702814277913088,163.172538845669,0.003610566345684685,24.893258444823207,-0.43565151833537985,0.7010042416605703,-1.069263740989936,0.4077286219710808
89.96000000000001,32.15493231347967,162.96407012508527,0.017630651178896173,24.89317588759501,-0.4356654579008734,0.7010194235538574,-1.0839955911255708,0.40765170512021587
89.98,32.609924242055655,162.76195474619377,0.03165103964997318,24.893092000338086,-0.4356796402858842,0.7010372616564327,-1.0987225237760632,0.4075735112655779
90.0,33.067700777044124,162.56623235377623,0.04567178488310164,24.893006780348642,-0.43569411742235115,0.7010577521816242,-1.1134444721334984,0.40749404065211575
90.02,33.52817208475641,162.37694133828836,0.0596929399267343,24.89292022488017,-0.4357089406687009,0.7010808366872244,-1.1281613694125956,0.407413293528778
90.04,33.991247802109136,162.19411882854035,0.07371455666047888,24.892832331143342,-0.4357241597245358,0.7011064031743047,-1.1428731488509893,0.4073312701485116
90.06,34.45683705440785,162.0178006846266,0.08773668472396512,24.89274309630586,-0.43573982157765806,0.7011342883085636,-1.1575797437094937,0.40724797076826214
90.08,34.9248484732121,161.84802149110075,0.10175937049013628,24.892652517492365,-0.43575596950552486,0.701164280719758,-1.172281087272491,0.4071633956489718
90.10000000000001,35.395190214277335,161.68481455039162,0.11578265610453142,24.892560591784296,-0.43577264215212985,0.7011961253120973,-1.1869771128481492,0.40707754505557947
90.12,35.86776997556953,161.52821187645597,0.12980657861077338,24.89246731621977,-0.43578987269976477,0.7012295284971606,-1.201667753768761,0.4069904192570195
90.14,36.34249501534913,161.378244188664,0.1438311691807166,24.89237268779345,-0.43580768815316445,0.7012641642414229,-1.2163529433910714,0.4069020185262209
90.16,36.81927217032132,161.23494090591427,0.15785645246554525,24.89227670345643,-0.4358261087512145,0.7012996808032058,-1.2310326150965416,0.4068123431401064
90.18,37.29800787385032,161.09833014097453,0.17188244608160952,24.89217936011609,-0.4358451475187585,0.7013357080192175,-1.2457067022916775,0.4067213933795918
90.2,37.77860817423579,160.96843869504625,0.185909160241994,24.892080654635954,-0.4358648099681287,0.7013718649891005,-1.2603751384082817,0.4066291695295851
90.22,38.26097875305,160.8452920525508,0.19993659754177617,24.89198058383559,-0.43588509395690767,0.7014077679978308,-1.275037856903842,0.4065356718789853
90.24,38.745024943534574,160.72891437613615,0.21396475290173278,24.891879144490442,-0.4359059897051682,0.7014430385105815,-1.2896947912617347,0.40644090072068184
90.26,39.23065174905637,160.6193285019035,0.22799361367194448,24.891776333331702,-0.4359274799721078,0.7014773110729108,-1.3043458749916241,0.4063448563515534
90.28,39.71776386162176,160.5165559348548,0.24202315989340262,24.89167214704617,-0.43594954038865796,0.7015102409508778,-1.3189910416296673,0.4062475390724672
90.3,40.20626568044909,160.42061684456195,0.25605336471242035,24.891566582276106,-0.4359721399393821,0.7015415113509167,-1.3336302247388998,0.40614894918827793
90.32000000000001,40.69606133059906,160.33153006106014,0.2700841949394386,24.8914596356191,-0.43599524158384195,0.7015708400678867,-1.348263357909502,0.40604908700782677
90.34,41.1870546816626,160.2493130709682,0.28411561174079614,24.89135130362791,-0.4360188030046822,0.7015979854214984,-1.3628903747590742,0.4059479528439406
90.36,41.67914936650591,160.17398201383995,0.2981475714492259,24.89124158281033,-0.4360427774670164,0.7016227513560377,-1.3775112089329635,0.4058455470134308
90.38,42.17224880007183,160.10555167875032,0.3121800264763466,24.89113046962902,-0.4360671147713474,0.7016449915956661,-1.3921257941045888,0.4057418698370924
90.4,42.66625619823664,160.04403550112238,0.3262129263082598,24.89101796050137,-0.43609176228027785,0.7016646127672054,-1.406734063975717,0.4056369216397029
90.42,43.161074596720965,159.98944555979992,0.34024621856360415,24.890904051799343,-0.43611666599769716,0.7016815764238032,-1.4213359522767282,0.4055307027500216
90.44,43.656606870052826,159.94179257437213,0.3542798500920803,24.890788739849317,-0.43614177167800683,0.7016958999257714,-1.4359313927669994,0.40542321350078825
90.46000000000001,44.152755750580695,159.9010859027566,0.3683137680905957,24.890672020931927,-0.43616702594228873,0.7017076561587141,-1.4505203192351226,0.4053144542287219
90.48,44.64942384753365,159.86733353904685,0.3823479212137699,24.89055389128191,-0.43619237737814576,0.7017169720933248,-1.4651026654992394,0.4052044252745206
90.5,45.14651366612525,159.84054211163138,0.39638226065563664,24.89043434708794,-0.4362177776002551,0.7017240262154066,-1.479678365407367,0.4050931269828592
90.52,45.64392762669732,159.82071688158987,0.41041674117994464,24.89031338449246,-0.4362431822494631,0.7017290448782724,-1.494247352837661,0.4049805597023892
90.54,46.14156808389896,159.8078617413732,0.4244513220775099,24.89019099959152,-0.4362685519095054,0.7017322976522072,-1.5088095616987403,0.4048667237857372
90.56,46.63933734589598,159.80197921377268,0.43848596803055395,24.89006718843462,-0.43629385292212486,0.7017340917666577,-1.523364925929937,0.40475161958950384
90.58,47.13713769360519,159.8030704511838,0.45252064986588714,24.889941947024525,-0.4363190580834551,0.7017347657598174,-1.5379133795016835,0.4046352474742628
90.60000000000001,47.6348713999476,159.81113523516862,0.4665553451810833,24.8898152713171,-0.4363441472069883,0.701734682466902,-1.5524548564157243,0.40451760780456
90.62,48.132440749114316,159.82617197632104,0.4805900388304214,24.88968715722114,-0.4363691075412068,0.7017342214923166,-1.5669892907054537,0.4043987009489114
90.64,48.62974805583846,159.8481777144375,0.49462472326026763,24.889557600598184,-0.4363939340329712,0.7017337713218113,-1.5815166164362384,0.40427852727980307
90.66,49.12669568466634,159.87714811899545,0.5086593986867038,24.88942659726235,-0.4364186294309569,0.7017337212383749,-1.5960367677056815,0.4041570871736892
90.68,49.623186069220935,159.9130774899402,0.5226940731114711,24.88929414298015,-0.4364432042267534,0.7017344532098799,-1.6105496786439435,0.40403438101099115
90.7,50.119121731450754,159.95595875878078,0.5367287621756685,24.88916023347031,-0.4364676764346198,0.7017363339172488,-1.6250552834140066,0.40391040917609683
90.72,50.61440530085706,160.00578348999346,0.5507634888540132,24.889024864403577,-0.4364920712142441,0.701739707089182,-1.6395535162119972,0.4037851720573583
90.74,51.10893953369276,160.06254188273147,0.5647982829957967,24.88888803140255,-0.43651642034413113,0.7017448863032891,-1.6540443112675083,0.40365867004709166
90.76,51.602627332126445,160.12622277283774,0.5788331807218627,24.888749730041482,-0.4365407615563581,0.7017521484039374,-1.6685276028438736,0.4035309035415751
90.78,52.09537176336525,160.19681363515744,0.5928682236899414,24.88860995584609,-0.43656513774633576,0.7017617276744795,-1.68300332523843,0.40340187294104846
90.8,52.58707607873087,160.2743005861456,0.6069034582434307,24.888468704293363,-0.43658959607382974,0.7017738108859889,-1.6974714127828876,0.4032715786497107
90.82000000000001,53.07764373268322,160.35866838676472,0.6209389344611504,24.88832597081138,-0.43661418697377985,0.7017885333265297,-1.7119317998435912,0.40314002107571995
90.84,53.56697840178701,160.4499004456666,0.6349747051276813,24.888181750779093,-0.4366389630973522,0.701805975894731,-1.726384420821795,0.40300720063119144
90.86,54.05498400361679,160.54797882265245,0.6490108246455759,24.88803603952615,-0.4366639782051372,0.7018261633193741,-1.7408292101539833,0.4028731177321971
90.88,54.54156471559683,160.65288423240443,0.6630473479119634,24.887888832332678,-0.43668928603542745,0.7018490635433664,-1.7552661023121925,0.40273777279876244
90.9,55.02662499377265,160.76459604848208,0.6770843291828306,24.887740124429094,-0.4367149391710554,0.7018745882862916,-1.7696950318042832,0.4026011662548671
90.92,55.51006959151159,160.8830923075768,0.6911218209485566,24.887589910995892,-0.4367409879283295,0.7019025947752231,-1.7841159331742031,0.40246329852844304
90.94,55.991803578130366,161.0083497140177,0.7051598728440611,24.88743818716344,-0.436767479291175,0.7019328886091848,-1.7985287410023667,0.4023241700513725
90.96000000000001,56.47173235744814,161.1403436445223,0.7191985306162447,24.88728494801177,-0.43679445591267435,0.7019652276990125,-1.812933389905869,0.40218378125948717
90.98,56.94976168626397,161.27904815318593,0.7332378351702249,24.887130188570374,-0.43682195520482436,0.7019993272019522,-1.8273298145388162,0.40204213259256727
91.0,57.425797692758,161.4244359767044,0.7472778217142642,24.886973903817974,-0.4368500085355188,0.7020348653495505,-1.8417179495926486,0.4018992244943391
91.02,57.89974689481605,161.5764785398244,0.761318519021255,24.88681608868233,-0.43687864054955755,0.7020714900487235,-1.8560977297963988,0.40175505741247464
91.04,58.37151621827737,161.73514596101782,0.7753599488222296,24.886656738040006,-0.43690786862792336,0.7021088261196967,-1.8704690899170138,0.40160963179858944
91.06,58.84101301510579,161.9004070583758,0.7894021253446235,24.886495846716155,-0.436937702496711,0.7021464830211548,-1.8848319647596132,0.4014629481082415
91.08,59.30814508148404,162.07222935572,0.8034450550050467,24.8863334094843,-0.4369681439939962,0.7021840629026825,-1.8991862891678095,0.40131500680093046
91.10000000000001,59.77282067583155,162.25057908892896,0.8174887362631003,24.88616942106611,-0.43699918699965995,0.7022211688176647,-1.9135319980240397,0.40116580834009474
91.12,60.23494853674527,162.4354212124785,0.8315331596394535,24.88600387613117,-0.4370308175298065,0.7022574129263529,-1.9278690262497769,0.40101535319311143
91.14,60.694437900863434,162.62671940619575,0.8455783078979806,24.885836769296755,-0.43706301399399766,0.7022924245189126,-1.94219730880591,0.40086364183129397
91.16,61.15119852065123,162.8244360822275,0.8596241563883584,24.885668095127603,-0.4370957476101477,0.7023258576919036,-1.9565167806929888,0.4007106747298913
91.18,61.60514068210744,163.02853239222398,0.8736706735421969,24.885497848135675,-0.437128982968647,0.7023573985187501,-1.9708273769515456,0.40055645236808574
91.2,62.05617522239035,163.23896823474047,0.8877178215125721,24.88532602277993,-0.43716267873418313,0.7023867715651968,-1.985129032662352,0.4004009752289922
91.22,62.5042135473607,163.4557022628589,0.9017655569438761,24.885152613466087,-0.4371967884708637,0.7024137456142758,-1.9994216829467375,0.4002442437996561
91.24,62.949167649038905,163.678691892033,0.9158138318561617,24.88497761454637,-0.4372312615736807,0.7024381384816496,-2.0137052629669085,0.4000862585710519
91.26,63.39095012297325,163.9078933081606,0.9298625946257948,24.88480102031928,-0.4372660442871412,0.7024598208210265,-2.0279797079262183,0.3999270200380817
91.28,63.82947418551492,164.14326147588673,0.9439117910422157,24.884622825029357,-0.437301080790071,0.7024787188402397,-2.042244953069424,0.39976652869957435
91.3,64.26465369099523,164.38475014714174,0.9579613654190204,24.884443022866922,-0.43733631432421566,0.7024948158711319,-2.0565009336830666,0.3996047850582819
91.32000000000001,64.69640314879993,164.63231186991862,0.9720112617364434,24.88426160796783,-0.43737168834334267,0.7025081527601059,-2.0707475850956785,0.3994417896208805
91.34,65.12463774033455,164.88589799729317,0.9860614247916457,24.884078574413227,-0.4374071476591109,0.7025188270705981,-2.084984842678113,0.3992775428979675
91.36,65.54927333587467,165.14545869669118,1.0001118013330572,24.883893916229287,-0.4374426395600263,0.7025269911133123,-2.0992126418438626,0.3991120454040597
91.38,65.97022651129424,165.41094295940565,1.0141623411553233,24.88370762738696,-0.4374781148803474,0.7025328488442814,-2.113430918049303,0.3989452976575918
91.4,66.38741456466481,165.68229861036707,1.0282129981322088,24.883519701801728,-0.4375135289968227,0.7025366516942345,-2.1276396067940584,0.3987773001809154
91.42,66.80075553271834,165.95947231816913,1.0422637311660932,24.883330133333317,-0.4375488427326253,0.7025386934148209,-2.1418386436211745,0.39860805350029727
91.44,67.21016820716605,166.24240960535136,1.0563145050343898,24.88313891578546,-0.4375840231497496,0.7025393040475614,-2.1560279641175413,0.3984375581459169
91.46000000000001,67.61557215086555,166.53105485893948,1.0703652911153405,24.882946042905616,-0.43761904421343345,0.7025388431395133,-2.170207503914103,0.3982658146518654
91.48,68.01688771382884,166.82535134124385,1.0844160679781307,24.882751508384718,-0.4376538873147958,0.7025376923451866,-2.1843771986861253,0.39809282355614417
91.5,68.41403604906381,167.12524120091462,1.0984668218250349,24.88255530585689,-0.4376885416408005,0.702536247566944,-2.198536984153632,0.39791858540066255
91.52,68.80693912824199,167.43066548425242,1.112517546776374,24.882357428899184,-0.4377230043837981,0.70253491079564,-2.212686796081539,0.3977431007312364
91.54,69.1955197571859,167.74156414677165,1.1265682449922867,24.882157871031296,-0.43775728078620096,0.7025340818194796,-2.2268265702800307,0.39756637009758644
91.56,69.57970159116984,168.05787606501315,1.140618926628676,24.881956625715304,-0.43779138401924167,0.7025341499718123,-2.240956242604803,0.3973883940533362
91.58,69.95940915002825,168.37953904860166,1.1546696096281117,24.88175368635537,-0.4378253348981826,0.7025354860878295,-2.2550757489573794,0.3972091731560113
91.60000000000001,70.33456783306691,168.7064898525434,1.1687203193498679,24.881549046297476,-0.43785916143971515,0.7025384348358613,-2.2691850252854353,0.39702870796703627
91.62,70.70510393377236,169.0386641897577,1.182771088046585,24.88134269882913,-0.4378928982705385,0.7025433075813138,-2.2832840075830076,0.39684699905173376
91.64,71.0709446543162,169.37599674383657,1.196821954198211,24.881134637179084,-0.43792658589917766,0.7025503759303541,-2.2973726318908656,0.39666404697932245
91.66,71.4320181198514,169.7184211820253,1.2108729617168184,24.88092485451704,-0.43796026986592007,0.7025598660865149,-2.3114508342967683,0.3964798523229151
91.68,71.7882533925988,170.0658701684168,1.2249241590385491,24.880713343953367,-0.4379939997882678,0.7025719541366994,-2.3255185509357297,0.39629441565951756
91.7,72.13958048572235,170.41827537735207,1.238975598121283,24.8805000985388,-0.43802782832145915,0.7025867623639729,-2.3395757179903303,0.39610773757002593
91.72,72.4859303769929,170.77556750701947,1.2530273333685624,24.880285111264143,-0.43806181005537087,0.7026043566634406,-2.3536222716910333,0.3959198186392252
91.74,72.8272350222408,171.13767629324488,1.2670794205018314,24.880068375059977,-0.43809600037043145,0.702624745114833,-2.3676581483164365,0.39573065945578745
91.76,73.16342736859814,171.504530523465,1.2811319154041279,24.87984988279635,-0.43813045427602815,0.7026478777416426,-2.381683284193585,0.3955402606122698
91.78,73.49444136753223,171.87605805087676,1.295184872958961,24.879629627282483,-0.43816522525526197,0.7026736474622516,-2.395697615698213,0.3953486227051135
91.8,73.82021198767242,172.25218580875546,1.3092383459082058,24.879407601266454,-0.4382003641397839,0.7027018922139832,-2.4097010792551177,0.3951557463346398
91.82000000000001,74.14067522743235,172.6328398249353,1.3232923837524853,24.879183797434894,-0.438235918037837,0.7027323982068637,-2.42369361133836,0.39496163210505086
91.84,74.45576812743063,173.01794523644597,1.3373470317166225,24.878958208412676,-0.43827192933754433,0.7027649042406522,-2.437675148471592,0.39476628062442626
91.86,74.76542878271246,173.40742630429975,1.3514023298014353,24.878730826762595,-0.43830843480594456,0.7027991069968148,-2.451645627228367,0.3945696925047211
91.88,75.06959635477511,173.80120642842436,1.3654583119413717,24.87850164498506,-0.43834546480231656,0.7028346671970611,-2.4656049842323937,0.39437186836176424
91.9,75.36821108339996,174.1992081627374,1.3795150052853131,24.87827065551777,-0.4383830426219924,0.7028712165022385,-2.4795531561578428,0.3941728088152565
91.92,75.6612142982934,174.6013532303585,1.3935724296153582,24.87803785073539,-0.4384211839841833,0.7029083650101556,-2.4934900797296047,0.39397251448876924
91.94,75.94854843053898,175.00756253895702,1.4076305969155616,24.877803222949225,-0.43845989667438906,0.7029457091986103,-2.5074156917235957,0.3937709860097419
91.96000000000001,76.23015702386208,175.4177561962324,1.421689511099534,24.877566764406904,-0.43849918034879204,0.7029828401507515,-2.5213299289670825,0.3935682240094789
91.98,76.50598474570845,175.83185352552664,1.4357491679025491,24.877328467292035,-0.43853902650471316,0.7030193518941418,-2.5352327283388862,0.39336422912314994
92.0,76.77597739813692,176.24977308156718,1.4498095549404315,24.877088323723886,-0.43857941861780314,0.7030548496825747,-2.5491240267697486,0.3931590019897865
92.02,77.04008192852599,176.67143266634056,1.4638706519340827,24.87684632575704,-0.43862033244322274,0.7030889580509346,-2.5630037612425753,0.3929525432522798
92.04,77.29824644009318,177.09674934509678,1.4779324310951019,24.87660246538106,-0.4386617364747046,0.7031213284780897,-2.5768718687927405,0.3927448535573797
92.06,77.55042020222531,177.52563946248495,1.4919948576646638,24.876356734520147,-0.4387035925521551,0.7031516465009173,-2.5907282865083427,0.39253593355569155
92.08,77.79655366061698,177.9580186588211,1.5060578905946826,24.876109125032805,-0.43874585660541177,0.7031796381338811,-2.6045729515305083,0.39232578390167555
92.10000000000001,78.03659844721363,178.39380188648926,1.52012148335736,24.87585962871148,-0.4387884795189861,0.7032050754628866,-2.618405801053715,0.3921144052536433
92.12,78.27050738995501,178.83290342647683,1.5341855848666182,24.87560823728223,-0.4388314081001467,0.7032277812991189,-2.6322267723259944,0.3919017982737563
92.14,78.49823452231381,179.27523690504526,1.5482501404926001,24.87535494240435,-0.43887458613058694,0.7032476327978884,-2.6460358026492976,0.3916879636280242
92.16,78.71973509262384,179.720715310537,1.562315093148558,24.87509973567004,-0.4389179554802148,0.7032645639687342,-2.659832829379746,0.3914729019863021
92.18,78.93496557319132,180.16925101031947,1.5763803844279325,24.87484260860404,-0.4389614572603375,0.7032785670257693,-2.6736177899278903,0.3912566140222893
92.2,79.14388366918254,180.62075576786617,1.5904459557684483,24.87458355266326,-0.43900503299271393,0.7032896925509818,-2.687390621759019,0.3910391004135261
92.22,79.3464483272805,181.075140759975,1.6045117496194674,24.874322559236433,-0.4390486257706289,0.7032980484674725,-2.701151262393467,0.39082036184139246
92.24,79.54261974410319,181.53231659412285,1.6185777105888164,24.874059619643734,-0.4390921813883118,0.7033037978439058,-2.7148996494068585,0.39060039899110566
92.26,79.73235937437586,181.99219332595555,1.6326437865456942,24.87379472513643,-0.4391356494156755,0.7033071555752811,-2.7286357204304204,0.3903792125517179
92.28,79.9156299388496,182.4546804769113,1.6467099296571996,24.873527866896495,-0.43917898419647167,0.7033083840080023,-2.7423594131512257,0.390156803216115
92.3,80.09239543195889,182.91968705197473,1.6607760973373598,24.873259036036238,-0.4392221457495256,0.7033077875986884,-2.7560706653125013,0.389933171681013
92.32000000000001,80.26262112921077,183.3871215575589,1.6748422530893334,24.87298822359793,-0.4392651005546955,0.7033057067157733,-2.769769414713945,0.3897083186469565
92.34,80.4262735942991,183.8568920195113,1.6889083672236485,24.87271542055342,-0.4393078222075515,0.7033025107103101,-2.7834555992119254,0.3894822448183173
92.36,80.58332068593747,184.32890600123898,1.7029744174378543,24.872440617803754,-0.43935029192944947,0.7032985903971651,-2.7971291567198473,0.389254950903291
92.38,80.7337315644053,184.80307062194845,1.7170403892457973,24.872163806178794,-0.4393924989226179,0.7032943500996731,-2.810790025208384,0.3890264376138947
92.4,80.8774766978024,185.27929257499403,1.7311062762477905,24.87188497643682,-0.43943444056303305,0.7032901994195769,-2.8244381427057847,0.38879670566596586
92.42,81.01452786800775,185.75747814632896,1.7451720802361823,24.87160411926415,-0.43947612242715656,0.7032865448995488,-2.8380734472981186,0.3885657557791596
92.44,81.14485817633982,186.23753323305246,1.7592378111341738,24.871321225274727,-0.43951755815198634,0.7032837817476445,-2.8516958771295804,0.38833358867694656
92.46000000000001,81.26844204891604,186.71936336204607,1.7733034867691266,24.871036285009748,-0.4395587691312592,0.7032822857916724,-2.8653053704028055,0.38810020508660925
92.48,81.38525524171037,187.20287370869195,1.7873691324849599,24.87074928893724,-0.4395997840539678,0.7032824058266723,-2.878901865379068,0.3878656057392422
92.5,81.49527484530887,187.68796911566602,1.8014347806014932,24.870460227451673,-0.43964063829455535,0.7032844565106191,-2.8924853003786435,0.38762979136974784
92.52,81.59847928936418,188.1745541117983,1.815500469731706,24.87016909087354,-0.43968137316715655,0.7032887119522399,-2.906055613781054,0.3873927627168347
92.54,81.69484834675052,188.66253293099368,1.829566243970751,24.869875869448958,-0.4397220350590093,0.7032954001207051,-2.9196127440253212,0.3871545205230151
92.56,81.78436313742198,189.15180953120546,1.843632151973165,24.86958055334925,-0.4397626744606053,0.7033046981902003,-2.9331566296102753,0.3869150655346035
92.58,81.86700613197755,189.6422876134552,1.8576982459369695,24.86928313267054,-0.43980334491223594,0.7033167289133662,-2.9466872090948506,0.38667439850171276
92.60000000000001,81.94276115493702,190.13387064089196,1.8717645805152365,24.86898359743331,-0.43984410188827844,0.7033315580966739,-2.960204421098344,0.3864325201782531
92.62,82.01161338773255,190.62646185788506,1.8858312116771696,24.868681937582007,-0.4398850016418191,0.7033491932284144,-2.9737082043006597,0.3861894313219289
92.64,82.07354937142111,191.1199643091445,1.8998981955417378,24.8683781429846,-0.43992610003300725,0.7033695832866014,-2.987198497442655,0.3859451326942368
92.66,82.12855700912337,191.61428085886388,1.9139655872074695,24.86807220343216,-0.43996745136485194,0.703392619730145,-3.0006752393263825,0.38569962506046285
92.68,82.17662556819491,192.1093142098812,1.9280334396020722,24.86776410863843,-0.4400091072500132,0.7034181386526874,-3.014138368815349,0.3854529091896811
92.7,82.21774568213543,192.60496692285352,1.9421018023751255,24.86745384823938,-0.4400511155315015,0.7034459240549432,-3.0275878248348116,0.38520498585474994
92.72,82.25190935224191,193.10114143544183,1.9561707208562247,24.86714141179278,-0.4400935192790966,0.7034757121687764,-3.04102354637208,0.3849558558323104
92.74,82.27910994901109,193.59774008150342,1.9702402350996007,24.86682678877776,-0.4401363558817538,0.7035071967449845,-3.054445472476757,0.38470551990278345
92.76,82.29934221329648,194.0946651102892,1.9843103790345005,24.866509968594364,-0.4401796562543127,0.7035400351973341,-3.06785354226104,0.3844539788503676
92.78,82.31260225722473,194.59181870564424,1.9983811797384474,24.866190940563097,-0.44022344417450193,0.7035738554781431,-3.0812476948999623,0.3842012334630371
92.8,82.31888756487515,195.08910300520972,2.0124526568480103,24.865869693924484,-0.4402677357635889,0.7036082635460257,-3.0946278696316907,0.38394728453253824
92.82000000000001,82.31819699272614,195.58642011962587,2.0265248221189314,24.865546217838617,-0.4403125391211123,0.7036428512745644,-3.107994005757836,0.38369213285438747
92.84,82.31053076987074,196.08367215173448,2.0405976791444225,24.86522050138469,-0.4403578541210145,0.703677204641919,-3.1213460426436503,0.3834357792278697
92.86,82.2958904980034,196.5807612157808,2.0546712232372606,24.86489253356055,-0.4404036723732273,0.7037109120358794,-3.1346839197183676,0.38317822445603467
92.88,82.27427915117863,197.0775894566144,2.0687454414779776,24.864562303282217,-0.4404499773514194,0.7037435725067284,-3.1480075764755013,0.3829194693456937
92.9,82.24570107534157,197.5740590688884,2.0828203129281118,24.86422979938344,-0.4404967446842632,0.7037748038015436,-3.161316952472987,0.38265951470742
92.92,82.21016198762955,198.07007231625695,2.0968958090041427,24.863895010615217,-0.44054394260427987,0.7038042500181986,-3.174611987333587,0.38239836135554384
92.94,82.1676689754428,198.56553155056997,2.110971894004507,24.863557925645313,-0.440591532545152,0.7038315887252168,-3.1878926207451226,0.38213601010815035
92.96000000000001,82.11823049528165,199.06033923106475,2.125048525779011,24.863218533057797,-0.4406394698754086,0.703856537404623,-3.2011587924607787,0.38187246178707646
92.98,82.06185637134679,199.55439794355286,2.139125656527103,24.862876821352557,-0.44068770475365315,0.7038788590888072,-3.214410442299279,0.3816077172179106
93.0,81.99855779389846,200.04761041960103,2.1532032337088793,24.86253277894482,-0.4407361830880725,0.7038983670788416,-3.227647510145269,0.38134177722998747
93.02,81.92834731736977,200.539879555704,2.1672812010504563,24.862186394164663,-0.4407848475808847,0.7039149286503746,-3.240869935949545,0.3810746426563868
93.04,81.85123885822921,201.0311084324466,2.181359499623464,24.86183765525652,-0.44083363883669613,0.7039284676737453,-3.254077659729303,0.38080631433393014
93.06,81.76724769258644,201.5212003336521,2.195438068976939,24.861486550378693,-0.4408824965124766,0.7039389660969276,-3.2672706215684353,0.38053679310317945
93.08,81.67639045353583,202.0100587655134,2.209516848298877,24.86113306760286,-0.4409313604860503,0.7039464642628457,-3.280448761617821,0.3802660798084327
93.10000000000001,81.57868512823194,202.49758747570223,2.2235957775841335,24.860777194913567,-0.4409801720196551,0.7039510600560722,-3.29361202009558,0.3799941752977224
93.12,81.47415105469092,202.98369047245214,2.237674798785255,24.860418920207724,-0.44102887489524817,0.7039529068974132,-3.3067603372873067,0.37972108042281266
93.14,81.36280891831258,203.46827204360955,2.2517538569232034,24.860058231294108,-0.4410774164988314,0.7039522106279654,-3.31989365354642,0.37944679603919623
93.16,81.24468074811762,203.95123677564723,2.265832901135763,24.85969511589284,-0.44112574883211797,0.7039492253464099,-3.3330119092943464,0.3791713230060929
93.18,81.11978991269547,204.4324895726336,2.279911885642691,24.85932956163488,-0.4411738294313426,0.703944248284162,-3.346115045020877,0.3788946621864452
93.2,80.98816111585855,204.91193567515143,2.2939907706083744,24.858961556061505,-0.44122162217490357,0.7039376138221046,-3.35920300128435,0.3786168144469167
93.22,80.84982039199942,205.38948067915854,2.308069522884816,24.858591086623793,-0.4412690979637696,0.7039296867696118,-3.372275718711998,0.37833778065788926
93.24,80.70479510114829,205.8650305547837,2.322148116620209,24.858218140682087,-0.44131623526115,0.7039208550411092,-3.3853331380001723,0.37805756169346
93.26,80.55311392372907,206.3384916650498,2.3362265337210317,24.857842705505487,-0.44136302048075615,0.7039115218772108,-3.3983751999146334,0.3777761584314385
93.28,80.39480685501309,206.8097707845172,2.350304764158576,24.857464768271292,-0.4414094482160213,0.7039020977663059,-3.41140184529079,0.3774935717533451
93.3,80.22990519927063,207.27877511783993,2.364382806113902,24.85708431606449,-0.44145552130582977,0.7038929922281829,-3.424413015033985,0.3772098025444063
93.32000000000001,80.05844156362147,207.74541231822698,2.3784606659584657,24.8567013358772,-0.44150125073557756,0.7038846056237341,-3.4374086501197993,0.37692485169355316
93.34,79.88044985158622,208.20959050580242,2.39253835807094,24.85631581460814,-0.4415466553756709,0.7038773211539991,-3.4503886915942426,0.3766387200934192
93.36,79.69596525634185,208.6712182858572,2.4066159044940196,24.85592773906208,-0.44159176156281077,0.7038714972077409,-3.463353080574095,0.37635140864033595
93.38,79.50502425368504,209.13020476698674,2.420693334438175,24.85553709594928,-0.4416366025325372,0.703867460209539,-3.4763017582471463,0.3760629182343303
93.4,79.30766459470819,209.58645957910835,2.434770683642366,24.85514387188496,-0.44168121771446117,0.7038654981101572,-3.4892346658724356,0.3757732497791236
93.42,79.10392529819366,210.0398928913537,2.44884799360457,24.854748053388715,-0.4417256519043319,0.7038658546479176,-3.5021517447805417,0.3754824041821273
93.44,78.89384664273227,210.49041542983156,2.4629253106975284,24.854349626883977,-0.441769954329523,0.703868724494251,-3.5150529363738743,0.3751903823544402
93.46000000000001,78.67747015857287,210.93793849525704,2.477002685187413,24.853948578697437,-0.44181417762661945,0.7038742493788059,-3.5279381821269107,0.37489718521084453
93.48,78.45483861921002,211.38237398044424,2.491080170174989,24.853544895058477,-0.4418583767515134,0.7038825152698528,-3.540807423586436,0.3746028136698064
93.5,78.22599603271719,211.8236343876597,2.5051578204803864,24.853138562098604,-0.44190260784373175,0.7038935506645959,-3.5536606023718815,0.3743072686534692
93.52,77.99098763283311,212.26163284583487,2.5192356914936784,24.85272956585087,-0.4419469270676,0.703907326021844,-3.5664976601755005,0.3740105510876537
93.54,77.74985986980877,212.69628312763632,2.5333138380141147,24.852317892249285,-0.441991389453277,0.703923754346714,-3.579318538762722,0.37371266190185193
93.56,77.50266040102268,213.12749966639316,2.5473923131010494,24.851903527128254,-0.44203604776066463,0.7039426929141284,-3.5921231799723303,0.37341360202922813
93.58,77.2494380813714,213.55519757288133,2.5614711669593326,24.851486456221966,-0.44208095138871284,0.7039639460952521,-3.6049115257167994,0.37311337240661246
93.60000000000001,76.99024295344248,213.97929265196544,2.5755504458812375,24.851066665163817,-0.4421261453517031,0.703987269229157,-3.6176835179825266,0.3728119739744999
93.62,76.72512623747606,214.39970141909848,2.5896301912658206,24.8506441394858,-0.44217166934273544,0.7040123734613487,-3.630439098830066,0.3725094076770468
93.64,76.45414032112105,214.81634111668066,2.603710438735048,24.85021886461793,-0.44221755690288167,0.7040389314517277,-3.643178210394461,0.37220567446206765
93.66,76.17733874899093,215.2291297302783,2.6177912173640827,24.849790825887613,-0.4422638347123439,0.7040665838374798,-3.655900794885428,0.3719007752810332
93.68,75.89477621202396,215.63798600470403,2.631872549040832,24.84936000851906,-0.44231052201751214,0.7040949463216318,-3.668606794587696,0.37159471108906594
93.7,75.60650853665112,216.0428294599596,2.6459544479672648,24.848926397632663,-0.4423576302051001,0.7041236172458529,-3.6812961518611904,0.371287482844938
93.72,75.31259267377504,216.44358040704174,2.660036920312182,24.84848997824439,-0.44240516253160367,0.7041521854967722,-3.693968809141365,0.37097909151106817
93.74,75.01308668756181,216.84015996361262,2.6741199640221174,24.848050735265154,-0.442453114013239,0.7041802385887954,-3.7066247089394313,0.37066953805351827
93.76,74.70804974404707,217.23249006953435,2.6882035687938934,24.847608653500203,-0.44250147147833063,0.7042073707632466,-3.7192637938426008,0.3703588234419916
93.78,74.39754209955703,217.62049350226806,2.702287716209158,24.847163717648478,-0.4425502137809018,0.7042331909437103,-3.7318860065143626,0.37004694864982784
93.8,74.08162508894405,218.0040938921367,2.716372380028032,24.846715912301995,-0.44259931217103543,0.7042573303906624,-3.74449128969477,0.36973391465400146
93.82000000000001,73.76036111363624,218.38321573745012,2.7304575266358455,24.84626522194521,-0.44264873081448236,0.7042794499048136,-3.757079586200673,0.36941972243511784
93.84,73.43381362949943,218.75778441949092,2.7445431156339417,24.845811630954362,-0.44269842745106036,0.7042992464378777,-3.769650838925949,0.3691043729774116
93.86,73.10204713450986,219.12772621735812,2.7586291005626986,24.845355123596853,-0.4427483541786679,0.7043164589815505,-3.7822049908418283,0.3687878672687418
93.88,72.76512715623531,219.49296832266555,2.7727154297423295,24.844895684030586,-0.44279845834728343,0.7043308736200744,-3.794741984997115,0.36847020630058863
93.9,72.42312023912206,219.85343885409085,2.7868020472147315,24.84443329630332,-0.44284868354518403,0.7043423276485666,-3.8072617645184286,0.3681513910680529
93.92,72.07609393158522,220.20906687177035,2.800888893767703,24.843967944352002,-0.442898970657837,0.7043507126779864,-3.8197642726104815,0.3678314225698508
93.94,71.72411677289965,220.55978239153447,2.814975908021262,24.843499612002127,-0.4429492589785257,0.7043559766677979,-3.8322494525563586,0.367510301808311
93.96000000000001,71.36725827988892,220.9055163989777,2.829063027554618,24.843028282967058,-0.44299948734879885,0.7043581248486663,-3.844717247717752,0.36718802978937076
93.98,71.00558893341001,221.24620086335656,2.843150190051591,24.84255394084736,-0.4430495953062906,0.7043572195194693,-3.857167601535189,0.36686460752257566
94.0,70.6391801646317,221.58176875130832,2.8572373344419804,24.842076569130136,-0.44309952421736454,0.7043533787250875,-3.8696004575283576,0.3665400360210728
94.02,70.26810434110502,221.91215404038346,2.871324402016482,24.84159615118834,-0.44314921837237936,0.7043467738434089,-3.8820157592962854,0.3662143163016113
94.04,69.89243475262475,222.2372917323839,2.88541133749335,24.841112670280108,-0.4431986260221597,0.7043376261313071,-3.8944134505176726,0.36588744938453455
94.06,69.51224559688154,222.55711786649934,2.8994980900159764,24.840626109548055,-0.4432477003354534,0.7043262022996395,-3.906793474951069,0.36555943629378207
94.08,69.12761196490469,222.87156953223365,2.9135846140619694,24.840136452018598,-0.44329640025875283,0.704312809206133,-3.919155776435199,0.36523027805688263
94.10000000000001,68.73860982629671,223.18058488211372,2.927670870246092,24.839643680601263,-0.4433446912618115,0.7042977877720551,-3.931500298889186,0.3648999757049524
94.12,68.34531601426129,223.48410314417308,2.9417568260015337,24.83914777808798,-0.4433925459544634,0.7042815062434442,-3.943826986312787,0.3645685302726914
94.14,67.94780821042703,223.78206463420287,2.955842456126403,24.83864872715239,-0.44343994456290386,0.7042643529301507,-3.9561357827866654,0.36423594279838145
94.16,67.54616492947035,224.07441076776365,2.969927743185006,24.83814651034912,-0.44348687525636404,0.7042467285657594,-3.9684266324726685,0.36390221432388087
94.18,67.14046550354136,224.3610840719514,2.984012677756321,24.837641110113093,-0.44353333431805997,0.7042290384384633,-3.9806994796140565,0.3635673458946226
94.2,66.7307900664975,224.64202819691224,2.9980972585250907,24.8371325087588,-0.4435793261573486,0.7042116844469901,-3.992954268535726,0.3632313385596106
94.22,66.31721953795034,224.91718792710068,3.0121814922140304,24.83662068847958,-0.44362486316313415,0.7041950572367208,-4.005190943644527,0.36289419337141643
94.24,65.89983560713137,225.18650919227758,3.0262653933587647,24.8361056313469,-0.4436699654016647,0.7041795285691216,-4.017409449429478,0.362555911386176
94.26,65.47872071658345,225.449939078244,3.040348983930147,24.835587319309624,-0.4437146601648858,0.7041654440726343,-4.029609730462005,0.36221649366358705
94.28,65.0539580456847,225.70742583730885,3.0544322928115992,24.83506573419328,-0.4437589813784193,0.7041531165153274,-4.0417917313962075,0.36187594126690437
94.3,64.62563149401208,225.95891889848846,3.0685153551419058,24.834540857699313,-0.44380296888094833,0.7041428197290405,-4.0539553969691315,0.36153425526293725
94.32000000000001,64.19382566455242,226.20436887743756,3.082598211536487,24.83401267140436,-0.44384666758926766,0.7041347833017165,-4.066100672001002,0.3611914367220461
94.34,63.758625846768105,226.44372758611144,3.096680907202521,24.83348115675949,-0.4438901265654508,0.7041291881393413,-4.07822750139544,0.3608474867181399
94.36,63.320117999525515,226.67694804216066,3.110763490965308,24.832946295089457,-0.44393339800445236,0.7041261629816958,-4.090335830139786,0.360502406328671
94.38,62.8783887338935,226.9039844780597,3.124846014224942,24.83240806759194,-0.44397653616196814,0.7041257819373478,-4.102425603305265,0.3601561966346333
94.4,62.433525295819436,227.1247923499719,3.138928529863689,24.831866455336787,-0.4440195962434905,0.7041280630833061,-4.11449676604732,0.35980885872055773
94.42,61.98561554868993,227.3393283463539,-3.1301742160542307,24.831321439265245,-0.44406263327620055,0.704132968153931,-4.126549263605769,0.35946039367451077
94.44,61.53474795578299,227.5475503963029,-3.1160915566911522,24.830773000189197,-0.4441057009856199,0.7041404033224593,-4.138583041305163,0.3591108025880889
94.46000000000001,61.08101156261794,227.74941767765026,-3.102008748624703,24.83022111879038,-0.4441488506987995,0.7041502210572691,-4.150598044554947,0.35876008655641506
94.48,60.62449597920895,227.94489062480605,-3.0879257442035577,24.82966577561961,-0.4441921302952534,0.7041622230141753,-4.162594218849712,0.3584082466781381
94.5,60.16529136222746,228.13393093635847,-3.0738424997432743,24.82910695109599,-0.44423558322586654,0.7041761639060586,-4.174571509769506,0.3580552840554258
94.52,59.70348839707814,228.31650158243218,-3.059758976465153,24.82854462550614,-0.44427924761863613,0.7041917562723241,-4.186529862980002,0.35770119979396486
94.54,59.23917827989264,228.49256681181006,-3.0456751413397067,24.82797877900338,-0.44432315548837403,0.704208676053462,-4.198469224232823,0.357345995002953
94.56,58.77245269944443,228.66209215882168,-3.0315909678186377,24.82740939160695,-0.4443673320654388,0.7042265688606608,-4.210389539365705,0.3569896707951006
94.58,58.30340381898774,228.82504445000234,-3.0175064364414244,24.826836443201195,-0.444411795256221,0.7042450568172883,-4.2222907543028185,0.3566322282866233
94.60000000000001,57.83212425802296,228.9813918105255,-3.0034215353050784,24.826259913534773,-0.44445655524551964,0.7042637458383655,-4.234172815054981,0.3562736685972403
94.62,57.35870707399019,229.13110367041094,-2.989336260388311,24.825679782219822,-0.44450161424817614,0.7042822332061108,-4.2460356677198785,0.35591399285017006
94.64,56.8832457438924,229.27415077051035,-2.975250615724189,24.82509602873116,-0.4445469664144235,0.7043001152943651,-4.257879258482339,0.3555532021721284
94.66,56.40583414584904,229.4105051682714,-2.9611646134183016,24.82450863240545,-0.44459259789042554,0.7043169952923336,-4.269703533614585,0.35519129769332236
94.68,55.92656654058069,229.54014024328046,-2.9470782735124548,24.82391757244039,-0.44463848703247977,0.704332490778601,-4.281508439476469,0.3548282805474488
94.7,55.44553755282518,229.66303070258311,-2.932991623696883,24.823322827893858,-0.44468460477039357,0.7043462409997983,-4.2932939225156765,0.35446415187168984
94.72,54.962842152685276,229.77915258578147,-2.918904698876887,24.822724377683095,-0.4447309151126798,0.7043579137145306,-4.305059929268046,0.3540989128067093
94.74,54.47857563690808,229.88848326990546,-2.9048175406025964,24.82212220058386,-0.44477737578350474,0.7043672114720689,-4.316806406357728,0.3537325644966505
94.76,53.992833610096305,229.99100147405522,-2.890730196373155,24.821516275229573,-0.4448239389788132,0.7043738772066993,-4.328533300497508,0.35336510808913035
94.78,53.50571196585163,230.0866872638107,-2.876642718829021,24.820906580110474,-0.4448705522267996,0.7043776990422715,-4.34024055848897,0.35299654473523756
94.8,53.01730686785068,230.17552205540386,-2.8625551648481755,24.820293093572765,-0.444917159335931,0.7043785142170842,-4.351928127222806,0.35262687558952815
94.82000000000001,52.52771473085429,230.2574886196483,-2.848467594563834,24.819675793817744,-0.44496370141209923,0.7043762120565488,-4.363595953679026,0.352256101810022
94.84,52.037032201651286,230.3325710856206,-2.834380070322703,24.819054658900946,-0.44501011792520756,0.704370735939645,-4.375243984927169,0.3518842245582004
94.86,51.54535613993815,230.40075494408683,-2.82029265560391,24.818429666731266,-0.44505634780461256,0.7043620842247443,-4.386872168126618,0.3515112449990001
94.88,51.05278359913679,230.46202705066855,-2.806205413919415,24.817800795070088,-0.4451023305423549,0.7043503101204844,-4.39848045052675,0.35113716430081154
94.9,50.55941180715281,230.51637562874086,-2.7921184077170054,24.817168021530392,-0.44514800728303167,0.7043355205076716,-4.410068779467265,0.35076198363547406
94.92,50.0653381470775,230.56379027205614,-2.7780316973068517,24.816531323575887,-0.4451933218794899,0.7043178737382673,-4.42163710237834,0.35038570417827386
94.94,49.57066013783704,230.60426194708688,-2.7639453398320866,24.815890678520102,-0.4452382218942428,0.7042975764569938,-4.433185366780936,0.35000832710793844
94.96000000000001,49.07547541479336,230.63778299508104,-2.7498593883029465,24.815246063525496,-0.4452826595276167,0.7042748795096044,-4.44471352028701,0.3496298536066325
94.98,48.57988171030128,230.6643471338239,-2.7357738907127542,24.81459745560256,-0.44532659245510176,0.7042500730190625,-4.456221510599732,0.3492502848599575
95.0,48.08397683422725,230.68394945910086,-2.721688889252373,24.813944831608904,-0.4453699845581715,0.7042234807264255,-4.46770928551374,0.34886962205694527
95.02,47.58785865443558,230.6965864458559,-2.7076044196378444,24.81328816824835,-0.4454128065349255,0.7041954537068711,-4.479176792915396,0.3484878663900545
95.04,47.091625077248196,230.70225594904153,-2.693520510563707,24.812627442070013,-0.44545503637924605,0.7041663635827565,-4.490623980783009,0.34810501905516633
95.06,46.5953740278847,230.7009572041566,-2.679437183292052,24.81196262946738,-0.4454966597197082,0.7041365953646914,-4.502050797187032,0.34772108125158385
95.08,46.099203430889446,230.69269082746885,-2.665354451384758,24.81129370667738,-0.4455376700121808,0.7041065400581419,-4.5134571902903655,0.3473360541820246
95.10000000000001,45.60321119055277,230.67745881592083,-2.651272320583595,24.810620649779448,-0.44557806858286636,0.7040765871769903,-4.524843108348565,0.3469499390526184
95.12,45.10749517133366,230.65526454671758,-2.637190788840055,24.809943434694603,-0.4456178645213817,0.7040471173066608,-4.536208499710016,0.34656273707290464
95.14,44.612153178290974,230.62611277659659,-2.623109846493922,24.80926203718449,-0.44565707442633673,0.7040184948578982,-4.547553312816277,0.34617444945582615
95.16,44.11728293753057,230.59000964078055,-2.609029476596764,24.808576432850426,-0.44569572200866214,0.7039910611480964,-4.558877496202239,0.3457850774177271
95.18,43.62298207667531,230.54696265161488,-2.594949655373802,24.807886597132473,-0.4457338375606219,0.7039651279402885,-4.570180998496391,0.34539462217834854
95.2,43.129348105364826,230.4969806968927,-2.5808703528149963,24.80719250530845,-0.4457714573009681,0.7039409715607169,-4.581463768421011,0.345003084960825
95.22,42.63647839579168,230.44007403787083,-2.566791533383782,24.806494132492986,-0.4458086226090101,0.7039188277044195,-4.592725754792463,0.34461046699167974
95.24,42.14447016327997,230.3762543069809,-2.5527131568296935,24.805791453636544,-0.4458453791624319,0.7038988870247973,-4.603966906521361,0.3442167695008229
95.26,41.65342044691231,230.30553450524098,-2.5386351790891974,24.80508444352445,-0.4458817759954643,0.7038812915878768,-4.61518717261287,0.3438219937215451
95.28,41.163426090210315,230.22792899937272,-2.52455755325744,24.80437307677591,-0.44591786449546916,0.7038661322552769,-4.626386502166864,0.34342614089051515
95.3,40.67458372187353,230.1434535186303,-2.5104802306123344,24.803657327843023,-0.4459536973570949,0.7038534470420413,-4.637564844378223,0.3430292122477759
95.32000000000001,40.186989736580855,230.05212515134758,-2.4964031616714935,24.80293717100979,-0.44598932751389836,0.7038432204768642,-4.648722148537032,0.3426312090367397
95.34,39.700740275858266,229.95396234120975,-2.482326297261956,24.80221258039113,-0.44602480706768266,0.7038353839731474,-4.659858364028801,0.34223213250418644
95.36,39.21593120901592,229.84898488325635,-2.468249589582493,24.801483529931858,-0.4460601862357704,0.7038298172001803,-4.670973440334702,0.3418319839002571
95.38,38.73265811415716,229.73721391962206,-2.4541729932384895,24.800749993405688,-0.44609551233602024,0.7038263504248649,-4.6820673270318265,0.34143076447845133
95.4,38.25101625926157,229.61867193502192,-2.440096466229992,24.800011944414226,-0.4461308288286091,0.7038247677761905,-4.6931399737933885,0.3410284754956227
95.42,37.7711005833436,229.49338275198693,-2.426019970874468,24.799269356385942,-0.44616617443245904,0.7038248113674255,-4.704191330388929,0.3406251182119768
95.44,37.29300567768802,229.36137152585593,-2.41194347464712,24.79852220257515,-0.446201582332714,0.7038261861950792,-4.7152213466846,0.3402206938910646
95.46000000000001,36.816825767162904,229.22266473952897,-2.397866950923218,24.79777045606098,-0.4462370794938916,0.70382856571937,-4.726229972643358,0.3398152037997787
95.48,36.34265469161083,229.07729019798683,-2.3837903796088304,24.797014089746344,-0.44627268609128734,0.7038315980184958,-4.7372171583251825,0.3394086492083522
95.5,35.87058588731852,228.92527702258084,-2.3697137476484604,24.79625307635689,-0.4463084150709329,0.7038349123986575,-4.748182853887314,0.33900103139035237
95.52,35.40071236856519,228.7666556450962,-2.3556370494004875,24.795487388439962,-0.4463442718459484,0.7038381263337273,-4.759127009584497,0.3385923516226771
95.54,34.93312670924979,228.60145780159138,-2.341560286873813,24.79471699836355,-0.44638025413453225,0.7038408526028261,-4.770049575769194,0.33818261118554915
95.56,34.467921024597395,228.42971652601545,-2.3274834698217566,24.793941878315227,-0.44641635194214646,0.7038427064909459,-4.780950502891779,0.3377718113625169
95.58,34.00518695294509,228.25146614360418,-2.3134066156919375,24.79316200030109,-0.44645254768773557,0.7038433129172154,-4.791829741500824,0.33735995344044484
95.60000000000001,33.54501563760804,228.06674226405534,-2.299329749433593,24.792377336144696,-0.4464888164711132,0.7038423133574068,-4.802687242243268,0.3369470387095139
95.62,33.08749770882664,227.87558177448244,-2.285252903166445,24.79158785748598,-0.44652512647601167,0.7038393724317947,-4.813522955864657,0.33653306846321457
95.64,32.63272326579603,227.67802283214593,-2.271176115717809,24.79079353578018,-0.44656143950076943,0.7038341840364005,-4.824336833209394,0.3361180439983438
95.66,32.18078185877981,227.47410485695968,-2.257099432037081,24.78999434229675,-0.4465977116062726,0.703826476904821,-4.835128825220933,0.3357019666150011
95.68,31.731762471310077,227.26386852377073,-2.2430229024989847,24.78919024811828,-0.4466338938686152,0.7038160194990942,-4.845898882942015,0.33528483761658456
95.7,31.285753502476712,227.04735575440893,-2.228946582109003,24.788381224139385,-0.446669933222037,0.7038026241411356,-4.85664695751487,0.3348666583097859
95.72,30.842842749309128,226.8246097095037,-2.21487052962618,24.787567241065606,-0.44670577337607353,0.7037861503109488,-4.867373000181452,0.3344474300045883
95.74000000000001,30.40311738925446,226.59567478006412,-2.200794806619961,24.786748269412307,-0.4467413557895344,0.7037665070537829,-4.878076962283688,0.3340271540142594
95.76,29.966663962756694,226.3605965788185,-2.1867194764788853,24.785924279503565,-0.4467766206829454,0.7037436544553561,-4.888758795263638,0.33360583165535096
95.78,29.533568355941703,226.1194219313103,-2.172644603389778,24.78509524147104,-0.4468115080704514,0.7037176041618814,-4.899418450663775,0.3331834642476899
95.8,29.10391578341384,225.87219886674612,-2.1585702513065406,24.78426112525286,-0.44684595879190125,0.7036884189395608,-4.91005588012717,0.3327600531143787
95.82000000000001,28.677790771170105,225.61897660859273,-2.1444964829277495,24.783421900592487,-0.44687991552591916,0.7036562112861474,-4.9206710353977305,0.33233559958178827
95.84,28.255277139638363,225.35980556492007,-2.1304233587020267,24.782577537037575,-0.4469133237652085,0.7036211411247407,-4.931263868320392,0.3319101049795566
95.86,27.836457986846472,225.0947373184871,-2.116350935879532,24.781728003938838,-0.4469461327361219,0.7035834126268906,-4.941834330841354,0.33148357064058137
95.88,27.421415671729456,224.82382461656883,-2.102279267626994,24.780873270448897,-0.4469782962456498,0.7035432702280051,-4.952382375008307,0.33105599790101775
95.9,27.010231797582065,224.5471213605226,-2.088208402222434,24.780013305521123,-0.44700977344040455,0.703500993912699,-4.962907952970674,0.3306273881002735
95.92,26.60298719566416,224.26468259509264,-2.07413838234418,24.779148077908484,-0.4470405294638816,0.7034568938608466,-4.973411016979712,0.33019774258100626
95.94,26.199761908966416,223.97656449745296,-2.060069244466963,24.778277556162372,-0.4470705360002283,0.7034113045564411,-4.98389151938891,0.3297670626891169
95.96000000000001,25.800635176143743,223.6828243659887,-2.046001018375834,24.777401708631444,-0.44709977169490783,0.7033645784707571,-4.994349412654025,0.3293353497737464
95.98,25.405685415623637,223.3835206088176,-2.031933726806419,24.776520503460432,-0.44712822244497025,0.7033170794385737,-5.004784649333401,0.3289026051872733
96.0,25.014990209896432,223.07871273205367,-2.0178673852176474,24.77563390858897,-0.4471558815540862,0.7032691758512425,-5.0151971820882,0.3284688302853066
96.02,24.628626289994063,222.76846132781552,-2.0038020017006226,24.774741891750395,-0.44718274975002364,0.7032212337930913,-5.025586963682542,0.3280340264266835
96.04,24.246669520163532,222.45282806198355,-1.9897375770247607,24.773844420470564,-0.4472088350647973,0.7031736102480137,-5.035953946983775,0.327598194973463
96.06,23.869194882740697,222.1318756617103,-1.9756741048198005,24.77294146206664,-0.44723415258025573,0.703126646501103,-5.046298084962644,0.32716133729092567
96.08,23.49627646322952,221.80566790268847,-1.9616115718897784,24.772032983645904,-0.44725872404433786,0.703080661855921,-5.056619330693565,0.3267234547475645
96.10000000000001,23.127987435591212,221.47426959618303,-1.94754995865266,24.771118952104526,-0.44728257736559207,0.703035947781523,-5.066917637354778,0.32628454871508494
96.12,22.764400047747078,221.13774657583318,-1.9334892396970293,24.770199334126353,-0.44730574599575557,0.7029927625948202,-5.077192958228584,0.3258446205683971
96.14,22.405585607298185,220.79616568423071,-1.919429384445133,24.769274096181686,-0.44732826821220667,0.7029513267734446,-5.0874452467015745,0.3254036716856135
96.16,22.051614467464226,220.44959475928232,-1.905370357909664,24.768343204526047,-0.44735018631388823,0.7029118189821688,-5.09767445626482,0.3249617034480442
96.18,21.702556013243328,220.09810262036228,-1.8913121215300206,24.767406625198948,-0.44737154574582616,0.7028743728823583,-5.107880540514094,0.3245187172401924
96.2,21.358478647793785,219.7417590542638,-1.8772546340723735,24.766464324022643,-0.4473923941686063,0.7028390747791755,-5.118063453150058,0.3240747144497498
96.22,21.01944977903814,219.38063480095582,-1.86319785257679,24.765516266600887,-0.44741278049010463,0.7028059621455639,-5.128223147978494,0.3236296964675939
96.24000000000001,20.68553580648936,219.0148015391529,-1.8491417333338789,24.764562418317674,-0.44743275387737425,0.7027750230457348,-5.138359578910532,0.32318366468778065
96.26,20.35680210829834,218.64433187170562,-1.8350862328729642,24.763602744335987,-0.4474523627668699,0.702746196464251,-5.148472699962808,0.322736620507544
96.28,20.033313028521544,218.26929931081824,-1.8210313089436792,24.76263720959652,-0.4474716538911303,0.702719373530154,-5.158562465257721,0.3222885653272867
96.3,19.715131864607077,217.88977826310045,-1.806976921473076,24.761665778816415,-0.44749067133964887,0.7026943996092286,-5.1686288290236195,0.32183950055058036
96.32000000000001,19.402320855097333,217.50584401445937,-1.7929230334808914,24.760688416487987,-0.447509455670947,0.7026710772217525,-5.178671745595025,0.3213894275841578
96.34,19.09494116754606,217.11757271483785,-1.7788696119364564,24.75970508687743,-0.44752804309184324,0.7026491697281828,-5.188691169412778,0.3209383478379132
96.36,18.793052886647587,216.72504136280403,-1.7648166285418927,24.758715754023537,-0.4475464647185996,0.7026284057115143,-5.198687055024341,0.32048626272489067
96.38,18.496715002575975,216.32832778999722,-1.7507640604276624,24.757720381736394,-0.4475647459330558,0.7026084839726955,-5.208659357083941,0.3200331736612858
96.4,18.205985399531972,215.92751064543404,-1.7367118907482084,24.75671893359609,-0.44758290584505817,0.7025890790447663,-5.218608030352796,0.31957908206643837
96.42,17.92092084449579,215.52266937967838,-1.722660109167313,24.7557113729514,-0.44760095687049106,0.7025698471224514,-5.2285330296992925,0.31912398936283043
96.44,17.641576976184037,215.11388422887822,-1.708608712224864,24.754697662918474,-0.4476189044320597,0.7025504322969683,-5.238434310099246,0.3186678969760769
96.46000000000001,17.368008294209577,214.70123619867164,-1.6945577035789248,24.753677766379525,-0.4476367467876973,0.7025304729808896,-5.248311826636043,0.31821080633492704
96.48,17.100268148443437,214.28480704796377,-1.680507094119307,24.752651645981484,-0.44765447498911803,0.7025096084051389,-5.258165534500878,0.3177527188712567
96.5,16.838408728578486,213.86467927257613,-1.666456901951204,24.75161926413469,-0.4476720729706531,0.7024874850696043,-5.267995388992966,0.31729363602006366
96.52,16.582481053895208,213.44093608876915,-1.652407152249812,24.750580583011537,-0.4476895177661363,0.7024637630304305,-5.277801345519725,0.31683355921946454
96.54,16.332534963230433,213.01366141663829,-1.6383578769892035,24.74953556454514,-0.4477067798492891,0.7024381219107592,-5.28758335959699,0.3163724899106878
96.56,16.088619105150652,212.58293986338398,-1.6243091145509883,24.748484170427975,-0.44772382359083585,0.7024102665274403,-5.297341386849196,0.3159104295380733
96.58,15.850780928332133,212.14885670645535,-1.6102609092204394,24.74742636211053,-0.4477406078235002,0.7023799320338981,-5.307075383009593,0.3154473795490651
96.60000000000001,15.61906667215077,211.71149787656734,-1.5962133105797613,24.746362100799942,-0.44775708650412427,0.7023468884887746,-5.316785303920469,0.3149833413942065
96.62,15.393521357485247,211.2709499405911,-1.582166372809986,24.745291347458625,-0.44777320946045385,0.7023109447709771,-5.3264711055332965,0.3145183165271364
96.64,15.174188777737697,210.82730008431713,-1.5681201539145664,24.7442140628029,-0.4477889232086717,0.7022719517741383,-5.3361327439089905,0.3140523064045851
96.66,14.961111490076675,210.38063609509135,-1.5540747148790837,24.743130207301615,-0.4478041718265589,0.7022298048269769,-5.3457701752180675,0.313585312486369
96.68,14.754330806907703,209.93104634432356,-1.540030118782544,24.742039741174754,-0.4478188978662481,0.7021844453004297,-5.355383355740872,0.3131173362353865
96.7,14.553886787577166,209.47861976986917,-1.5259864298765355,24.740942624392048,-0.44783304328991,0.7021358613773714,-5.364972241867743,0.31264837911761256
96.72,14.359818230315675,209.02344585828436,-1.511943712648988,24.73983881667158,-0.44784655041139826,0.7020840879760399,-5.374536790099225,0.3121784426020965
96.74000000000001,14.172162664427281,208.5656146269558,-1.4979020308894673,24.738728277478373,-0.44785936282687144,0.7020292058335981,-5.384076957046302,0.31170752816095354
96.76,13.990956342731147,208.10521660610647,-1.4838614467727953,24.737610966022984,-0.4478714263177098,0.7019713397713669,-5.393592699430525,0.31123563726936476
96.78,13.816234234262302,207.64234282067932,-1.469822019977368,24.736486841260092,-0.44788268970964273,0.7019106561778399,-5.40308397408427,0.31076277140556735
96.8,13.648030017238122,207.1770847721016,-1.4557838068538111,24.735355861887058,-0.44789310567288665,0.7018473597594082,-5.41255073795091,0.3102889320508539
96.82000000000001,13.486376072297046,206.7095344199324,-1.441746859658623,24.73421798634252,-0.4479026314492455,0.7017816896215436,-5.421992948084995,0.3098141206895672
96.84,13.33130347601575,206.23978416339736,-1.4277112258661921,24.733073172804943,-0.4479112294935208,0.70171391475476,-5.431410561652462,0.30933833880909534
96.86,13.182841994710728,205.76792682281456,-1.4136769475710969,24.73192137919118,-0.4479188680181926,0.7016443290098384,-5.440803535930842,0.3088615878998642
96.88,13.041020078529758,205.29405562091603,-1.3996440609909,24.730762563155032,-0.44792552143213493,0.7015732456553591,-5.450171828309436,0.30838386945533713
96.9,12.9058648558382,204.81826416407029,-1.3856125960777927,24.729596682085784,-0.447931170666081,0.7015009916174105,-5.459515396289518,0.30790518497200764
96.92,12.777402127904505,204.3406464234114,-1.3715825762454446,24.72842369310676,-0.4479358033796264,0.7014279015063356,-5.46883419748451,0.3074255359493966
96.94,12.655656363888639,203.86129671588054,-1.3575540182153178,24.727243553073844,-0.4479394140467076,0.70135431153845,-5.478128189620184,0.306944923890045
96.96000000000001,12.540650696136382,203.38030968518632,-1.3435269319845489,24.726056218574023,-0.44794200391868455,0.701280553461787,-5.4873973305348835,0.3064633502995108
96.98,12.43240691578175,202.89778028269083,-1.329501320915313,24.724861645923898,-0.44794358086634467,0.7012069485940905,-5.496641578179656,0.30598081668636523
97.0,12.330945468658943,202.41380374822793,-1.3154771819434312,24.723659791168213,-0.4479441591042994,0.7011338020785262,-5.505860890618496,0.3054973245621861
97.02,12.236285451524497,201.92847559086098,-1.3014545059018607,24.72245061007835,-0.4479437588033187,0.7010613974579577,-5.515055226028513,0.30501287544155276
97.04,12.148444608589454,201.44189156958694,-1.2874332779527016,24.721234058150852,-0.44794240559811066,0.7009899916622705,-5.524224542700127,0.3045274708420435
97.06,12.067439328360644,200.95414767399407,-1.2734134781194562,24.72001009060591,-0.4479401299998686,0.7009198104952031,-5.533368799037241,0.30404111228423014
97.08,11.993284640789406,200.46534010488,-1.259395081909552,24.718778662385866,-0.4479369667245439,0.7008510446976747,-5.5424879535574405,0.3035538012916729
97.10000000000001,11.925994214725396,199.97556525483725,-1.2453780610155987,24.71753972815369,-0.44793295394923216,0.7007838466537957,-5.551581964892209,0.30306553939091446
97.12,11.865580355672492,199.4849196888124,-1.2313623840825227,24.716293242291464,-0.4479281325102596,0.7007183277938879,-5.56065079178706,0.3025763281114771
97.14,11.812054003843246,198.99350012464566,-1.217348017526645,24.71503915889886,-0.44792254505750695,0.7006545567360698,-5.569694393101776,0.30208616898585683
97.16,11.765424732507862,198.50140341359645,-1.2033349263919235,24.71377743179162,-0.447916235180191,0.700592558194575,-5.578712727810576,0.3015950635495184
97.18,11.725700746633281,198.0087265208607,-1.189323075228032,24.712508014499992,-0.4479092465197346,0.7005323126691698,-5.587705755002282,0.3011030133408927
97.2,11.692888881807674,197.51556650608512,-1.1753124289746486,24.711230860267218,-0.4479016218854837,0.7004737569160906,-5.5966734338805235,0.3006100199013683
97.22,11.666994603445445,197.02202050388294,-1.1613029538363269,24.709945922047964,-0.44789340238887926,0.7004167851870791,-5.605615723763938,0.3001160847752894
97.24000000000001,11.648022006267771,196.52818570435565,-1.1472946181325854,24.708653152506777,-0.4478846266112631,0.7003612512095738,-5.614532584086335,0.2996212095099494
97.26,11.6359738140537,196.0341593336243,-1.133287393108394,24.707352504016523,-0.4478753298198046,0.7003069708682126,-5.623423974396865,0.2991253956555888
97.28,11.630851379656988,195.54003863437381,-1.11928125369103,24.706043928656815,-0.447865543245088,0.700253725535669,-5.632289854360241,0.2986286447653854
97.3,11.63265468528403,195.0459208464132,-1.1052761791803167,24.704727378212453,-0.44785529343272334,0.7002012659897566,-5.641130183756905,0.2981309583954538
97.32000000000001,11.641382343028571,194.55190318725425,-1.0912721538605217,24.70340280417184,-0.4478446016799543,0.7001493168438321,-5.649944922483191,0.2976323381048394
97.34,11.657031595659303,194.0580828327108,-1.077269167523645,24.702070157725394,-0.4478334835666638,0.7000975814090152,-5.658734030551524,0.29713278545551397
97.36,11.679598317656842,193.5645568975202,-1.0632672158954648,24.700729389763964,-0.4478219485884507,0.7000457468997248,-5.667497468090616,0.2966323020123673
97.38,11.709077016497213,193.07142241598893,-1.0492663009574703,24.699380450877243,-0.44780999989760184,0.6999934898886473,-5.676235195345618,0.2961308893432069
97.4,11.745460834179491,192.5787763226635,-1.0352664311596973,24.69802329135215,-0.4477976341558429,0.699940481913575,-5.684947172678349,0.29562854901875046
97.42,11.788741548995871,192.0867154330276,-1.0212676215214258,24.69665786117124,-0.44778484150076076,0.6998863951366204,-5.693633360567384,0.29512528261262283
97.44,11.838909577543122,191.59533642422716,-1.0072698936186937,24.69528411001108,-0.4477716056257774,0.699830907956171,-5.702293719608313,0.29462109170134854
97.46000000000001,11.895953976975001,191.1047358158241,-0.9932732754595701,24.693901987240643,-0.44775790397156273,0.6997737104735514,-5.7109282105139405,0.2941159778643481
97.48,11.959862447495876,190.61500995057997,-0.9792778012500989,24.69251144191967,-0.4477437080248337,0.6997145097196932,-5.719536794114337,0.29360994268393487
97.5,12.030621335096441,190.12625497527088,-0.9652835110557048,24.691112422797058,-0.44772898371863123,0.6996530345520736,-5.728119431357177,0.2931029877453071
97.52,12.108215634533005,189.63856682153536,-0.9512904503646631,24.68970487830921,-0.4477136919264332,0.6995890401386966,-5.736676083307807,0.292595114636543
97.54,12.192628992552386,189.15204118675672,-0.9372986695618892,24.688288756578405,-0.4476977890408719,0.6995223119537903,-5.745206711149451,0.2920863249485994
97.56,12.283843711364957,188.66677351498208,-0.9233082233228131,24.686864005411145,-0.44768122762641366,0.6994526692190649,-5.7537112761833855,0.29157662027530395
97.58,12.381840752368827,188.18285897788064,-0.9093191699384318,24.68543057229651,-0.4476639571341422,0.699379967734614,-5.762189739829138,0.29106600221335016
97.60000000000001,12.486599740128467,187.7003924557437,-0.8953315705837395,24.6839884044045,-0.44764592466579,0.6993041020546693,-5.7706420636246385,0.29055447236229115
97.62,12.598098966611389,187.21946851852996,-0.8813454885426459,24.682537448584362,-0.44762707577339933,0.6992250069752262,-5.7790682092263825,0.2900420323245393
97.64,12.716315395686667,186.74018140695972,-0.8673609884031412,24.68107765136294,-0.4476073552804727,0.6991426583128307,-5.78746813840964,0.28952868370535634
97.66,12.841224667889152,186.262625013662,-0.8533781352368845,24.679608958942993,-0.447586708110205,0.6990570729663522,-5.79584181306861,0.28901442811285005
97.68,12.972801105453245,185.786892864379,-0.8393969937775574,24.678131317201508,-0.4475650801063744,0.698968308266088,-5.804189195216582,0.28849926715797114
97.7,13.111017717619974,185.31307809923354,-0.8254176276122358,24.67664467168803,-0.44754241883270407,0.6988764606269177,-5.812510246986117,0.2879832024545047
97.72,13.25584620622093,184.84127345406367,-0.8114400983996974,24.675148967622963,-0.4475186743369891,0.6987816635341556,-5.820804930629239,0.2874662356190675
97.74000000000001,13.407256971542303,184.3715712418315,-0.7974644651290141,24.67364414989588,-0.44749379986699744,0.6986840849020787,-5.829073208517589,0.2869483682711017
97.76,13.565219118471916,183.90406333411136,-0.7834907834309726,24.672130163063812,-0.4474677525260882,0.6985839238556357,-5.837315043142572,0.2864296020328727
97.78,13.729700462931667,183.43884114266402,-0.7695191049538597,24.67060695134957,-0.4474404938576267,0.6984814069953854,-5.845530397115585,0.28590993852945784
97.8,13.900667538597295,182.97599560110353,-0.7555494768139521,24.669074458639997,-0.4474119903485907,0.6983767842141375,-5.8537192331681185,0.2853893793887489
97.82000000000001,14.07808560390676,182.51561714666323,-0.7415819411296694,24.66753262848428,-0.44738221384423366,0.6982703241409127,-5.861881514151994,0.284867926241441
97.84,14.261918649357968,182.0577957020679,-0.727616534646851,24.66598140409222,-0.44735114186726704,0.6981623092936167,-5.870017203039469,0.2843455807210321
97.86,14.452129405095818,181.6026206575187,-0.7136532884609785,24.6644207283325,-0.4473187578367241,0.698053031026139,-5.878126262923451,0.28382234446381255
97.88,14.64867934878794,181.150180852798,-0.6996922278404556,24.662850543730965,-0.44728505118343215,0.6979427843583781,-5.886208657017647,0.28329821910886516
97.9,14.851528713787735,180.70056455950004,-0.6857333721532881,24.661270792468876,-0.44725001736082565,0.6978318627789506,-5.894264348656739,0.28277320629805686
97.92,15.060636497582648,180.2538594633948,-0.6717767348977093,24.659681416381172,-0.4472136577516431,0.6977205531100141,-5.902293301296523,0.28224730767603606
97.94,15.275960470524943,179.8101526469306,-0.657822323835509,24.658082356954722,-0.44717597947283655,0.697609130521796,-5.910295478514103,0.2817205248902247
97.96000000000001,15.497457184841565,179.36953057188148,-0.6438701412250731,24.656473555326578,-0.447136995082752,0.6974978537810852,-5.918270844008062,0.28119285959081414
97.98,15.725081983919065,178.9320790621452,-0.6299201841494515,24.654854952282218,-0.44709672219628704,0.6973869608131891,-5.926219361598591,0.2806643134307622
98.0,15.958789011859013,178.49788328669638,-0.6159724449331878,24.653226488253775,-0.44705518301526204,0.6972766646507911,-5.934140995227692,0.28013488806578485
98.02,16.198531223298794,178.06702774270016,-0.6020269116401717,24.651588103318286,-0.44701240378264034,0.6971671498358708,-5.942035708959325,0.27960458515435055
98.04,16.44426039349226,177.63959623878984,-0.5880835686434542,24.64993973719591,-0.4469684141704663,0.6970585693325155,-5.949903466979558,0.2790734063576796
98.06,16.695927128644342,177.21567187851267,-0.574142397256804,24.64828132924816,-0.44692324661244687,0.6969510419991913,-5.957744233596743,0.2785413533397354
98.08,16.953480876493426,176.79533704394683,-0.5602033764168204,24.64661281847611,-0.4468769355929617,0.6968446506590592,-5.965557973241686,0.2780084277672195
98.10000000000001,17.21686993713512,176.37867337949217,-0.546266483403639,24.64493414351863,-0.44682951690493605,0.6967394407963555,-5.973344650467806,0.2774746313095652
98.12,17.48604147408089,175.96576177583697,-0.5323316945877119,24.643245242650572,-0.4467810268894426,0.6966354198959103,-5.981104229951264,0.276939965638937
98.14,17.760941525545068,175.55668235410232,-0.5183989861897937,24.641546053781003,-0.4467315016701064,0.696532557431755,-5.988836676491175,0.2764044324302197
98.16,18.04151501595369,175.15151445016548,-0.5044683350411585,24.639836514451385,-0.44668097639536836,0.696430785499639,-5.99654195500972,0.2758680333610185
98.18,18.32770576766886,174.75033659916298,-0.4905397193311658,24.638116561833783,-0.44662948450142237,0.6963300000773428,-6.004220030552345,0.275330770111647
98.2,18.61945651292249,174.35322652017388,-0.47661311932961903,24.636386132729047,-0.44657705700818423,0.6962300628861291,-6.01187086828788,0.27479264436513
98.22,18.91670890595352,173.96026110108357,-0.4626885180718965,24.634645163565015,-0.44652372185998507,0.6961308038166685,-6.019494433508736,0.27425365780719163
98.24000000000001,19.219403535343144,173.5715163836278,-0.448765901995563,24.632893590394684,-0.4464695033218252,0.6960320238735103,-6.027090691631043,0.2737138121262529
98.26,19.52747993654288,173.18706754861682,-0.43484526151809266,24.631131348894396,-0.44641442144098914,0.6959334985837654,-6.03465960819479,0.273173109013428
98.28,19.84087660459078,172.8069889013395,-0.4209265915464173,24.629358374362013,-0.44635849158262947,0.6958349818082866,-6.042201148864024,0.2726315501625135
98.3,20.15953100701162,172.43135385714658,-0.40700989191025183,24.627574601715086,-0.44630172404660073,0.6957362098873543,-6.049715279426958,0.27208913726999034
98.32000000000001,20.483379596897276,172.06023492721314,-0.39309516771250497,24.625779965489016,-0.446244123771383,0.69563690604785,-6.057201965796171,0.2715458720350122
98.34,20.81235782616411,171.69370370448007,-0.3791824295915478,24.623974399835237,-0.4461856901294105,0.6955367849951395,-6.06466117400872,0.27100175615940536
98.36,21.146400158984633,171.33183084977395,-0.36527169389164493,24.622157838519353,-0.4461264168165357,0.695435557610488,-6.072092870226332,0.27045679134765765
98.38,21.485440085391264,170.9746860781064,-0.3513629827394351,24.620330214919306,-0.44606629183674223,0.6953329356738063,-6.079497020735539,0.26991097930691793
98.4,21.829410135050384,170.62233814515255,-0.33745632402595893,24.61849146202352,-0.4460052975816022,0.6952286365318607,-6.086873591947823,0.26936432174698954
98.42,22.17824189120545,170.27485483391007,-0.32355175129532165,24.616641512429055,-0.44594341100237544,0.6951223876337838,-6.094222550399776,0.26881682038032495
98.44,22.531866004788228,169.93230294153966,-0.30964930354264597,24.61478029833975,-0.4458806038711064,0.6950139308587224,-6.1015438627532665,0.26826847692201744
98.46000000000001,22.890212208697633,169.5947482663888,-0.2957490249254713,24.61290775156435,-0.4458168431256033,0.6949030265647191,-6.108837495795579,0.26771929308979964
98.48,23.253209332245913,169.2622555952007,-0.2818509643941769,24.61102380351467,-0.44575209129182036,0.6947894572933109,-6.116103416439543,0.26716927060403795
98.5,23.620785315772164,168.93488869051149,-0.2679551752483107,24.6091283852037,-0.44568630697591655,0.6946730310707995,-6.123341591723726,0.2666184111877247
98.52,23.992867225423375,168.61271027823787,-0.25406171462689464,24.607221427243747,-0.44561944541716525,0.6945535842545185,-6.130551988812556,0.2660667165664724
98.54,24.369381268103204,168.2957820354597,-0.24017064294180424,24.605302859844564,-0.44555145909194593,0.6944309838805983,-6.1377345749964665,0.26551418846851277
98.56,24.750252806588836,167.98416457840068,-0.22628202326419222,24.603372612811466,-0.44548229835828196,0.6943051294785493,-6.144889317692051,0.26496082862468767
98.58,25.13540637481612,167.6779174506121,-0.21239592067462132,24.601430615543453,-0.4454119121298052,0.6941759543272756,-6.152016184442229,0.2644066387684441
98.60000000000001,25.524765693333155,167.377099111364,-0.1985124015880757,24.599476797031326,-0.4453402485676391,0.694043426136767,-6.159115142916375,0.26385162063582746
98.62,25.918253684922252,167.08176692424905,-0.1846315330653403,24.5975110858558,-0.4452672557784975,0.6939075471494811,-6.166186160910449,0.2632957759654811
98.64,26.31579249039003,166.7919771460047,-0.17075338212235058,24.595533410185613,-0.4451928825073035,0.6937683536652108,-6.173229206347189,0.26273910649863474
98.66,26.717303484525015,166.50778491555909,-0.1568780150490463,24.593543697775633,-0.44511707881283236,0.6936259150028085,-6.180244247276201,0.26218161397910483
98.68,27.12270729222183,166.22924424330623,-0.14300549674899,24.591541875964968,-0.4450397967152753,0.6934803319214089,-6.187231251874159,0.2616233001532819
98.7,27.531923804770663,165.9564080006172,-0.12913589011056192,24.58952787167506,-0.44496099080519286,0.693331734532555,-6.194190188444896,0.2610641667701335
98.72,27.944872196310232,165.68932790959224,-0.11526925541991062,24.587501611407784,-0.44488061880406987,0.693180279742787,-6.201121025419593,0.26050421558119197
98.74000000000001,28.361470940442043,165.4280545330606,-0.10140564982505484,24.58546302124355,-0.4447986420675831,0.6930261482736358,-6.208023731356904,0.25994344834055233
98.76,28.78163782700327,165.17263726483316,-0.08754512685958193,24.583412026839397,-0.4447150260237285,0.6928695413124975,-6.214898274943083,0.25938186680486536
98.78,29.205289978995086,164.92312432021387,-0.07368773603333212,24.581348553427077,-0.4446297405391121,0.6927106768534143,-6.221744624992146,0.25881947273333406
98.8,29.632343869662797,164.67956272677512,-0.059833522496263836,24.57927252581114,-0.44454276020796696,0.6925497857913114,-6.228562750446014,0.2582562678877055
98.82000000000001,30.062715339723674,164.44199831540192,-0.04598252678043746,24.577183868367044,-0.4444540645597875,0.6923871078366317,-6.23535262037465,0.25769225403226637
98.84,30.49631961473792,164.21047571160977,-0.03213478462370478,24.57508250503921,-0.44436363818286395,0.6922228873195823,-6.24211420397618,0.25712743293383983
98.86,30.933071322617796,163.98503832714016,-0.018290326877313134,24.572968359339118,-0.44427147076241547,0.6920573689542723,-6.248847470577064,0.25656180636177456
98.88,31.372884511269532,163.76572835183714,-0.00444917949822754,24.57084135434339,-0.4441775570334443,0.6918907936329489,-6.255552389632221,0.2559953760879441
98.9,31.81567266636233,163.55258674580864,0.009388636374431325,24.56870141269186,-0.444081896649842,0.6917233943192691,-6.262228930725159,0.2554281438867402
98.92,32.26134872921843,163.34565323187448,0.02322310426081664,24.566548456585654,-0.44398449397264456,0.6915553921071771,-6.268877063568115,0.2548601115350673
98.94,32.709825114818024,163.1449662883035,0.037054212102960005,24.56438240778527,-0.44388535778163796,0.6913869925085108,-6.275496758002212,0.25429128081233354
98.96000000000001,33.16101372991254,162.95056314184092,0.050881951953130056,24.562203187608638,-0.44378450091573707,0.6912183820280042,-6.282087983997596,0.2537216535004498
98.98,33.614825991239805,162.76247976102687,0.06470631959369033,24.5600107169292,-0.4436819398486792,0.6910497250789931,-6.288650711653509,0.25315123138382317
99.0,34.071172843834404,162.58075084980632,0.07852731409527003,24.557804916173975,-0.44357769420757326,0.69088116128695,-6.295184911198533,0.25258001624934934
99.02,34.52996477942661,162.4054098414301,0.09234493732100901,24.55558570532164,-0.44347178624270783,0.6907128032210837,-6.301690552990623,0.25200800988640837
99.04,34.991111854923325,162.23648889264604,0.10615919338543067,24.553353003900575,-0.44336424025773996,0.6905447345867768,-6.3081676075173085,0.25143521408685854
99.06,35.45452371096458,162.07401887817898,0.11997008807716636,24.551106730986945,-0.4432550820099425,0.6903770089037103,-6.314616045395788,0.2508616306450326
99.08,35.920109590549195,161.9180293854981,0.13377762825524053,24.54884680520276,-0.4431443380905832,0.690209648686286,-6.321035837373087,0.2502872613577297
99.10000000000001,36.38777835772357,161.76854870986898,0.14758182122896635,24.546573144713943,-0.4430320352957306,0.6900426451345416,-6.327426954326186,0.24971210802420904
99.12,36.857438516327726,161.62560384968836,0.1613826741316573,24.544285667228383,-0.44291819999783505,0.6898759583353109,-6.333789367262132,0.24913617244618924
99.14,37.32899822879302,161.48922050209865,0.17518019329836365,24.54198428999401,-0.4428028575283136,0.6897095179650203,-6.340123047318206,0.24855945642783644
99.16,37.80236533498628,161.35942305887937,0.18897438365766384,24.53966892979684,-0.44268603158108305,0.6895432244774121,-6.346427965762015,0.24798196177576462
99.18,38.277447371095406,161.2362346026125,0.20276524814721197,24.537339502959053,-0.4425677436465409,0.6893769507517423,-6.352704093991658,0.24740369029902276
99.2,38.754151588551956,161.11967690311872,0.21655278716224702,24.53499592533705,-0.4424480124848977,0.6892105441697552,-6.358951403535824,0.24682464380909738
99.22,39.23238497298635,161.00977041416127,0.230336998045642,24.5326381123195,-0.44232685364703017,0.6890438290830979,-6.365169866053947,0.24624482411990042
99.24000000000001,39.712054263212,160.9065342704151,0.24411787462730405,24.530265978825412,-0.44220427905016413,0.6888766096268963,-6.371359453336326,0.24566423304776666
99.26,40.193065970234684,160.80998628469786,0.2578954068198418,24.527879439302197,-0.4420802966147261,0.6887086728300904,-6.377520137304243,0.2450828724114465
99.28,40.675326396284085,160.7201429454606,0.2716695802764435,24.52547840772372,-0.44195490996764086,0.6885397919688497,-6.383651890010094,0.24450074403210306
99.3,41.15874165386454,160.63701941453596,0.2854403761158206,24.52306279758837,-0.4418281182162141,0.6883697301060575,-6.389754683637532,0.24391784973330252
99.32000000000001,41.64321768482239,160.56062952514176,0.2992077707179419,24.520632521917104,-0.44169991579554957,0.6881982437574944,-6.395828490501582,0.24333419134101103
99.34,42.12866027942756,160.4909857801386,0.3129717355930919,24.518187493251528,-0.4415702923912242,0.6880250866239793,-6.401873283048752,0.24274977068358847
99.36,42.61497509546713,160.42809935054024,0.32673223732557144,24.515727623651944,-0.44143923293770526,0.6878500133283785,-6.407889033857186,0.2421645895917817
99.38,43.10206767734895,160.37198007427617,0.3404892375921391,24.51325282469542,-0.44130671769176116,0.6876727830970341,-6.413875715636761,0.24157864989872171
99.4,43.58984347521321,160.3226364552062,0.35424269325407964,24.510763007473848,-0.4411727223789112,0.6874931633267899,-6.419833301229242,0.24099195343991348
99.42,44.07820786405024,160.28007566238708,0.36799255652061547,24.508258082592008,-0.4410372184097999,0.687310932981347,-6.425761763608364,0.2404045020532355
99.44,44.567066162822556,160.24430352959192,0.3817387751802426,24.50573796016564,-0.44090017316228597,0.6871258857641241,-6.431661075879996,0.23981629757892758
99.46000000000001,45.056323653589246,160.21532455508375,0.3954812928955249,24.5032025498195,-0.4407615503240204,0.6869378330190584,-6.437531211282244,0.23922734185959044
99.48,45.545885600630726,160.19314190164445,0.40922004955590596,24.500651760685436,-0.4406213102893739,0.686746606315761,-6.4433721431855595,0.23863763674017946
99.5,46.035657269571644,160.17775739686093,0.4229549816822211,24.498085501400457,-0.44047941060376244,0.6865520596810742,-6.44918384509289,0.2380471840679956
99.52,46.52554394649967,160.16917153367126,0.43668602287584246,24.495503680104793,-0.44033580644773984,0.6863540714452472,-6.45496629063977,0.23745598569268228
99.54,47.015450957077576,160.16738347117274,0.45041310430474724,24.492906204439976,-0.44019045115266947,0.6861525456775422,-6.460719453594468,0.2368640434662183
99.56,47.50528368564585,160.1723910356952,0.4641361552182981,24.49029298154692,-0.44004329673937537,0.685947413193004,-6.466443307858072,0.23627135924291445
99.58,47.99494759431274,160.18419072214223,0.4778551034821583,24.487663918063976,-0.43989429447090167,0.6857386321192419,-6.472137827464645,0.23567793487940458
99.60000000000001,48.48434824202842,160.20277769560352,0.4915698761245433,24.48501892012504,-0.4397433954103854,0.6855261880192771,-6.477802986581323,0.23508377223463953
99.62,48.97339130363953,160.2281457932416,0.5052803998849287,24.48235789335761,-0.43959055097506966,0.6853100935736713,-6.4834387595084255,0.23448887316988554
99.64,49.461982588920236,160.2602875264561,0.518986601756402,24.479680742880877,-0.43943571347765054,0.6850903878321737,-6.489045120679579,0.23389323954871544
99.66,49.95002806157537,160.2991940833285,0.5326884095130455,24.476987373303814,-0.4392788366464553,0.6848671350518702,-6.494622044661847,0.23329687323700238
99.68,50.43743385821114,160.3448553313506,0.5463857522140829,24.474277688723262,-0.43911987611638825,0.6846404231452146,-6.50016950615583,0.23269977610291293
99.7,50.92410630726853,160.39725982043925,0.5600785606769874,24.47155159272202,-0.43895878988314174,0.684410361767243,-6.505687479995772,0.23210195001690664
99.72,51.4099519479141,160.45639478623997,0.5737667679123319,24.46880898836694,-0.4387955387138422,0.6841770800766487,-6.511175941149699,0.23150339685172425
99.74000000000001,51.894877548882945,160.52224615372154,0.5874503095138648,24.466049778207033,-0.4386300865080785,0.6839407242101327,-6.51663486471952,0.23090411848238457
99.76,52.378790127268026,160.5947985410635,0.6011291239980672,24.463273864271557,-0.4384624006041193,0.6837014545135072,-6.522064225941129,0.23030411678617765
99.78,52.86159696725018,160.67403526383785,0.6148031530883373,24.460481148068126,-0.4382924520260597,0.6834594425763116,-6.52746400018453,0.22970339364266132
99.8,53.343205638762754,160.7599383394858,0.6284723419398635,24.457671530580832,-0.43812021566862686,0.6832148681192229,-6.5328341629539555,0.22910195093365146
99.82000000000001,53.823524016084924,160.85248849209037,0.6421366393022478,24.45484491226834,-0.43794567041740223,0.682967915785221,-6.538174689887967,0.22849979054321873
99.84,54.30246029635748,160.95166515744432,0.6557959976179522,24.45200119306201,-0.4377687992032689,0.6827187718863291,-6.5434855567595545,0.22789691435768192
99.86,54.77992301801509,161.0574464884133,0.6694503730556787,24.449140272364026,-0.43758958899094824,0.6824676211577698,-6.548766739476279,0.2272933242656016
99.88,55.255821079128886,161.1698093605926,0.6830997254788338,24.446262049045508,-0.4374080307025351,0.6822146435705675,-6.554018214080341,0.22668902215777648
99.9,55.73006375565344,161.28872937825662,0.6967440183502451,24.44336642144465,-0.43722411907795594,0.6819600112520379,-6.559239956748731,0.2260840099272339
99.92,56.20256071957226,161.41418088059785,0.7103832185752861,24.44045328736486,-0.4370378524752489,0.6817038855612338,-6.564431943793297,0.22547828946922635
99.94,56.67322205693613,161.54613694825395,0.7240172962865108,24.437522544072888,-0.43684923261447617,0.6814464143633521,-6.569594151660887,0.22487186268122483
99.96000000000001,57.14195828578885,161.68456941011885,0.737646224573778,24.434574088296973,-0.4366582642699234,0.6811877295433745,-6.574726556933437,0.22426473146291243
99.98,57.60868037397508,161.82944885043497,0.7512699791646456,24.431607816225,-0.43646495491599585,0.6809279447949144,-6.579829136328076,0.22365689771618016
100.0,58.07329975682545,161.98074461616216,0.7648885380605437,24.42862362350265,-0.4362693143328841,0.6806671537154132,-6.584901866697234,0.22304836334512038
100.02,58.53572835471418,162.13842482461965,0.7785018811348521,24.425621405231563,-0.4360713541786273,0.6804054282336046,-6.589944725028759,0.2224391302560171
100.04,58.99587859048494,162.3024563713959,0.7921099896995241,24.422601055967508,-0.4358710875346495,0.6801428173895804,-6.594957688446011,0.221829200357345
100.06,59.453663406740915,162.472804938522,0.8057128460473155,24.419562469718546,-0.43566852843216897,0.6798793464819809,-6.599940734207955,0.2212185755597628
100.08,59.90899628299539,162.64943500290335,0.8193104329769554,24.416505539943223,-0.4354636913670903,0.6796150165908706,-6.604893839709288,0.22060725777610476
100.10000000000001,60.361791252679566,162.83230984500477,0.8329027333087726,24.413430159548746,-0.43525659081107004,0.6793498044788494,-6.609816982480528,0.21999524892137426
100.12,60.811962920004575,163.02139155778357,0.8464897293983498,24.410336220889178,-0.4350472407264109,0.6790836628669844,-6.614710140188112,0.2193825509127425
100.14,61.25942647667495,163.2166410558658,0.8600714026556897,24.407223615763638,-0.4348356540922796,0.6788165210763237,-6.6195732906344995,0.21876916566953894
100.16,61.70409771845128,163.4180180849602,0.8736477330772159,24.40409223541451,-0.4346218424494716,0.6785482860201529,-6.624406411758286,0.2181550951132452
100.18,62.14589306155976,163.62548123150503,0.8872186987976187,24.40094197052565,-0.4344058154705615,0.6782788435268831,-6.629209481634291,0.21754034116748786
100.2,62.58472955894694,163.83898793254298,0.9007842756681566,24.39777271122061,-0.43418758056179224,0.6780080599685575,-6.633982478473653,0.21692490575803805
100.22,63.02052491637785,164.05849448581927,0.9143444368675278,24.394584347060874,-0.4339671425024798,0.6777357841655547,-6.638725380623945,0.21630879081279844
100.24000000000001,63.45319750837612,164.28395606009872,0.9278991525508387,24.39137676704408,-0.433744503127047,0.6774618495341554,-6.643438166569255,0.215691998261803
100.26,63.88266639400464,164.51532670569753,0.941448389541522,24.388149859602272,-0.43351966105406947,0.6771860764403322,-6.64812081493029,0.21507453003720642
100.28,64.30885133248557,164.75255936522612,0.9549921110703288,24.38490351260016,-0.43329261146592757,0.6769082747204237,-6.652773304464482,0.2144563880732806
100.3,64.73167279865854,164.9956058845391,0.9685302765647368,24.38163761333337,-0.43306334594182083,0.6766282463273191,-6.657395614066074,0.2138375743064081
100.32000000000001,65.15105199827553,165.24441702388964,0.9820628414912829,24.378352048526718,-0.43283185234603716,0.6763457880594237,-6.661987722766222,0.2132180906750758
100.34,65.56691088313167,165.49894246928525,0.9955897572524712,24.375046704332487,-0.43259811477248417,0.6760606943289977,-6.6665496097330745,0.2125979391198691
100.36,65.97917216603014,165.75913084404223,1.0091109711390516,24.37172146632872,-0.432362113545604,0.6757727599264925,-6.671081254271895,0.21197712158346513
100.38,66.38775933558009,166.02492972053702,1.022626426337581,24.368376219517508,-0.43212382527691673,0.6754817827381919,-6.675582635825126,0.21135564001062898
100.4,66.79259667082579,166.29628563215235,1.0361360619923445,24.365010848323315,-0.43188322297558596,0.6751875663758237,-6.680053733972509,0.21073349634820412
100.42,67.1936092557053,166.57314408541674,1.0496398133198612,24.361625236591273,-0.4316402762105863,0.6748899226787818,-6.68449452843115,0.21011069254510878
100.44,67.5907229933366,166.8554495723361,1.0631376117734366,24.358219267585525,-0.4313949513212884,0.6745886740521562,-6.688904999055637,0.209487230552329
100.46000000000001,67.9838646201291,167.14314558291645,1.0766293852544795,24.35479282398755,-0.4311472116725718,0.6742836556068478,-6.693285125838127,0.2088631123229121
100.48,68.37296171971784,167.43617461787673,1.0901150583666164,24.351345787894523,-0.43089701794994434,0.6739747170716225,-6.697634888908416,0.20823833981196296
100.5,68.75794273671775,167.7344782015514,1.1035945527080493,24.34787804081766,-0.4306443284895921,0.6736617244509248,-6.7019542685340365,0.20761291497663417
100.52,69.13873699029497,168.03799689498206,1.117067787197068,24.344389463680596,-0.4303890996378178,0.6733445614065848,-6.706243245120377,0.20698683977612248
100.54,69.51527468755177,168.34667030919755,1.1305346784251995,24.340879936817768,-0.43013128613395013,0.6730231303461524,-6.710501799210737,0.20636011617166125
100.56,69.88748693672171,168.6604371186825,1.1439951410321223,24.337349339972796,-0.4298708415105315,0.6726973532053522,-6.714729911486419,0.20573274612651693
100.58,70.2553057601711,168.97923507503336,1.1574490880962296,24.333797552296904,-0.4296077185044124,0.6723671719170591,-6.718927562766834,0.20510473160597914
100.60000000000001,70.61866410720259,169.30300102080196,1.1708964315345707,24.330224452347313,-0.42934186947230496,0.6720325485641178,-6.72309473400957,0.20447607457735634
100.62,70.97749586665692,169.6316709035253,1.184337082505853,24.326629918085686,-0.4290732468043738,0.6716934652182248,-6.727231406310485,0.20384677700997164
100.64,71.33173587930801,169.9651797899416,1.1977709518102175,24.323013826876565,-0.428801803329562,0.6713499234718582,-6.7313375609038015,0.20321684087515277
100.66,71.68131995004707,170.30346188039073,1.2111979502796544,24.31937605548582,-0.42852749270657053,0.6710019436748325,-6.735413179162179,0.20258626814622904
100.68,72.0261848598507,170.64645052339867,1.2246179891531508,24.31571648007911,-0.42825026979471487,0.6706495638913907,-6.739458242596808,0.20195506079852155
100.7,72.36626837752851,170.99407823044385,1.2380309804309784,24.31203497622039,-0.4279700909992759,0.6702928385977558,-6.7434727328574775,0.20132322080934303
100.72,72.701509271245,171.34627669090395,1.2514368372029336,24.30833141887036,-0.4276869145864281,0.6699318371437049,-6.747456631732686,0.20069075015798496
100.74000000000001,73.03184731981118,171.70297678718097,1.2648354739458076,24.30460568238501,-0.427400700963365,0.6695666420049604,-6.751409921149696,0.20005765082571694
100.76,73.35722332374087,172.0641086100021,1.2782268067859066,24.300857640514117,-0.4271114129198364,0.6691973468559304,-6.755332583174628,0.19942392479577603
100.78,73.6775791160672,172.4296014738937,1.2916107537230257,24.297087166399795,-0.42681901582795345,0.668824054494601,-6.7592246000125495,0.19878957405336317
100.8,73.99285757291443,172.79938393282518,1.3049872348129181,24.29329413257503,-0.4265234777977998,0.668446874653113,-6.763085954007546,0.19815460058563616
100.82000000000001,74.30300262382099,173.17338379601938,1.3183561723059807,24.28947841096226,-0.42622476978709317,0.6680659217287398,-6.766916627642804,0.19751900638170364
100.84,74.60795926180919,173.55152814392562,1.3317174907405551,24.285639872871936,-0.42592286566386545,0.6676813124706348,-6.7707166035406825,0.19688279343261805
100.86,74.90767355319804,173.9337433443512,1.3450711169899678,24.28177838900113,-0.42561774222185617,0.6672931636578067,-6.774485864462806,0.19624596373137215
100.88,75.20209264715518,174.31995506874696,1.358416980263124,24.277893829432145,-0.4253093791490341,0.6669015898033255,-6.778224393310132,0.19560851927288858
100.9,75.49116478498473,174.71008830864216,1.3717550120591904,24.273986063631135,-0.42499775895036396,0.6665067009188027,-6.781932173123039,0.19497046205401664
100.92,75.77483930914799,175.10406739222353,1.3850851460775662,24.27005496044675,-0.4246828668266093,0.6661086003717047,-6.785609187081387,0.194331794073525
100.94,76.05306667201431,175.5018160010535,1.3984073180850007,24.266100388108796,-0.4243646905115984,0.6657073828661234,-6.789255418504611,0.19369251733209567
100.96000000000001,76.3257984443398,175.9032571869218,1.411721465742323,24.26212221422691,-0.42404322007096873,0.665303132575254,-6.79287085085179,0.1930526338323169
100.98,76.59298732347199,176.3083133888251,1.4250275283938283,24.25812030578925,-0.42371844766593836,0.6648959214510695,-6.796455467721714,0.1924121455786798
101.0,76.85458714127886,176.71690645006876,1.4383254468228497,24.254094529161215,-0.4233903672861252,0.6644858077335911,-6.800009252852969,0.1917710545775678
101.02,77.11055287180098,177.12895763548494,1.4516151629775216,24.250044750084157,-0.42305897445583596,0.6640728346787604,-6.80353219012401,0.19112936283725318
101.04,77.36084063862596,177.54438764876105,1.464896619671097,24.245970833674146,-0.42272426591857637,0.6636570295203245,-6.807024263553232,0.19048707236788953
101.06,77.60540772198479,177.96311664987286,1.4781697602615038,24.241872644420717,-0.42238623930478636,0.6632384026773495,-6.810485457299034,0.1898441851815078
101.08,77.84421256556976,178.38506427261615,1.4914345283150503,24.23775004618566,-0.42204489278797563,0.6628169472151024,-6.813915755659913,0.18920070329200636
101.10000000000001,78.07721478307417,178.810149642231,1.5046908672593524,24.233602902201824,-0.421700224734526,0.6623926385630959,-6.817315143074509,0.18855662871514658
101.12,78.30437516445424,179.23829139311354,1.5179387200306138,24.229431075071933,-0.4213522333524381,0.6619654344901743,-6.8206836041216885,0.18791196346854833
101.14,78.52565568191382,179.66940768660868,1.5311780287204169,24.225234426767432,-0.42100091634423,0.6615352753326539,-6.82402112352062,0.18726670957167987
101.16,78.74101949561276,180.1034162288791,1.54440873422707,24.22101281862734,-0.4206462705690485,0.6611020844678214,-6.827327686130834,0.18662086904585481
101.18,78.95043095909996,180.54023428884494,1.5576307759164267,24.216766111357135,-0.42028829171883514,0.6606657690215426,-6.830603276952298,0.1859744439142218
101.2,79.15385562447219,180.97977871618903,1.5708440912968573,24.212494165027657,-0.4199269740130968,0.6602262207954276,-6.833847881125475,0.185327436201764
101.22,79.3512602472599,181.42196595942275,1.5840486157127653,24.20819683907402,-0.419562309916482,0.6597833173959708,-6.837061483931398,0.18467984793528902
101.24000000000001,79.54261279104144,181.8667120840081,1.597244282060685,24.203873992294564,-0.41919428988295077,0.6593369235453711,-6.840244070791744,0.1840316811434217
101.26,79.7278824317866,182.31393279053134,1.6104310205315926,24.19952548284982,-0.41882290212986845,0.6588868925513823,-6.8433956272688805,0.1833829378565999
101.28,79.90703956193111,182.7635434329239,1.6236087583826198,24.195151168261482,-0.41844813244485246,0.658433067911572,-6.846516139065952,0.18273362010706737
101.3,80.08005579418305,183.21545903672688,1.6367774197408513,24.190750905411438,-0.41806996402766455,0.6579752850257992,-6.84960559202693,0.18208372992886732
101.32000000000001,80.2469039650621,183.6695943173949,1.6499369254413674,24.18632455054077,-0.41768837736888276,0.6575133729895735,-6.852663972136689,0.18143326935783632
101.34,80.40755813817286,184.12586369863627,1.663087192901159,24.18187195924884,-0.41730335016651016,0.6570471564402496,-6.855691265521055,0.18078224043159694
101.36,80.56199360721273,184.58418133078547,1.6762281360299642,24.177392986492336,-0.4169148572810947,0.6565764574277256,-6.858687458446881,0.18013064518955418
101.38,80.71018689871504,185.04446110920532,1.689359665178519,24.172887486584393,-0.4165228707293527,0.6561010972814604,-6.861652537322109,0.17947848567288519
101.4,80.85211577452772,185.50661669271514,1.7024816871241484,24.168355313193707,-0.4161273597157181,0.6556208984461959,-6.864586488695824,0.17882576392453522
101.42,80.98775923402765,185.9705615220426,1.7155941050930723,24.163796319343678,-0.4157282907006872,0.6551356862597411,-6.8674892992583185,0.17817248198921098
101.44,81.11709751607066,186.43620883829564,1.7286968188182676,24.159210357411595,-0.4153256275043025,0.6546452906475098,-6.870360955841159,0.17751864191337322
101.46000000000001,81.2401121006767,186.90347170145233,1.741789724631218,24.154597279127824,-0.4149193314426313,0.6541495477102175,-6.8732014454172345,0.17686424574523243
101.48,81.35678571044971,187.37226300886545,1.7548727155854227,24.149956935575023,-0.4145093614946391,0.6536483011831508,-6.876010755100822,0.17620929553474185
101.5,81.46710231173142,187.84249551377914,1.7679456816090857,24.145289177187404,-0.41409567449646023,0.6531414037477226,-6.878788872147647,0.17555379333358695
101.52,81.57104711548789,188.31408184385498,1.7810085096840407,24.140593853749994,-0.4136782253597128,0.6526287181785733,-6.881535783954938,0.174897741195185
101.54,81.66860657792773,188.78693451970437,1.7940610840476126,24.135870814397943,-0.4132569673102107,0.6521101183122093,-6.8842514780614845,0.17424114117467468
101.56,81.75976840085056,189.26096597342462,1.8071032864138568,24.131119907615844,-0.41283185214319085,0.6515854898260706,-6.886935942147691,0.1735839953289129
101.58,81.844521531724,189.73608856713537,1.8201349962103777,24.12634098123709,-0.4124028304909985,0.6510547308199065,-6.88958916403564,0.1729263057164645
101.60000000000001,81.92285616348765,190.21221461151268,1.833156090826776,24.12153388244324,-0.4119698520990638,0.650517752194418,-6.892211131689137,0.17226807439759773
101.62,81.99476373408224,190.68925638431693,1.8461664458706641,24.11669845776346,-0.41153286610595485,0.6499744778251753,-6.89480183321377,0.17160930343427963
101.64,82.06023692570196,191.16712614891168,1.8591659354271677,24.111834553073912,-0.41109182132331035,0.6494248445328756,-6.89736125685697,0.1709499948901659
101.66,82.11926966376814,191.64573617276935,1.8721544323178252,24.106942013597262,-0.41064666651153003,0.6488688018539608,-6.899889391008056,0.17029015083059748
101.68,82.1718571156224,192.1249987459605,1.8851318083549042,24.102020683902147,-0.4101973506472407,0.6483063116184508,-6.902386224198291,0.16962977332259024
101.7,82.21799568893736,192.6048261996223,1.8980979345872733,24.097070407902702,-0.4097438231787464,0.647737347344549,-6.904851745100929,0.16896886443483447
101.72,82.25768302984312,193.0851309244021,1.911052681534164,24.092091028858118,-0.4092860342659175,0.6471618934620401,-6.907285942531271,0.1683074262376843
101.74000000000001,82.29091802076778,193.56582538887213,1.9239959194034046,24.087082389372217,-0.4088239350012652,0.6465799443787696,-6.90968880544672,0.16764546080315076
101.76,82.31770077799058,194.04682215791036,1.9369275182909798,24.082044331393067,-0.40835747760928204,0.6459915034064969,-6.912060322946821,0.16698297020489702
101.78,82.3380326489062,194.52803391104314,1.9498473483591097,24.076976696212625,-0.4078866156214997,0.6453965815641289,-6.914400484273319,0.1663199565182315
101.8,82.35191620899911,195.0093734607448,1.9627552799903922,24.07187932446641,-0.40741130402511605,0.6447951962777597,-6.916709278810205,0.1656564218201005
101.82000000000001,82.35935525852697,195.49075377068888,1.9756511839159474,24.0667520561332,-0.4069314993834675,0.644187369998049,-6.918986696083762,0.16499236818908447
101.84,82.36035481891265,195.97208797394651,1.9885349313159084,24.06159473053479,-0.40644715992706343,0.6435731287562506,-6.921232725762612,0.1643277977053874
101.86,82.3549211288442,196.4532893911261,2.001406393891033,24.056407186335736,-0.40595824561435034,0.6429525006806561,-6.923447357657767,0.1636627124508331
101.88,82.34306164008285,196.93427154844957,2.0142654439046463,24.051189261543175,-0.4054647181618278,0.6423255144953407,-6.925630581722677,0.16299711450885793
101.9,82.32478501297945,197.41494819575948,2.0271119541945533,24.045940793506652,-0.40496654104358787,0.6416921980229034,-6.927782388053268,0.1623310059645042
101.92,82.30010111169942,197.8952333244519,2.0399457981550118,24.04066161891799,-0.4044636794607913,0.641052576712379,-6.929902766887988,0.16166438890441392
101.94,82.2690209991577,198.37504118532942,2.0527668496892595,24.035351573811194,-0.40395610028201623,0.6404066722126924,-6.931991708607864,0.1609972654168212
101.96000000000001,82.23155693166437,198.85428630636915,2.065574983133514,24.030010493562386,-0.4034437719558175,0.6397545010109411,-6.934049203736525,0.160329637591548
101.98,82.18772235328282,199.3328835104004,2.0783700731537333,24.024638212889776,-0.4029266643972095,0.6390960731534395,-6.936075242940257,0.15966150751999686
102.0,82.13753188990215,199.81074793268655,2.0911519946168022,24.01923456585367,-0.4024047488501252,0.6384313910658846,-6.938069817028049,0.15899287729514022
102.02,82.08100134302589,200.2877950384063,2.1039206224381193,24.013799385856505,-0.4018779977282106,0.6377604484872235,-6.94003291695163,0.15832374901152008
102.04,82.01814768327962,200.76394064002895,2.116675831407864,24.00833250564294,-0.4013463844365754,0.6370832295298474,-6.941964533805507,0.1576541247652372
102.06,81.94898904363998,201.239100914579,2.129417495998461,24.002833757299957,-0.40080988317734517,0.6363997078766381,-6.9438646588270085,0.15698400665394807
102.08,81.87354471238811,201.71319242078525,2.1421454901559933,23.99730297225702,-0.4002684687420306,0.6357098461231967,-6.94573328339632,0.1563133967768542
102.10000000000001,81.79183512579053,202.18613211610955,2.1548596870784573,23.991739981286266,-0.39972211629386023,0.6350135952713052,-6.947570399036537,0.15564229723469766
102.12,81.70388186051089,202.65783737365123,2.167559958983883,23.986144614502713,-0.3991708011433008,0.6343108943773695,-6.949375997413682,0.15497071012975638
102.14,81.60970762575599,203.12822599892257,2.1802461768714307,23.980516701364543,-0.3986144985200202,0.6336016703572613,-6.951150070336763,0.15429863756583362
102.16,81.50933625515961,203.59721624649126,2.1929182102785756,23.9748560706734,-0.39805318334453194,0.63288583794671,-6.9528926097577965,0.15362608164825475
102.18,81.40279269840796,204.0647268364862,2.2055759270375095,23.969162550574726,-0.39748683000269613,0.6321632998141645,-6.954603607771852,0.15295304448385663
102.2,81.2901030126104,204.53067697096253,2.218219193033793,23.96343596855814,-0.39691541212614395,0.6314339468209259,-6.956283056617082,0.15227952818098697
102.22,81.17129435341921,204.994986350123,2.2308478719702114,23.957676151457868,-0.39633890238154423,0.6306976584213454,-6.9579309486747585,0.15160553484949374
102.24000000000001,81.04639496590235,205.45757518839153,2.2434618251386382,23.95188292545319,-0.3957572722714404,0.6299543031940295,-6.959547276469316,0.15093106660071795
102.26,80.91543417517272,205.91836423033635,2.2560609112025194,23.946056116068956,-0.39517049194916354,0.6292037394933173,-6.961132032668369,0.150256125547489
102.28,80.77844237677786,206.37727476643963,2.2686449859923856,23.940195548176114,-0.3945785300500718,0.6284458162088074,-6.962685210082765,0.1495807138041173
102.3,80.63545102685364,206.8342286487105,2.281213902316562,23.934301045992306,-0.39398135354108477,0.6276803736194339,-6.9642068016666,0.1489048334863872
102.32000000000001,80.48649263204548,207.28914830613883,2.2937675097889514,23.928372433082483,-0.39337892759017695,0.6269072443275452,-6.96569680051726,0.1482284867115528
102.34,80.33160073920054,207.7419567599871,2.3063056546755023,23.92240953235958,-0.3927712154571743,0.6261262542576113,-6.967155199875445,0.14755167559832752
102.36,80.17080992483417,208.1925776389178,2.3188281797606543,23.916412166085227,-0.3921581784068635,0.6253372237036231,-6.968581993125213,0.14687440226687987
102.38,80.00415578437388,208.64093519395396,2.331334924234726,23.910380155870495,-0.39153977564508413,0.6245399684088971,-6.9699771737939935,0.14619666883882645
102.4,79.83167492118359,209.08695431327007,2.3438257236029045,23.904313322676703,-0.3909159642781308,0.62373430066192,-6.97134073555263,0.1455184774372251
102.42,79.65340493537134,209.53056053681132,2.356300409616143,23.89821148681626,-0.39028669929545406,0.6229200303920048,-6.972672672215402,0.14483983018656754
102.44,79.46938441238291,209.9716800707386,2.3687588102239836,23.892074467953538,-0.3896519335753164,0.6220969662489096,-6.973972977740049,0.14416072921277567
102.46000000000001,79.27965291138396,210.41023980169692,2.3812007495489613,23.88590208510583,-0.3890116179127414,0.6212649166511548,-6.975241646227811,0.14348117664318988
102.48,79.08425095343308,210.8461673109045,2.393626047881984,23.879694156644305,-0.3883657010687923,0.620423690788588,-6.976478671923443,0.14280117460656863
102.5,78.88322000944802,211.2793908880607,2.4060345216977552,23.873450500295036,-0.38771412983993386,0.6195730995657118,-6.9776840492152505,0.14212072523307437
102.52,78.67660248796714,211.7098395450696,2.418425983689069,23.867170933140077,-0.3870568491459752,0.6187129564734606,-6.978857772635105,0.1414398306542735
102.54,78.46444172270814,212.13744302957693,2.4308002428185382,23.86085527161858,-0.3863938021348617,0.6178430783784005,-6.979999836858476,0.14075849300312576
102.56,78.24678195992587,212.56213183831775,2.4431571043861062,23.854503331527948,-0.38572493030238336,0.6169632862197658,-6.9811102367044535,0.14007671441398092
102.58,78.02366834557112,212.9838372302719,2.4554963701105015,23.848114928025062,-0.3850501736247022,0.6160734056062614,-6.982188967135771,0.13939449702256787
102.60000000000001,77.7951469122521,213.40249123962434,2.4678178382226266,23.841689875627534,-0.3843694707014642,0.6151732673061759,-6.983236023258829,0.13871184296599018
102.62,77.56126456600013,213.8180266885279,2.48012130356875,23.835227988215017,-0.3836827589071669,0.6142627076260058,-6.984251400323715,0.13802875438272139
102.64,77.32206907284164,214.2303771996645,2.492406557721271,23.82872907903057,-0.38298997454838707,0.613341568674461,-6.985235093724229,0.13734523341259405
102.66,77.07760904517751,214.6394772086025,2.5046733890947603,23.82219296068206,-0.38229105302444805,0.6124096985104288,-6.986187098997901,0.13666128219679602
102.68,76.82793392797214,215.04526197594654,2.5169215830649687,23.81561944514362,-0.38158592898911253,0.6114669511751146,-6.987107411826012,0.13597690287786215
102.7,76.57309398475343,215.4476675992766,2.529150922088471,23.809008343757174,-0.3808745365109284,0.6105131866102081,-6.987996028033614,0.13529209759967048
102.72,76.31314028342581,215.84663102487275,2.5413611858206746,23.80235946723398,-0.3801568092299299,0.6095482704654583,-6.988852943589551,0.13460686850743137
102.74000000000001,76.04812468189813,216.24209005922245,2.553552151229984,23.79567262565625,-0.37943268050850104,0.6085720738005106,-6.989678154606473,0.1339212177476834
102.76,75.77809981352831,216.63398338030643,2.5657235927059947,23.788947628478812,-0.37870208357434104,0.607584472687206,-6.990471657340857,0.13323514746828613
102.78,75.5031190723871,217.02225054865994,2.577875282159739,23.782184284530846,-0.3779649516536321,0.6065853477197697,-6.99123344819302,0.13254865981841332
102.8,75.22323659834296,217.40683201820548,2.5900069891141344,23.775382402017627,-0.3772212180926905,0.6055745834414116,-6.9919635237071445,0.13186175694854543
102.82000000000001,74.9385072619709,217.78766914685377,2.6021184807829627,23.76854178852237,-0.37647081646658476,0.6045520676967956,-6.992661880571282,0.13117444101046574
102.84,74.64898664928728,218.16470420686912,2.614209522136899,23.761662251008104,-0.37571368067342226,0.60351769092062,-6.993328515617373,0.1304867141572494
102.86,74.35473104631403,218.53788039499557,2.626279875955311,23.7547435958196,-0.3749497450132369,0.6024713453731704,-6.99396342582127,0.12979857854325957
102.88,74.05579742347473,218.90714184234068,2.6383293028627746,23.74778562868537,-0.37417894425065024,0.6014129243341443,-6.994566608302734,0.12911003632413973
102.9,73.752243419826,219.2724336240133,2.650357561349457,23.7407881547197,-0.37340121366072404,0.6003423212663266,-6.995138060325466,0.1284210896568072
102.92,73.44412732712745,219.63370176851186,2.662364407774784,23.733750978424755,-0.37261648905767053,0.5992594289607976,-6.995677779297103,0.1277317406994456
102.94,73.13150807375368,219.99089326686033,2.6743495963540003,23.72667390369275,-0.37182470680633106,0.5981641386752867,-6.99618576276924,0.12704199161150068
102.96000000000001,72.81444520845218,220.34395608148841,2.686312879127506,23.719556733808137,-0.37102580381657574,0.5970563392770619,-6.996662008437441,0.12635184455366907
102.98,72.49299888395097,220.69283915485326,2.6982540059130473,23.7123992714499,-0.3702197175210086,0.5959359164013625,-6.997106514141242,0.12566130168789735
103.0,72.16722984041994,221.0374924177996,2.7101727242410742,23.705201318693877,-0.36940638583658286,0.5948027516358554,-6.997519277864168,0.124970365177368
103.02,71.83719938879031,221.3778667976561,2.7220687792737914,23.697962677015145,-0.3685857471109392,0.5936567217409424,-6.99790029773374,0.12427903718649858
103.04,71.50296939393655,221.71391422606507,2.7339419137086107,23.690683147290475,-0.36775774005446743,0.5924976979149585,-6.998249572021483,0.12358731988093376
103.06,71.16460225772519,222.04558764654334,2.7457918676669095,23.68336252980083,-0.36692230365926415,0.5913255451124269,-6.998567099142934,0.12289521542753848
103.08,70.82216090193516,222.37284102177242,2.757618378569158,23.676000624233946,-0.3660793771063085,0.5901401214225479,-6.998852877657648,0.1222027259943869
103.10000000000001,70.47570875105457,222.69562934061582,2.7694211809976093,23.668597229686945,-0.36522889966230454,0.5889412775140752,-6.999106906269208,0.12150985375076134
103.12,70.12530971495853,223.01390862486198,2.7812000065478912,23.661152144669035,-0.3643708105677428,0.5877288561516059,-6.999329183825227,0.12081660086714463
103.14,69.77102817147312,223.32763593569118,2.792954583670923,23.65366516710426,-0.363505048917813,0.5865026917871777,-6.9995197093173545,0.12012296951520994
103.16,69.41292894883023,223.63676937986523,2.804684637506666,23.646136094334306,-0.362631553537853,0.5852626102299067,-6.9996784818812845,0.11942896186781667
103.18,69.0510773080185,223.9412681156388,2.816389889711264,23.638564723121384,-0.36175026285504897,0.5840084283952183,-6.999805500796751,0.1187345800990024
103.2,68.68553892503513,224.24109235839134,2.8280700582791685,23.63095084965116,-0.3608611147681063,0.5827399541340823,-6.999900765487542,0.11803982638397861
103.22,68.31637987304372,224.5362033859791,2.8397248573618503,23.623294269535773,-0.35996404651659,0.5814569861415146,-6.999964275521494,0.11734470289912005
103.24000000000001,67.94366660444295,224.82656354380617,2.851353997084681,23.615594777816884,-0.359058994551592,0.5801593139425393,-6.9999960306104985,0.1166492118219603
103.26,67.56746593285136,225.1121362496148,2.862957183363532,23.607852168968822,-0.35814589440931754,0.5788467179527693,-6.9999960306104985,0.11595335533118456
103.28,67.18784501501263,225.39288599799383,2.874534117722588,23.600066236901768,-0.3572246805890972,0.5775189696098035,-6.999964275521494,0.11525713560662203
103.3,66.80487133262672,225.66877836460588,2.8860844971147834,23.59223677496502,-0.3562952864372294,0.5761758315707703,-6.999900765487542,0.11456055482924184
103.32000000000001,66.4186126741113,225.93978001013264,2.897608013746199,23.584363575950327,-0.35535764403793685,0.5748170579705518,-6.999805500796751,0.113863615181142
103.34,66.02913711629834,226.2058586839385,2.90910435490561,23.576446432095285,-0.35441168411258633,0.5734423947345479,-6.999678481881284,0.11316631884554554
103.36,65.63651300607032,226.4669832274526,2.920573202800301,23.56848513508679,-0.3534573359281759,0.5720515799392583,-6.9995197093173545,0.11246866800679271
103.38,65.24080894194078,226.72312357726966,2.9320142343990856,23.560479476064568,-0.3524945272159362,0.570644344213497,-6.999329183825227,0.11177066485033436
103.4,64.84209375558349,226.97425076796947,2.9434271212833556,23.55242924562479,-0.35152318410073063,0.5692204111726948,-6.999106906269208,0.11107231156272429
103.42,64.44043649331459,227.22033693465542,2.9548115295068094,23.544334233823715,-0.35054323104177104,0.5677794978785269,-6.998852877657648,0.11037361033161515
103.44,64.035906397532,227.4613553152127,2.96616711946438,23.536194230181444,-0.34955459078499596,0.5663213153159588,-6.998567099142934,0.10967456334574754
103.46000000000001,63.628572888116224,227.69728025228582,2.977493545770699,23.528009023685716,-0.34855718432728844,0.56484556887983,-6.998249572021483,0.10897517279494516
103.48,63.21850554379654,227.9280871949764,2.988790457148296,23.51977840279579,-0.34755093089254446,0.5633519588631759,-6.99790029773374,0.10827544087011066
103.5,62.80577408348667,228.1537527002611,3.0000574963255593,23.511502155446387,-0.3465357479194412,0.5618401809397093,-6.997519277864169,0.10757536976321198
103.52,62.3904483475937,228.3742544341301,3.0112942999443533,23.50318006905171,-0.3455115510605987,0.560309926633198,-6.997106514141242,0.10687496166728161
103.54,61.97259827930416,228.5895711724465,3.022500498477017,23.494811930509535,-0.3444782541926849,0.5587608837668723,-6.996662008437441,0.10617421877640845
103.56,61.55229390585098,228.79968280152656,3.033675716152354,23.486397526205373,-0.34343576943687687,0.557192736886484,-6.99618576276924,0.10547314328573083
103.58,61.12960531976505,229.00457031844127,3.044819570890084,23.477936642016704,-0.34238400718897133,0.5556051676511918,-6.995677779297103,0.10477173739142547
103.60000000000001,60.704602660115,229.2042158310393,3.0559316742431077,23.469429063317286,-0.34132287615832685,0.5539978551870884,-6.995138060325466,0.10407000329070623
103.62,60.27735609373891,229.39860255769148,3.0670116313468494,23.46087457498153,-0.3402522834147276,0.552370476398842,-6.994566608302735,0.1033679431818165
103.64,59.84793579647146,229.58771482675664,3.0780590408748267,23.452272961388974,-0.33917213444218064,0.5507227062356458,-6.99396342582127,0.10266555926401881
103.66,59.41641193437019,229.77153807576946,3.089073494999539,23.443624006428795,-0.33808233319859643,0.5490542179084298,-6.993328515617374,0.10196285373759074
103.68,58.9828546449444,229.95005885034968,3.1000545793577077,23.434927493504425,-0.33698278218025735,0.5473646830560323,-6.992661880571281,0.10125982880381668
103.7,58.547334018390345,230.12326480283326,3.1110018730188287,23.426183205538234,-0.33587338248995113,0.545653771858824,-6.9919635237071445,0.10055648666498365
103.72,58.109920078836225,230.29114469062517,3.1219149484560056,23.417390924976285,-0.33475403390763475,0.5439211530990266,-6.991233448193021,0.09985282952437025
103.74000000000001,57.670682765600766,230.453688374274,3.1327933715179856,23.408550433793174,-0.33362463496249767,0.5421664941677352,-6.990471657340857,0.09914885958624255
103.76,57.22969191446891,230.61088681526826,-3.139548605778246,23.39966151349694,-0.3324850830053153,0.5403894610193816,-6.989678154606473,0.09844457905584651
103.78,56.78701723898841,230.76273207355464,-3.1287408165578583,23.390723945134056,-0.3313352742800179,0.538589718075061,-6.988852943589552,0.0977399901394003
103.8,56.34272831179104,230.90921730477825,-3.117969022196357,23.381737509294492,-0.3301751039934492,0.5367669280768175,-6.987996028033615,0.09703509504409027
103.82000000000001,55.89689454594225,231.05033675724474,-3.1072336836348207,23.37270198611688,-0.3290044663823517,0.5349207518955624,-6.9871074118260115,0.09632989597805981
103.84,55.449585176323076,231.18608576860498,-3.0965352685969094,23.363617155293724,-0.3278232547766887,0.53305084829587,-6.986187098997901,0.09562439515040519
103.86,55.000869241048264,231.31646076226207,-3.085874251630992,23.354482796076717,-0.3266313616584962,0.5311568736613611,-6.98523509372423,0.09491859477116799
103.88,54.55081556292457,231.44145924350138,-3.0752511141577648,23.34529868728212,-0.3254286787155511,0.5292384816848151,-6.984251400323716,0.09421249705132745
103.9,54.099492730953195,231.561079795344,-3.0646663445240683,23.336064607296244,-0.3242150968892407,0.5272953230274935,-6.983236023258828,0.0935061042027964
103.92,53.64696908188053,231.67532207412413,-3.0541204380635185,23.326780334080986,-0.3229905064161239,0.525327044952425,-6.982188967135771,0.09279941843841003
103.94,53.19331268180124,231.784186804791,-3.04361389716447,23.317445645179465,-0.32175479686278197,0.5233332909366224,-6.981110236704454,0.09209244197192183
103.96000000000001,52.73859130781799,231.8876757759365,-3.0331472313457377,23.30806031772174,-0.3205078571536686,0.5213137002673118,-6.979999836858476,0.09138517701799527
103.98,52.282872429761916,231.98579183454902,-3.0227209573403915,23.298624128430603,-0.31924957559178035,0.5192679076273219,-6.978857772635106,0.09067762579220029
104.0,51.82622319197818,232.07853888049507,-3.012335599187845,23.28913685362746,-0.3179798398720785,0.5171955426747494,-6.9776840492152505,0.08996979051099872
104.02,51.36871039518091,232.1659218607296,-3.00199168833435,23.279598269238292,-0.31669853708770096,0.5150962296219656,-6.976478671923444,0.08926167339174712
104.04,50.91040047838184,232.2479467632367,-2.9916897637419106,23.270008150799704,-0.31540555372910867,0.5129695868188399,-6.97524164622781,0.08855327665268141
104.06,50.45135950089698,232.3246206107022,-2.981430372005534,23.26036627346506,-0.3141007756764083,0.5108152263448931,-6.973972977740049,0.087844602512917
104.08,49.991653124435736,232.3959514539199,-2.9712140674786363,23.2506724120107,-0.3127840881851871,0.5086327536147934,-6.972672672215402,0.087135653192434
104.10000000000001,49.53134659527683,232.46194836493365,-2.9610414124063404,23.240926340842247,-0.31145537586627947,0.506421767001341,-6.971340735552631,0.0864264309120767
104.12,49.07050472653534,232.52262142991708,-2.950912977066314,23.231127834000983,-0.31011452265996475,0.5041818574797046,-6.969977173793996,0.08571693789354587
104.14,48.60919188052531,232.5779817417936,-2.9408293399167196,23.22127666517034,-0.30876141180516115,0.5019126082963015,-6.9685819931252135,0.08500717635938826
104.16,48.147471951222215,232.62804139259893,-2.9307910877507934,23.211372607682463,-0.30739592580424135,0.49961359466530875,-6.967155199875446,0.08429714853299247
104.18,47.685408346829654,232.67281346558914,-2.9207988158574874,23.20141543452485,-0.30601794638414304,0.49728438349534215,-6.965696800517259,0.08358685663858059
104.2,47.22306397245449,232.7123120270967,-2.9108531281875805,23.1914049183471,-0.3046273544544862,0.49492453314841117,-6.9642068016666006,0.08287630290120404
104.22,46.7605012128948,232.7465521181377,-2.9009546375246122,23.18134083146774,-0.30322403006343757,0.4925335932327837,-6.962685210082767,0.08216548954673235
104.24000000000001,46.29778191554476,232.77554974577373,-2.8911039656599566,23.171222945881134,-0.3018078523520793,0.490111104430958,-6.96113203266837,0.08145441880184907
104.26,45.834967373420675,232.79932187423103,-2.8813017435713375,23.161051033264503,-0.30037869950804696,0.4876565983634818,-6.959547276469315,0.0807430928940433
104.28,45.372118308312324,232.81788641578123,-2.871548611604068,23.150824864985005,-0.2989364487191999,0.4851695974889311,-6.957930948674759,0.08003151405160559
104.3,44.90929485406359,232.8312622213866,-2.8618452196542896,23.14054421210693,-0.2974809761280741,0.4826496150399317,-6.956283056617083,0.07931968450361673
104.32000000000001,44.44655653998647,232.83946907111408,-2.852192227353491,23.130208845398982,-0.2960121567878484,0.48009615499473307,-6.954603607771853,0.07860760647994357
104.34,43.9839622744124,232.84252766432166,-2.8425903042535965,23.11981853534163,-0.2945298646205247,0.47750871208347123,-6.952892609757799,0.07789528221123128
104.36,43.5215703283848,232.8404596096212,-2.833040130011927,23.109373052134586,-0.2930339723779874,0.47488677182792705,-6.951150070336766,0.07718271392889647
104.38,43.059438319496635,232.83328741462194,-2.8235423945753686,23.098872165704346,-0.2915243516065643,0.47222981061329916,-6.949375997413683,0.07646990386511944
104.4,42.59762319587691,232.8210344754587,-2.8140977983631026,23.08831564571184,-0.2900008726156624,0.46953729579025716,-6.947570399036536,0.07575685425283996
104.42,42.13618122032966,232.80372506610934,-2.8047070524472972,23.077703261560163,-0.2884634044509987,0.46680868580532214,-6.945733283396321,0.07504356732574613
104.44,41.67516795462925,232.7813843275056,-2.7953708787311906,23.067034782402416,-0.28691181487288975,0.4640434303574686,-6.943864658827009,0.07433004531827016
104.46000000000001,41.2146382439756,232.75403825644216,-2.7860900101240413,23.056309977149617,-0.2853459703400025,0.46124097057870406,-6.941964533805508,0.07361629046557992
104.48,40.75464620161287,232.7217136942881,-2.776865190712467,23.045528614478734,-0.2837657359989088,0.4584007392363221,-6.940032916951632,0.07290230500357563
104.5,40.295245193615266,232.68443831550587,-2.7676971759277404,23.03469046284079,-0.2821709756797233,0.4555221609544611,-6.938069817028049,0.07218809116887477
104.52,39.83648782384337,232.6422406159822,-2.7585867327086513,23.023795290469067,-0.2805615518980401,0.4526046524526574,-6.936075242940256,0.07147365119881538
104.54,39.378425919074616,232.59514990117563,-2.7495346396595983,23.012842865387427,-0.27893732586332604,0.44964762279907405,-6.934049203736522,0.07075898733144019
104.56,38.921110514311316,232.543196274086,-2.740541687203617,23.001832955418692,-0.2772981574938659,0.4466504736762339,-6.931991708607864,0.07004410180549696
104.58,38.46459183826974,232.48641062305032,-2.7316086777300925,22.990765328193156,-0.27564390543829975,0.4436125996571636,-6.929902766887991,0.06932899686042349
104.60000000000001,38.00891929905371,232.42482460937026,-2.722736425736949,22.979639751157166,-0.27397442710373926,0.44053338849005735,-6.927782388053267,0.06861367473634705
104.62,37.554141470016155,232.3584706547765,-2.713925757967148,22.968455991581823,-0.27228957869040055,0.4374122213897327,-6.925630581722676,0.06789813767407601
104.64,37.100306075812135,232.2873819287346,-2.705177513539353,22.957213816571763,-0.27058921523264706,0.43424847333438055,-6.923447357657766,0.06718238791509275
104.66,36.64745997864682,232.21159233559797,-2.6964925440726657,22.94591299307404,-0.2688731906462961,0.43104151336634466,-6.92123272576261,0.06646642770154233
104.68,36.195649164721935,232.13113650161333,-2.6878717138053387,22.934553287887116,-0.2671413577820096,0.4277907048959474,-6.91898669608376,0.06575025927623128
104.7,35.74491873088421,232.04604976178337,-2.6793158997074196,22.923134467669943,-0.26539356848456036,0.4244954060076291,-6.916709278810204,0.06503388488261976
104.72,35.29531287147944,231.95636814659292,-2.670825991587267,22.911656298951137,-0.26362967365774503,0.4211549697679607,-6.91440048427332,0.06431730676481101
104.74000000000001,34.846874865415835,231.8621283686035,-2.662402892191908,22.900118548138263,-0.2618495233346964,0.4177687445353946,-6.91206032294682,0.06360052716754716
104.76,34.399647063440234,231.7633678089221,-2.6540475173012004,22.88852098152722,-0.26005296675333994,0.4143360742718969,-6.9096888054467165,0.0628835483362008
104.78,33.95367087563106,231.66012450355012,-2.6457607958157623,22.876863365311706,-0.258239852436734,0.41085629885691194,-6.90728594253127,0.06216637251677075
104.8,33.50898675911174,231.5524371296178,-2.637543669838624,22.86514546559283,-0.256410028278036,0.4073287544043805,-6.9048517451009275,0.0614490019558708
104.82000000000001,33.06563420598853,231.4403449915107,-2.6293970947505363,22.85336704838875,-0.25456334162984334,0.4037527735838341,-6.90238622419829,0.06073143890072548
104.84,32.62365173151666,231.32388800689384,-2.6213220392788594,22.8415278796445,-0.2526996393976706,0.40012768594683973,-6.899889391008058,0.06001368559916233
104.86,32.183076862498915,231.20310669263998,-2.6133194855599227,22.82962772524183,-0.2508187681373429,0.39645281826032636,-6.8973612568569695,0.05929574429960412
104.88,31.743946125920736,231.07804215066815,-2.605390429194716,22.817666351009237,-0.24892057415610613,0.3927274948485702,-6.894801833213768,0.058577617251064716
104.9,31.306295037826086,230.94873605369926,-2.5975358792977445,22.80564352273202,-0.24700490361728103,0.3889510379458086,-6.892211131689134,0.05785930670313771
104.92,30.870158092438412,230.815230630935,-2.5897568585388284,22.79355900616248,-0.2450716026483173,0.385122768061673,-6.889589164035638,0.057140814905992196
104.94,30.435568751531168,230.67756865366718,-2.582054403177595,22.781412567030216,-0.2431205174521364,0.38124200436178896,-6.886935942147694,0.056422144110365106
104.96000000000001,30.0025594340524,230.53579342082446,-2.5744295630903595,22.769203971052523,-0.24115149442168568,0.37730806506603615,-6.884251478061484,0.05570329656755332
104.98,29.571161506008085,230.38994874446328,-2.5668834017890387,22.756932983944882,-0.2391643802576628,0.3733202678670973,-6.8815357839549405,0.05498427452941035
105.0,29.141405270608992,230.2400789352107,-2.559416996431697,22.744599371431576,-0.237159022089407,0.36927793037199363,-6.878788872147645,0.05426508024833119
105.02,28.713319958685968,230.0862287876665,-2.552031437824257,22.732202899256382,-0.23513526759899134,0.36518037056942004,-6.876010755100823,0.05354571597725553
105.04,28.286933719378688,229.92844356577217,-2.544727830412868,22.7197433331934,-0.23309296514858796,0.36102690732568565,-6.873201445417234,0.0528261839696519
105.06,27.86227361110303,229.76676898815475,-2.5375072922663544,22.70722043905795,-0.2310319639112161,0.3568168609121357,-6.87036095584116,0.05210648647951795
105.08,27.43936559280239,229.60125121345362,-2.5303709550481117,22.6946339827176,-0.22895211400501847,0.35254955356687595,-6.867489299258322,0.05138662576136532
105.10000000000001,27.018234515488363,229.4319368256384,-2.5233199639767743,22.681983730103305,-0.22685326663124603,0.34822431009364535,-6.864586488695824,0.05066660407021919
105.12,26.59890411407644,229.25887281932657,-2.5163554777749013,22.66926944722061,-0.22473527421616513,0.34384045850059536,-6.86165253732211,0.049946423661609715
105.14,26.181396999522438,229.08210658510956,-2.5094786686048893,22.656490900161018,-0.22259799055712967,0.33939733068167055,-6.858687458446883,0.04922608679156494
105.16,25.765734651265603,228.9016858948958,-2.502690721991256,22.6436478551134,-0.2204412709730896,0.33489426314319637,-6.855691265521057,0.04850559571659947
105.18,25.351937409984494,228.71765888728027,-2.495992836728392,22.630740078375567,-0.21826497245983054,0.3303305977781828,-6.852663972136691,0.047784952693713106
105.2,24.940024470671904,228.53007405294971,-2.4893862247728284,22.61776733636591,-0.21606895385026095,0.32570568269070765,-6.849605592026934,0.047064159980383095
105.22,24.530013876035277,228.33898022013273,-2.4828721111190144,22.604729395635175,-0.21385307598008052,0.32101887307260013,-6.846516139065954,0.046343219834553424
105.24000000000001,24.121922510229293,228.14442654010472,-2.476451733657562,22.591626022878312,-0.21161720185917612,0.3162695321345068,-6.84339562726888,0.045622134514629945
105.26,23.715766092927453,227.9464624727576,-2.470126343014872,22.57845698494646,-0.2093611968491025,0.3114570320932459,-6.840244070791743,0.04490090627947543
105.28,23.311559173739735,227.74513777224396,-2.463897202373007,22.565222048859027,-0.20708492884700958,0.3065807552171607,-6.8370614839314,0.04417953738839819
105.3,22.909315126983625,227.54050247270644,-2.4577655872686637,22.551920981815876,-0.20478826847637988,0.30164009493102195,-6.833847881125477,0.04345803010114787
105.32000000000001,22.509046146816,227.33260687410223,-2.451732785370043,22.538553551209624,-0.20247108928493743,0.2966344569818054,-6.830603276952299,0.04273638667790765
105.34,22.11076324273365,227.1215015281337,-2.445800096230407,22.52511952463804,-0.20013326795008232,0.2915632606664795,-6.827327686130838,0.042014609379287166
105.36,21.714476235450395,226.90723722429573,-2.4399688310170773,22.51161866991656,-0.19777468449219499,0.28642594012271494,-6.824021123520621,0.04129270046631471
105.38,21.320193753159096,226.6898649760507,-2.434240312214623,22.498050755090908,-0.19539522249613955,0.2812219456832206,-6.820683604121689,0.040570662200433046
105.4,20.927923228187048,226.4694360071422,-2.4286158733009584,22.48441554844981,-0.192994769341278,0.2759507452941609,-6.817315143074508,0.03984849684348796
105.42,20.53767089405354,226.24600173805874,-2.423096858395075,22.470712818537848,-0.19057321644028424,0.27061182599790573,-6.813915755659915,0.03912620665772411
105.44,20.149441782938705,226.0196137726586,-2.417684621875117,22.456942334168385,-0.18813045948702312,0.26520469548010356,-6.810485457299039,0.03840379390577715
105.46000000000001,19.763239723572955,225.7903238849677,-2.412380527965515,22.443103864436633,-0.18566639871373017,0.25972888368083485,-6.807024263553233,0.037681260850666
105.48,19.379067339556745,225.55818400616158,-2.407185950291898,22.429197178732803,-0.1831809391576972,0.2541839444693509,-6.803532190124011,0.03695860975578859
105.5,18.996926048120574,225.32324621174334,-2.4021022714025113,22.415222046755375,-0.18067399093763428,0.24856945738163325,-6.800009252852971,0.03623584288491046
105.52,18.616816059335562,225.0855627089296,-2.3971308822548787,22.401178238524476,-0.17814546953984153,0.24288502941976312,-6.7964554677217155,0.035512962502160544
105.54,18.23873637578516,224.84518582425565,-2.3922731816664835,22.387065524395375,-0.1755952961142854,0.23713029691179893,-6.792870850851791,0.03478997087202263
105.56,17.862684792708958,224.6021679914123,-2.3875305757282477,22.37288367507206,-0.17302339778063203,0.23130492743059053,-6.789255418504616,0.034066870259331916
105.58,17.48865789862983,224.35656173932585,-2.3829044771796357,22.358632461620964,-0.17042970794424708,0.22540862176963603,-6.785609187081392,0.03334366292926063
105.60000000000001,17.11665107647597,224.10841968049337,-2.378396304744243,22.34431165548476,-0.16781416662212523,0.21944111597382948,-6.781932173123041,0.03262035114731748
105.62,16.746658505209794,223.857794499585,-2.3740074824247666,22.329921028496297,-0.16517672077866574,0.21340218342258388,-6.778224393310133,0.03189693717933912
105.64,16.378673161975836,223.60473894232544,-2.369739438756315,22.31546035289262,-0.16251732467116162,0.20729163696250663,-6.7744858644628065,0.031173423291483024
105.66,16.012686824780307,223.34930580466602,-2.3655936060170646,22.300929401329128,-0.15983594020481884,0.2011093310864418,-6.770716603540684,0.030449811750216032
105.68,15.64869007571509,223.09154792225956,-2.361571419395336,22.2863279468938,-0.1571325372970711,0.19485516415536402,-6.7669166276428045,0.029726104822313082
105.7,15.286672304739396,222.83151816024943,-2.3576743161122287,22.27165576312157,-0.15440709425090204,0.1885290806591994,-6.7630859540075505,0.029002304774849386
105.72,14.926621714032544,222.56926940338425,-2.3539037344990446,22.256912624008795,-0.15165959813683302,0.1821310735122577,-6.759224600012551,0.02827841387518965
105.74000000000001,14.568525322931608,222.3048545464701,-2.3502611130287994,22.24209830402783,-0.1488900451831791,0.17566118637857486,-6.755332583174626,0.027554434390983214
105.76,14.21236897346796,222.03832648517078,-2.346747889301228,22.227212578141717,-0.14609844117411952,0.16911951602201492,-6.751409921149694,0.026830368590159064
105.78,13.858137336516975,221.7697381071677,-2.3433654989807877,22.212255221818967,-0.14328480185507192,0.16250621467553267,-6.747456631732687,0.026106218740914438
105.8,13.505813918575381,221.49914228368974,-2.340115374687277,22.197226011048485,-0.14044915334480124,0.15582149242355772,-6.743472732857483,0.025381987111710556
105.82000000000001,13.155381069180942,221.22659186142374,-2.336998944838806,22.18212472235457,-0.13759153255363504,0.1490656195909635,-6.739458242596809,0.024657675971264836
105.84,12.806819988989345,220.95213965481585,-2.334017632446987,22.166951132812045,-0.1347119876070973,0.14223892913160244,-6.7354131791621805,0.02393328758854305
105.86,12.460110738523246,220.67583843877316,-2.331172853864355,22.15170502006148,-0.1318105782742119,0.13534181900888742,-6.731337560903803,0.0232088242327551
105.88,12.115232247608603,220.39774094177534,-2.328466017484177,22.13638616232455,-0.12888737639966596,0.1283747545603623,-6.727231406310486,0.022484288173343588
105.9,11.77216232551339,220.1178998394052,-2.32589852239297,22.120994338419457,-0.12594246633896042,0.12133827083771027,-6.7230947340095675,0.02175968167997958
105.92,11.430877671803884,219.8363677483063,-2.3234717569762156,22.105529327776512,-0.12297594539561292,0.11423297491309502,-6.718927562766835,0.021035007022554786
105.94,11.091353887933606,219.5531972205758,-2.321187097477954,22.089990910453793,-0.11998792425941496,0.1070595481422027,-6.714729911486424,0.020310266471174447
105.96000000000001,10.753565489579938,219.26844073860008,-2.3190459065151097,22.074378867152912,-0.1169785274446813,0.09981874837382122,-6.710501799210739,0.019585462296149492
105.98,10.417485919743285,218.982150710339,-2.3170495315476334,22.05869297923491,-0.11394789372736575,0.09251141209527235,-6.70624324512038,0.01886059676799234
106.0,10.083087562623417,218.694379465066,-2.315199303305728,22.042933028736233,-0.11089617657985332,0.08513845650247388,-6.701954268534038,0.018135672157405427
106.02,9.750341758287355,218.40517924956816,-2.3134965341756786,22.027098798384852,-0.10782354460217466,0.07770088148293762,-6.697634888908415,0.017410690735276988
106.04,9.419218818142815,218.1146022248116,-2.31194251654602,22.011190071616447,-0.10473018194832459,0.07019977149950483,-6.693285125838129,0.016685654772672504
106.06,9.08968804123077,217.82270046307517,-2.3105385211160296,21.995206632590733,-0.10161628874630321,0.06263629736218718,-6.688904999055643,0.01596056654083122
106.08,8.76171773135021,217.52952594555583,-2.309285795168786,21.97914826620788,-0.09848208151043585,0.05501171787502342,-6.6844945284311486,0.015235428311151012
106.10000000000001,8.435275215027549,217.23513056044706,-2.3081855608112853,21.963014758125034,-0.09532779354446495,0.04732738134455022,-6.680053733972503,0.014510242355190764
106.12,8.110326860342477,216.9395661014912,-2.3072390131843945,21.94680589477296,-0.09215367533384859,0.03958472693607921,-6.675582635825124,0.01378501094465813
106.14,7.786838096621255,216.6428842670056,-2.306447318645673,21.930521463372784,-0.08895999492564,0.031785285863738355,-6.671081254271893,0.013059736351402422
106.16,7.464773435007575,216.34513665938118,-2.305811612928398,21.91416125195283,-0.08574703829426672,0.02393068240001236,-6.666549609733076,0.012334420847406775
106.18,7.14409648992016,216.04637478505086,-2.305332999280398,21.89772504936559,-0.08251510969147388,0.01602263469037507,-6.66198772276622,0.011609066704783937
106.2,6.82477000140519,215.74665005492406,-2.3050125465865903,21.88121264530477,-0.07926453197864493,0.008062955358529088,-6.657395614066076,0.01088367619576915
106.22,6.506755858390458,215.44601378528256,-2.3048512874794196,21.86462383032246,-0.0759956469396662,5.355188778167694e-05,-6.65277330446448,0.010158251592709389
106.24000000000001,6.19001512284689,215.14451719913114,-2.3048502164416638,21.847958395846412,-0.07270881557245745,-0.008003573235783035,-6.648120814930284,0.009432795168058438
106.26,5.874508054861659,214.8422114279958,-2.3050102879063794,21.831216134197398,-0.06940441835725207,-0.016106322632476924,-6.643438166569249,0.008707309194371944
106.28,5.560194138625654,214.53914751416016,-2.305332414359029,21.814396838606708,-0.0660828554996774,-0.02425250440436825,-6.638725380623943,0.007981795944295935
106.3,5.24703210933642,214.23537641333004,-2.305817464447116,21.797500303233726,-0.06274454714665666,-0.03243983279020718,-6.633982478473655,0.007256257690563342
106.32000000000001,4.9349799810159976,213.93094899771424,-2.30646626110292,21.780526323183615,-0.05938993357313323,-0.040665929112784896,-6.629209481634289,0.006530696705982513
106.34,4.623995075241277,213.6259160595084,-2.3072795796851757,21.763474694525115,-0.05601947533760277,-0.0489283230308765,-6.624406411758283,0.005805115263436636
106.36,4.31403405078254,213.32032831476718,-2.308258146145793,21.746345214308434,-0.05263365340443241,-0.057224454107171197,-6.619573290634497,0.005079515635872262
106.38,4.005052934143845,213.01423640764867,-2.3094026352279364,21.729137680583246,-0.04923296923094659,-0.06555167370262648,-6.6147101401881105,0.0043539000962914505
106.4,3.6970071509968054,212.70769091501313,-2.310713668701989,21.711851892416792,-0.04581794481726967,-0.07390724720661858,-6.609816982480527,0.0036282709177468354
106.42,3.389851558497076,212.40074235135745,-2.3121918136461215,21.69448764991208,-0.042389122716934666,-0.08228835661107775,-6.60489383970929,0.002902630373333775
106.44,3.0835404784705798,212.0934411740642,-2.313837580778343,21.677044754226188,-0.038947066006297285,-0.09069210343545173,-6.599940734207953,0.0021769807361825045
106.46000000000001,2.778027731454122,211.78583778894378,-2.315651422847052,21.659523007588668,-0.03549235821083426,-0.09911551200786668,-6.594957688446004,0.0014513242794539276
106.48,2.473266671572581,211.4779825560459,-2.3176337330872094,21.641922213320047,-0.032025603186456794,-0.10755553310627967,-6.589944725028756,0.0007256632763281255
106.5,2.169210222232366,211.16992579571593,-2.319784843749335,21.624242175850444,-0.028547424954032393,-0.11600904796165985,-6.584901866697236,1.5063155629512443e-16
106.52,1.865810912608246,210.8617177948699,-2.322105024708568,21.606482700738255,-0.025058467485384112,-0.12447287262341378,-6.579829136328078,-0.0007256632763278242
106.54,1.5630209148980534,210.55340881346083,-2.3245944821610363,21.58864359468897,-0.021559394439123865,-0.13294376268530653,-6.574726556933439,-0.0014513242794543543
106.56,1.2607920823171137,210.24504909110826,-2.3272533574147425,21.570724665574073,-0.01805088884477724,-0.14141841836805766,-6.569594151660893,-0.002176980736182203
106.58,0.9590759878015975,209.93668885386074,-2.3300817257821036,21.552725722450035,-0.014533652733771999,-0.14989348995267626,-6.564431943793299,-0.0029026303733334737
106.60000000000001,0.6578239633873121,209.6283783210614,-2.333079595581157,21.534646575577412,-0.011008406715989046,-0.15836558355629593,-6.559239956748728,-0.003628270917747262
106.62,0.3569871402277915,209.3201677122847,-2.3362469072522827,21.516487036440044,-0.007475889500717757,-0.16683126724004751,-6.554018214080343,-0.004353900096291877
106.64,0.05651648921290636,209.012107254312,-2.3395835325970835,21.49824691776434,-0.003936857361012002,-0.17528707743610952,-6.54876673947628,-0.00507951563587196
106.66,-0.2436371378533942,208.70424718811338,-2.3430892741458056,21.479926033538668,-0.0003920835406129564,-0.18372952567870499,-6.543485556759561,-0.005805115263436335
106.68,-0.5435229665601401,208.39663777580154,-2.34676386465938,21.461524199032823,0.003157642397211887,-0.1921551056214035,-6.538174689887969,-0.006530696705982212
106.7,-0.8431902577276114,208.08932930752437,-2.350606966771808,21.44304123081762,0.006711515279366653,-0.2005603003207065,-6.532834162953957,-0.007256257690563042
106.72,-1.1426882648256294,207.7823721082615,-2.354618172778222,21.424476946784548,0.010268715091404692,-0.20894158976351107,-6.527464000184532,-0.007981795944295633
106.74000000000001,-1.4420661910229706,207.4758165444905,-2.358797004573492,21.405831166165537,0.013828407804804602,-0.2172954586137315,-6.522064225941127,-0.00870730919437237
106.76,-1.741373145921171,207.16971303068837,-2.3631429137457665,21.387103709552814,0.017389746262827424,-0.22561840415105022,-6.5166348647195225,-0.009432795168058864
106.78,-2.0406581020280345,206.86411203563395,-2.3676552818287875,21.368294398918838,0.020951871124487726,-0.23390694437267162,-6.511175941149705,-0.010158251592709088
106.8,-2.33996985102804,206.55906408847727,-2.3723334207162408,21.34940305763635,0.024513911865912497,-0.24215762622681872,-6.505687479995778,-0.01088367619576812
106.82000000000001,-2.6393569599085636,206.2546197845424,-2.377176573240777,21.330429510498494,0.028074987838089933,-0.25036703394483273,-6.500169506155832,-0.011609066704783635
106.84,-2.938867727002371,205.9508297908308,-2.3821839139196737,21.311373583739023,0.03163420937973048,-0.25853179743691423,-6.494622044661849,-0.012334420847406474
106.86,-3.238550138008178,205.64774485119332,-2.387354549868412,21.292235105052626,0.03519067898367231,-0.2666486007149969,-6.489045120679582,-0.01305973635140212
106.88,-3.5384518220522034,205.34541579113952,-2.3926875218827117,21.273013903615297,0.03874349251496779,-0.2747141903048063,-6.483438759508427,-0.013785010944657828
106.9,-3.8386200078545656,205.0438935222544,-2.398181805688808,21.253709810104834,0.04229174047848433,-0.28272538360798144,-6.477802986581326,-0.01451024235519119
106.92,-4.139101480065035,204.7432290461938,-2.4038363133609675,21.234322656721393,0.04583450933354642,-0.2906790771741626,-6.472137827464653,-0.015235428311150712
106.94,-4.439942535833112,204.44347345823107,-2.409649894904451,21.21485227720814,0.04937088285283417,-0.2985722548422963,-6.466443307858075,-0.015960566540830917
106.96000000000001,-4.741188941677575,204.1446779503295,-2.4156213400012967,21.195298506872,0.052899943522443996,-0.3064019957099016,-6.460719453594465,-0.01668565477267293
106.98,-5.042885890720585,203.84689381371587,-2.4217493799154948,21.175661182604458,0.05642077397970506,-0.3141654818889374,-6.4549662906397725,-0.01741069073527669
107.0,-5.345077960351103,203.55017244093335,-2.4280326895532736,21.15594014290248,0.059932458485037886,-0.3218600060069913,-6.449183845092893,-0.018135672157405126
107.02,-5.647809070381787,203.25456532735322,-2.4344698896734136,21.13613522788949,0.06343408442383788,-0.32948297841295227,-6.443372143185567,-0.018860596767992042
107.04,-5.951122441762677,202.96012407212677,-2.4410595492416727,21.11624627933643,0.06692474383407063,-0.33703193404703974,-6.437531211282246,-0.019585462296149915
107.06,-6.255060555913863,202.66690037856148,-2.4478001879226134,21.09627314068292,0.07040353495497875,-0.3445045389360721,-6.4316610758799975,-0.020310266471174145
107.08,-6.559665114737946,202.37494605390722,-2.4546902787013347,21.07621565705848,0.07386956379202529,-0.35189859627620496,-6.4257617636083655,-0.021035007022554484
107.10000000000001,-6.864977001371472,202.08431300854042,-2.4617282506268587,21.05607367530382,0.07732194569293756,-0.35921205206695606,-6.4198333012292395,-0.021759681679980006
107.12,-7.171036241732622,201.795053254537,-2.4689124916681977,21.035847043992245,0.08075980692947168,-0.36644300026226306,-6.413875715636764,-0.022484288173344014
107.14,-7.477881966920328,201.50721890362638,-2.476241351673443,21.01553561345109,0.08418228627929263,-0.3735896874065309,-6.407889033857189,-0.023208824232754798
107.16,-7.785552376517611,201.22086216452172,-2.4837131454215737,20.99513923578327,0.0875885366021624,-0.38065051672607314,-6.40187328304876,-0.023933287588542747
107.18,-8.09408470284938,200.9360353396238,-2.491326155756095,20.97465776488888,0.0909777264044502,-0.38762405164908287,-6.395828490501586,-0.024657675971264538
107.2,-8.403515176242117,200.65279082109797,-2.499078636789077,20.95409105648688,0.09434904138582673,-0.394509018730255,-6.389754683637534,-0.025381987111710982
107.22,-8.713878991329938,200.37118108632603,-2.506968817163682,20.933438968136844,0.09770168596188249,-0.40130430995936545,-6.383651890010095,-0.026106218740914136
107.24000000000001,-9.025210274448328,200.09125869273723,-2.5149949033628696,20.912701359260776,0.1010348847563196,-0.4080089844365195,-6.37752013730424,-0.02683036859015949
107.26,-9.337542052153593,199.81307627202418,-2.5231550830516,20.891878091165026,0.10434788405631017,-0.4146222694003149,-6.3713594533363285,-0.02755443439098364
107.28,-9.65090622090258,199.53668652375237,-2.5314475284396063,20.87096902706223,0.10763995322459234,-0.4211435605989593,-6.365169866053954,-0.028278413875189354
107.3,-9.965333517923721,199.26214220837284,-2.5398703996515857,20.849974032093357,0.11091038606189334,-0.4275724219981701,-6.358951403535826,-0.029002304774849084
107.32000000000001,-10.280853493306717,198.98949613965053,-2.5484218480915493,20.828892973349795,0.11415850211332439,-0.43390858482367045,-6.3527040939916555,-0.02972610482231351
107.34,-10.597494483334547,198.7188011765214,-2.5571000197880225,20.807725719895522,0.11738364791248976,-0.44015194594009105,-6.346427965762017,-0.03044981175021573
107.36,-10.915283585077635,198.45011021439404,-2.5659030587068243,20.786472142789332,0.12058519815719088,-0.44630256557216536,-6.340123047318209,-0.031173423291482722
107.38,-11.23424663226621,198.18347617591212,-2.5748291100182676,20.765132115107114,0.12376255681078852,-0.4523606643781337,-6.33378936726214,-0.03189693717933883
107.4,-11.554408172453092,197.9189520011957,-2.58387632330583,20.743705511964226,0.12691515812351054,-0.45832661988933754,-6.327426954326189,-0.032620351147317185
107.42,-11.875791445475311,197.65659063758045,-2.593042855703617,20.722192210537884,0.13004246756826118,-0.4642009623339225,-6.321035837373094,-0.0333436629292596
107.44,-12.198418363219194,197.39644502887478,-2.6023268749502955,20.700592090089646,0.13314398268579813,-0.46998436986651354,-6.314616045395789,-0.03406687025933161
107.46000000000001,-12.522309490689839,197.13856810415547,-2.611726562347626,20.678905031987945,0.13621923383449824,-0.4756776632294328,-6.308167607517306,-0.034789970872023054
107.48,-12.847484028382254,196.88301276612358,-2.6212401156122143,20.657130919730673,0.1392677848403266,-0.48128179987470443,-6.301690552990625,-0.03551296250216024
107.5,-13.173959795947901,196.62983187904192,-2.6308657516097083,20.635269638967813,0.14228923354305908,-0.4867978675794937,-6.295184911198535,-0.036235842884910156
107.52,-13.50175321714694,196.37907825627647,-2.6406017089612983,20.613321077524155,0.14528321223528082,-0.4922270775908891,-6.288650711653517,-0.03695860975578829
107.54,-13.830879306073191,196.13080464746403,-2.650446250513116,20.591285125422026,0.14824938799119133,-0.49757075733892936,-6.282087983997593,-0.03768126085066642
107.56,-14.161351654635702,195.8850637253276,-2.660397665659895,20.5691616749041,0.15118746288278914,-0.5028303427595223,-6.275496758002213,-0.03840379390577685
107.58,-14.493182421277787,195.64190807216198,-2.6704542725150855,20.54695062045626,0.1540971740815792,-0.5080073702713871,-6.268877063568112,-0.0391262066577238
107.60000000000001,-14.826382320911662,195.40139016601069,-2.6806144199205133,20.52465185883047,0.15697829384454523,-0.5131034684532982,-6.26222893072515,-0.03984849684348839
107.62,-15.16096061604417,195.16356236655494,-2.6908764892895793,20.502265289067747,0.159830629383749,-0.5181203494697655,-6.255552389632218,-0.04057066220043347
107.64,-15.496925109066698,194.92847690073538,-2.7012388962789746,20.479790812521138,0.16265402261955725,-0.5230598002948164,-6.248847470577066,-0.04129270046631441
107.66,-15.834282135680233,194.6961858481253,-2.711700092284871,20.457228332878767,0.16544834981815046,-0.5279236737846986,-6.242114203976177,-0.04201460937928686
107.68,-16.173036559424503,194.4667411260745,-2.7222585657605647,20.434577756186908,0.16821352111462978,-0.5327138796511164,-6.235352620374642,-0.04273638667790807
107.7,-16.513191767278474,194.24019447464053,-2.732912843353587,20.41183899087311,0.17094947992370352,-0.5374323753871005,-6.228562750446011,-0.04345803010114829
107.72,-16.85474966629796,194.01659744132417,-2.7436614908613293,20.38901194776936,0.17365620224060127,-0.5420811571976504,-6.221744624992143,-0.04417953738839789
107.74000000000001,-17.19771068125484,193.79600136562382,-2.7545031140052822,20.366096540135274,0.17633369583552214,-0.5466622509869979,-6.214898274943075,-0.044900906279475856
107.76,-17.542073753241404,193.5784573634228,-2.7654363590250224,20.343092683681338,0.17898199934557124,-0.5511777034536558,-6.2080237313569,-0.04562213451463037
107.78,-17.887836339202543,193.364016311222,-2.7764599130940955,20.320000296592184,0.18160118126876776,-0.5556295733434095,-6.201121025419597,-0.046343219834553126
107.8,-18.234994412357995,193.15272883022882,-2.7875725045609636,20.296819299549885,0.18419133886531688,-0.5600199229089673,-6.194190188444892,-0.04706415998038279
107.82000000000001,-18.58354246347654,192.9446452703124,-2.798772903019143,20.273549615757304,0.18675259697191673,-0.5643508096232538,-6.187231251874151,-0.04778495269371353
107.84,-18.933473502964016,192.73981569383312,-2.810059919211608,20.250191170961454,0.18928510673541799,-0.5686242781912259,-6.180244247276199,-0.048505595716599174
107.86,-19.284779063727154,192.53828985935363,-2.8214324047754324,20.226743893476897,0.19178904427266233,-0.5728423529026885,-6.1732292063471865,-0.04922608679156464
107.88,-19.637449204775603,192.34011720523662,-2.8328892518334863,20.203207714209167,0.1942646092637913,-0.5770070303658467,-6.166186160910453,-0.04994642366160941
107.9,-19.99147251552519,192.145346833134,-2.8444293924408033,20.179582566678217,0.19671202348673464,-0.581120272658338,-6.159115142916372,-0.05066660407021889
107.92,-20.346836120766117,191.95402749136997,-2.85605179789397,20.155868387041895,0.19913152930095399,-0.5851840009291996,-6.1520161844422265,-0.05138662576136502
107.94,-20.703525686260928,191.76620755822012,-2.867755477912554,20.13206511411944,0.20152338808882778,-0.589200089481751,-6.144889317692049,-0.05210648647951764
107.96000000000001,-21.061525424938083,191.58193502508698,-2.879539479702189,20.108172689414996,0.20388787866331637,-0.5931703603636358,-6.137734574996458,-0.05282618396965232
107.98,-21.42081810364843,191.40125747957148,-2.8914028869094617,20.084191057141144,0.20622529565073688,-0.5970965784863804,-6.130551988812553,-0.05354571597725522
108.0,-21.78138505045325,191.22422208843932,-2.9033448184791895,20.060120164242456,0.20853594785760426,-0.600980447292792,-6.123341591723735,-0.05426508024833089
108.02,-22.14320616241416,191.05087558047936,-2.9153644274250454,20.03595996041906,0.210820156630557,-0.6048236049863656,-6.116103416439553,-0.05498427452940932
108.04,-22.50625991385693,190.88126422925174,-2.927460899524773,20.01171039815022,0.21307825421838145,-0.6086276213326379,-6.108837495795582,-0.05570329656755303
108.06,-22.870523365083006,190.7154338357216,-2.939633451951426,19.98737143271793,0.21531058214507678,-0.6123939950381435,-6.101543862753269,-0.05642214411036481
108.08,-23.235972171504535,190.55342971077454,-2.9518813318521886,19.9629430222305,0.21751748960276432,-0.6161241517083383,-6.094222550399779,-0.057140814905991905
108.10000000000001,-23.602580593180573,190.39529665760944,-2.964203814886355,19.93842512764619,0.21969933187304036,-0.6198194423816126,-6.086873591947819,-0.05785930670313812
108.12,-23.970321504734258,190.24107895400377,-2.9766002037339874,19.913817712796803,0.2218564687851028,-0.6234811426322726,-6.079497020735542,-0.05857761725106514
108.14,-24.33916640563276,190.09082033444682,-2.9890698265866327,19.889120744411308,0.22398926321864943,-0.627110452231312,-6.072092870226341,-0.05929574429960382
108.16,-24.709085430813875,189.94456397213608,-3.001612035631259,19.864334192139463,0.22609807965915438,-0.6307084953497849,-6.064661174008724,-0.06001368559916203
108.18,-25.0800473616453,189.8023524608322,-3.0142262055382547,19.839458028575443,0.2281832828126805,-0.6342763212857819,-6.057201965796168,-0.0607314389007259
108.2,-25.452019637204575,189.66422779656835,-3.0269117319639705,19.814492229281445,0.23024523628688312,-0.6378149056924165,-6.049715279426961,-0.06144900195587122
108.22,-25.824968365869847,189.53023135921035,-3.0396680300778187,19.78943677281131,0.23228430134431083,-0.6413251522808189,-6.042201148864027,-0.06216637251677046
108.24000000000001,-26.198858337213473,189.40040389386408,-3.052494533123435,19.76429164073414,0.23430083573351354,-0.6448078949690024,-6.034659608194793,-0.06288354833620122
108.26,-26.573653034192546,189.27478549212796,-3.0653906910228153,19.739056817657882,0.23629519260283557,-0.6482639004445963,-6.027090691631045,-0.06360052716754687
108.28,-26.949314645632164,189.15341557318848,-3.078355969031707,19.713732291252946,0.23826771950110334,-0.65169387110692,-6.019494433508739,-0.06431730676481143
108.3,-27.325804078999138,189.03633286475812,-3.0913898464538456,19.68831805227576,0.24021875746872443,-0.6550984483515887,-6.011870868287883,-0.06503388488261946
108.32000000000001,-27.70308097346545,188.92357538385568,-3.1044918154208774,19.662814094592363,0.24214864022199792,-0.6584782161590047,-6.004220030552342,-0.06575025927623171
108.34,-28.08110371326238,188.8151804174302,-3.1176613797440575,19.637220415201927,0.24405769343270708,-0.6618337049464864,-5.9965419550097225,-0.06646642770154204
108.36,-28.45982944132763,188.71118450283095,-3.130898053842987,19.611537014260318,0.24594623410432445,-0.6651653956426768,-5.988836676491179,-0.06718238791509244
108.38,-28.839214073249185,188.6116234081264,3.138983945423746,19.585763895103597,0.24781457004542018,-0.6684737239420213,-5.981104229951273,-0.06789813767407571
108.4,-29.219212311510734,188.51653211227782,3.125614470944905,19.55990106427151,0.2496629994401272,-0.6717590846967054,-5.9733446504678085,-0.06861367473634675
108.42,-29.599777660044662,188.42594478517225,3.112179289250971,19.533948531530967,0.25149181051479175,-0.675021836403368,-5.9655579732416895,-0.06932899686042318
108.44,-29.980862439099436,188.3398947675232,3.0986788525229034,19.507906309899468,0.25330128129922896,-0.6782623057422528,-5.957744233596745,-0.07004410180549667
108.46000000000001,-30.36241780042906,188.25841455064673,3.0851136064080578,19.481774415668532,0.25509167948032,-0.6814807921271214,-5.9499034669795545,-0.0707589873314406
108.48,-30.744393742812907,188.1815357561231,3.0714839905655147,19.455552868427066,0.25686326234503,-0.6846775722252957,-5.942035708959328,-0.07147365119881507
108.5,-31.12673912791467,188.10928911535476,3.0577904391210087,19.429241691084723,0.25861627680930693,-0.6878529044085748,-5.934140995227702,-0.07218809116887448
108.52,-31.509401696489626,188.04170444903298,3.044033381032837,19.402840909895215,0.26035095952874043,-0.6910070330974731,-5.926219361598594,-0.07290230500357532
108.54,-31.892328084949515,187.9788106465266,3.0302132403708875,19.376350554479586,0.26206753708632297,-0.6941401929632229,-5.918270844008059,-0.07361629046558035
108.56,-32.27546384229454,187.92063564520703,3.0163304365116232,19.349770657849465,0.26376622625216967,-0.6972526129542791,-5.910295478514105,-0.07433004531826987
108.58,-32.65875344742181,187.86720640972555,3.0023853842525376,19.32310125643024,0.2654472343096186,-0.7003445201165805,-5.902293301296527,-0.07504356732574584
108.60000000000001,-33.04214032681953,187.81854891125892,2.988378493850206,19.296342390084227,0.2671107594417543,-0.7034161431796081,-5.894264348656741,-0.07575685425284037
108.62,-33.42556687265585,187.77468810674105,2.974310170986614,19.269494102133777,0.2687569911720786,-0.7064677158832213,-5.886208657017658,-0.07646990386511913
108.64,-33.80897446127095,187.7356479180989,2.9601808166689496,19.24255643938432,0.2703861108527925,-0.7094994800234089,-5.878126262923461,-0.07718271392889546
108.66,-34.19230347208047,187.7014512115112,2.9459908270684814,19.215529452147383,0.2719982921939574,-0.7125116881983192,-5.870017203039471,-0.07789528221123099
108.68,-34.57549330689778,187.6721197767101,2.9317405933045144,19.188413194263543,0.2735937018266682,-0.715504606239329,-5.8618815141519915,-0.07860760647994398
108.7,-34.958482409682055,187.6476743063452,2.9174305011797284,19.161207723125322,0.2751724998933023,-0.7184785153153321,-5.853719233168122,-0.07931968450361716
108.72,-35.34120828671817,187.62813437543085,2.903060930873422,19.133913099700035,0.2767348406578981,-0.7214337137018969,-5.845530397115588,-0.0800315140516053
108.74000000000001,-35.723607527234094,187.61351842089695,2.888632256599384,19.106529388552552,0.27828087312977395,-0.7243705182104103,-5.837315043142576,-0.08074309289404372
108.76,-36.10561582446015,187.6038437212648,2.8741448462351755,19.079056657868037,0.2798107416936101,-0.7272892652757497,-5.829073208517592,-0.08145441880184877
108.78,-36.487167997134115,187.59912637646832,2.8595990609296607,19.05149497947459,0.2813245867393916,-0.7301903117044278,-5.820804930629243,-0.08216548954673278
108.8,-36.86819801145499,187.5993812878419,2.844995254695572,19.02384442886583,0.2828225452858384,-0.7330740350883828,-5.812510246986121,-0.08287630290120374
108.82000000000001,-37.24863900348765,187.6046221382958,2.8303337739938046,18.996105085223412,0.28430475159122914,-0.7359408338927833,-5.804189195216578,-0.08358685663858101
108.84,-37.62842330201939,187.61486137269938,2.8156149573159492,18.96827703143948,0.2857713377458585,-0.7387911272291622,-5.795841813068614,-0.08429714853299218
108.86,-38.007482451869,187.63011017849266,2.8008391347713655,18.94036035413902,0.28722243424074145,-0.7416253543280545,-5.78746813840965,-0.08500717635938798
108.88,-38.38574723764765,187.65037846654593,2.786006627684804,18.912355143702154,0.28865817050759607,-0.7444439737278847,-5.779068209226385,-0.08571693789354558
108.9,-38.763147707970525,187.67567485228702,2.771117748210246,18.884261494286363,0.29007867542558896,-0.7472474621992542,-5.770642063624635,-0.08642643091207713
108.92,-39.13961320011706,187.70600663711468,2.7561727989662614,18.8560795038486,0.29148407779081176,-0.7500363134259037,-5.762189739829141,-0.08713565319243372
108.94,-39.515072365137115,187.74137979011672,2.7411720726977435,18.827809274167347,0.29287450674496684,-0.7528110364655148,-5.75371127618339,-0.0878446025129167
108.96000000000001,-39.88945319339956,187.78179893011017,2.7261158519684336,18.79945091086456,0.2942500921602723,-0.7555721540150985,-5.745206711149447,-0.08855327665268183
108.98,-40.26268304057936,187.82726730802042,2.7110044088881313,18.771004523427553,0.2956109649781406,-0.7583202005070399,-5.736676083307811,-0.08926167339174683
109.0,-40.63468865407845,187.8777867896157,2.6958380048779906,18.742470225230758,0.29695725749974267,-0.7610557200628905,-5.728119431357187,-0.08996979051099843
109.02,-41.00539619987533,187.93335783861178,2.680616890476733,18.713848133557406,0.2982891036271278,-0.7637792643327195,-5.71953679411434,-0.09067762579220001
109.04,-41.37473128979782,187.99397950016197,2.665341305190079,18.685138369621118,0.299606639054128,-0.7664913902482453,-5.710928210513929,-0.09138517701799569
109.06,-41.74261900921315,188.05964938474608,2.650011477385114,18.656341058587383,0.30091000140682705,-0.7691926577181181,-5.702293719608318,-0.09209244197192155
109.08,-42.10898394512895,188.13036365247132,2.6346276242307516,18.62745632959494,0.3021993303339136,-0.7718836272935193,-5.693633360567381,-0.09279941843840973
109.10000000000001,-42.47375021469887,188.2061169977976,2.6191899516848807,18.598484315777046,0.3034747675477589,-0.7745648578318105,-5.684947172678346,-0.09350610420279681
109.12,-42.83684149412604,188.2869026346988,2.6036986545282446,18.56942515428265,0.3047364568175603,-0.7772369041852158,-5.676235195345629,-0.09421249705132716
109.14,-43.19818104795762,188.37271228227084,2.58815391644454,18.540278986297455,0.30598454391636387,-0.7799003149405322,-5.6674974680906125,-0.0949185947711677
109.16,-43.55769175876348,188.46353615079687,2.572555910145729,18.51104595706484,0.30721917652422215,-0.782555630234593,-5.6587340305515195,-0.0956243951504049
109.18,-43.91529615719224,188.55936292827917,2.556904797541037,18.481726215906715,0.30844050409014995,-0.7852033796687578,-5.649944922483179,-0.09632989597806023
109.2,-44.270916452397636,188.6601797674469,2.5412007299476613,18.452319916244203,0.3096486776559111,-0.7878440803439791,-5.641130183756902,-0.09703509504408998
109.22,-44.6244745628285,188.7659722732482,2.5254438483407817,18.422827215618256,0.31084384964499606,-0.7904782350361425,-5.632289854360245,-0.0977399901394
109.24000000000001,-44.975892147375546,188.876724490835,2.509634283640059,18.393248275710093,0.31202617362043533,-0.7931063305292927,-5.623423974396861,-0.09844457905584622
109.26,-45.32509063686829,188.99241889404783,2.4937721570294737,18.36358326236156,0.3131958040153319,-0.7957288361221928,-5.614532584086332,-0.09914885958624226
109.28,-45.67199126591577,189.11303637440886,2.4778575803070293,18.33383234559532,0.31435289584018716,-0.7983462023213466,-5.605615723763934,-0.09985282952437065
109.3,-46.01651510508456,189.23855623062954,2.4618906562606018,18.303995699634946,0.31549760437123714,-0.8009588597311931,-5.59667343388052,-0.10055648666498335
109.32000000000001,-46.35858309340797,189.36895615864057,2.4458714790659783,18.274073502924857,0.31663008482411076,-0.8035672181497556,-5.58770575500227,-0.10125982880381708
109.34,-46.698116071220426,189.5042122421509,2.429800134702983,18.24406593815012,0.3177504920171657,-0.8061716658754833,-5.578712727810572,-0.10196285373759045
109.36,-47.03503481331106,189.64429894374268,2.413676701385473,18.213973192256113,0.31885898002885477,-0.8087725692285559,-5.56969439310178,-0.10266555926401852
109.38,-47.36926006239085,189.78918909650906,2.397501250000902,18.18379545646806,0.31995570185342476,-0.8113702722874079,-5.560650791787056,-0.10336794318181619
109.4,-47.700712562867686,189.93885389624208,2.381273844555153,18.153532926310405,0.32104080905915305,-0.8139650968387941,-5.551581964892198,-0.10407000329070665
109.42,-48.02931309492369,190.09326289417768,2.364994542618377,18.123185801626025,0.3221144514531867,-0.8165573425373456,-5.542487953557437,-0.10477173739142519
109.44,-48.35498250888942,190.25238399030528,2.3486633957676304,18.09275428659533,0.323176776756866,-0.8191472872682939,-5.533368799037237,-0.10547314328573056
109.46000000000001,-48.677641759909534,190.41618342724954,2.3322804500222647,18.062238589755164,0.32422793029519575,-0.8217351877048773,-5.524224542700123,-0.10617421877640887
109.48,-48.997211942894225,190.58462578473237,2.3158457462681667,18.0316389240176,0.3252680547038681,-0.8243212800499377,-5.515055226028517,-0.10687496166728132
109.5,-49.31361432775111,190.75767397462317,2.2993593206671683,18.00095550668852,0.32629728965695554,-0.8269057809493552,-5.505860890618492,-0.10757536976321169
109.52,-49.6267703948918,190.93528923658613,2.2828212050481813,17.97018855948608,0.3273157716180742,-0.8294888885632966,-5.496641578179659,-0.10827544087011037
109.54,-49.93660187100732,191.11743113433351,2.2662314272769155,17.939338308558984,0.32832363361747824,-0.8320707837797767,-5.487397330534872,-0.10897517279494556
109.56,-50.24303076510643,191.30405755249427,2.2495900116013203,17.908404984504607,0.32932100505718526,-0.8346516315537494,-5.478128189620188,-0.10967456334574727
109.58,-50.54597940481057,191.49512469410763,2.2328969789702455,17.87738882238692,0.3303080115458569,-0.837231582353896,-5.468834197484513,-0.11037361033161486
109.60000000000001,-50.84537047289875,191.69058707875206,2.2161523473231677,17.84629006175427,0.33128477476477297,-0.8398107736984489,-5.459515396289522,-0.11107231156272471
109.62,-51.14112704409558,191.89039754131986,2.199356131849198,17.815108946656984,0.33225141236584294,-0.8423893317607812,-5.450171828309448,-0.11177066485033336
109.64,-51.43317262209504,192.0945072314484,2.182508345213982,17.78384572566477,0.33320803790220627,-0.8449673730251519,-5.440803535930846,-0.11246866800679242
109.66,-51.72143117681215,192.3028656136194,2.1656089977534787,17.752500651883942,0.33415476079157874,-0.8475450059728239,-5.4314105616524655,-0.11316631884554525
109.68,-52.00582718185437,192.51542046793736,2.148658097634023,17.721073982974495,0.33509168631211883,-0.8501223327789149,-5.421992948084991,-0.11386361518114242
109.7,-52.28628565220384,192.7321178915997,2.131655650978445,17.689565981166947,0.33601891563021347,-0.8526994510006353,-5.412550737950913,-0.11456055482924155
109.72,-52.562732182101115,192.95290230107,2.1146016619584316,17.65797691327901,0.3369365458592258,-0.8552764552381309,-5.403083974084281,-0.11525713560662175
109.74000000000001,-52.83509298312045,193.17771643496712,2.097496132853669,17.62630705073208,0.33784467014790776,-0.8578534387498729,-5.393592699430528,-0.11595335533118427
109.76,-53.10329492242595,193.40650135768263,2.0803390640786716,17.594556669567506,0.3387433777968643,-0.8604304950055046,-5.3840769570462985,-0.11664921182196071
109.78,-53.36726556119751,193.63919646373876,2.0631304541785616,17.562726050462675,0.33963275440116625,-0.8630077191601668,-5.37453679009923,-0.11734470289911975
109.8,-53.626933193214505,193.87573948290012,2.045870299795358,17.530815478746906,0.34051288201694657,-0.8655852094356158,-5.364972241867746,-0.11803982638397835
109.82000000000001,-53.88222688358476,194.11606648605135,2.028558595606645,17.498825244417112,0.34138383934958544,-0.8681630683948672,-5.3553833557408765,-0.1187345800990028
109.84,-54.133076507605544,194.36011189185348,2.0111953342387476,17.466755642153277,0.34224570196089144,-0.8707414040986754,-5.345770175218079,-0.1194289618678164
109.86,-54.37941278974274,194.60780847419161,1.9937805061567744,17.43460697133372,0.3430985424925241,-0.8733203311338116,-5.336132743909002,-0.12012296951520965
109.88,-54.621167342713484,194.85908737042598,1.9763140995340986,17.402379536050134,0.34394243090277726,-0.8758999715048515,-5.326471105533301,-0.12081660086714434
109.9,-54.85827270665725,195.11387809045885,1.958796100104001,17.37007364512242,0.34477743471375266,-0.8784804553829894,-5.316785303920464,-0.12150985375076175
109.92,-55.090662388379364,195.37210852662878,1.9412264909963408,17.337689612113305,0.3456036192659008,-0.8810619217072457,-5.307075383009597,-0.12220272599438663
109.94,-55.31827090065056,195.63370496444406,1.9236052525621954,17.305227755342727,0.3464210479768906,-0.8836445186353038,-5.2973413868492,-0.12289521542753819
109.96000000000001,-55.541033801545474,195.89859209416625,1.905932362189489,17.272688397902,0.3472297826017914,-0.8862284038430507,-5.287583359596994,-0.12358731988093417
109.98,-55.75888773380246,196.16669302325477,1.8882077941126276,17.24007186766777,0.3480298834916044,-0.8888137446737457,-5.277801345519737,-0.12427903718649828
110.0,-55.97177046418654,196.43792928968273,1.870431519219153,17.2073784973157,0.34882140984727517,-0.8914007181395068,-5.26799538899297,-0.1249703651773677
110.02,-56.17962092283683,196.71222087613387,1.8526035048563632,17.174608624333963,0.34960441996643676,-0.8939895107795138,-5.258165534500882,-0.12566130168789708
110.04,-56.38237924257932,196.98948622508993,1.8347237146407727,17.141762591036485,0.3503789714802899,-0.8965803183809594,-5.248311826636039,-0.12635184455366946
110.06,-56.57998679818539,197.26964225481714,1.8167921082731535,17.108840744575943,0.35114512157820443,-0.8991733455702741,-5.238434310099249,-0.1270419916115004
110.08,-56.772386245556206,197.55260437626006,1.798808641361748,17.075843436956525,0.35190292721783295,-0.9017688052835561,-5.228533029699305,-0.1277317406994453
110.10000000000001,-56.95952156081258,197.83828651085034,1.7807732652560766,17.042771025046452,0.35265244531875506,-0.9043669181263859,-5.2186080303528,-0.12842108965680693
110.12,-57.14133807926977,198.12660110923755,1.7626859268935489,17.009623870590246,0.3533937329379168,-0.9069679116342987,-5.2086593570839455,-0.12911003632413945
110.14,-57.31778253427622,198.41745917094823,1.744546568660863,16.97640234022075,0.354126847425392,-0.9095720194461518,-5.198687055024346,-0.12979857854325927
110.16,-57.48880309589521,198.71077026497915,1.7263551282719405,16.943106805470904,0.35485184655926627,-0.9121794804033727,-5.188691169412783,-0.13048671415724913
110.18,-57.65434940940797,199.00644255132988,1.7081115386638732,16.90973764278525,0.3555687886587269,-0.9147905375886889,-5.178671745595022,-0.13117444101046616
110.2,-57.81437263361681,199.30438280347934,1.6898157279120998,16.876295233531188,0.35627773267472973,-0.9174054373183537,-5.168628829023632,-0.13186175694854513
110.22,-57.968825478926526,199.6044964318101,1.6714676191657327,16.842779964009974,0.35697873825790233,-0.9200244281021231,-5.1585624652577335,-0.13254865981841235
110.24000000000001,-58.117662245182274,199.90668750798417,1.6530671306036897,16.80919222546745,0.35767186580362936,-0.922647759585296,-5.148472699962811,-0.13323514746828585
110.26,-58.260838859242114,200.21085879027265,1.6346141754119836,16.775532414104497,0.3583571764745478,-0.9252756814870031,-5.138359578910529,-0.1339212177476838
110.28,-58.39831291226207,200.51691174984214,1.6161086617822438,16.74180093108725,0.3590347322009501,-0.9279084425486541,-5.128223147978498,-0.1346068685074311
110.3,-58.530043696671804,200.8247465979989,1.597550492931271,16.707998182557006,0.3597045956598548,-0.9305462895059801,-5.118063453150063,-0.13529209759967023
110.32000000000001,-58.65599224281865,201.13426231439286,1.578939567141151,16.67412457963987,0.36036683023374694,-0.9331894660974924,-5.107880540514097,-0.13597690287786254
110.34,-58.77612135525794,201.44535667618123,1.560275777819201,16.640180538456136,0.3610214999502189,-0.9358382121214208,-5.097674456264833,-0.13666128219679574
110.36,-58.890395648667344,201.75792628815307,1.541559013576773,16.606166480129364,0.36166866940394776,-0.9384927625523006,-5.087445246701579,-0.13734523341259378
110.38,-58.99878158336288,202.07186661381363,1.5227891583257271,16.572082830795203,0.3623084036626295,-0.9411533467273444,-5.077192958228587,-0.13802875438272108
110.4,-59.10124750039441,202.38707200742846,1.50396609139118,16.537930021609895,0.362940768158651,-0.9438201876116242,-5.0669176373547735,-0.1387118429659906
110.42,-59.197763656198084,202.70343574702613,1.4850896876389479,16.503708488758523,0.36356582856841296,-0.9464935011498675,-5.056619330693569,-0.13939449702256757
110.44,-59.28830225678329,203.02085006835796,1.4661598176159503,16.469418673462936,0.3641836506813255,-0.949173495711383,-5.046298084962657,-0.14007671441398062
110.46000000000001,-59.37283749143154,203.3392061998131,1.4471763477017223,16.435061021989416,0.3647943002605766,-0.9518603716332914,-5.0359539469837795,-0.1407584930031255
110.48,-59.45134556588461,203.65839439828667,1.4281391402690566,16.40063598565601,0.36539784289782384,-0.9545543208658478,-5.025586963682555,-0.14143983065427254
110.5,-59.52380473499908,203.97830398599854,1.4090480538517394,16.366144020839595,0.3659943438639848,-0.9572555267222506,-5.015197182088205,-0.14212072523307406
110.52,-59.59019533484441,204.29882338825948,1.3899029433172938,16.331585588982627,0.3665838679582924,-0.9599641637339211,-5.004784649333406,-0.14280117460656835
110.54,-59.650499814221284,204.61984017218194,1.370703660042615,16.296961156599576,0.3671664793577527,-0.962680397610858,-4.994349412654012,-0.14348117664319027
110.56,-59.70470276557707,204.94124108633113,1.3514500520903976,16.26227119528308,0.36774224146907986,-0.965404385305313,-4.983891519388906,-0.1441607292127754
110.58,-59.75279095529468,205.262912101313,1.3321419643842916,16.22751618170976,0.3683112167851007,-0.9681362751757394,-4.973411016979725,-0.14483983018656726
110.60000000000001,-59.79475335333128,205.58473845129424,1.3127792388807773,16.192696597645742,0.3688734667475125,-0.9708762072467201,-4.962907952970671,-0.14551847743722482
110.62,-59.83058116218267,205.9066046764498,1.293361714735843,16.157812929951866,0.3694290516177469,-0.9736243135594332,-4.952382375008311,-0.1461966688388262
110.64,-59.86026784514911,206.22839466633252,1.273889228464654,16.122865670588553,0.36997803035754495,-0.9763807186061554,-4.941834330841349,-0.1468744022668796
110.66,-59.8838091538781,206.5499917041594,1.2543616140925309,16.08785531662038,0.37052046052067933,-0.9791455398413426,-4.9312638683203875,-0.14755167559832721
110.68,-59.901203155159116,206.87127851200827,1.2347787032957038,16.052782370220324,0.3710563981570799,-0.9819188882609887,-4.920671035397726,-0.14822848671155323
110.7,-59.91245025694528,207.19213729691836,1.2151403255304842,16.01764733867367,0.3715858977304234,-0.984700869041259,-4.910055880127174,-0.14890483348638692
110.72,-59.9175532335763,207.5124497978876,1.1954463081496591,15.9824507343816,0.37210901205004426,-0.9874915822268084,-4.89941845066377,-0.14958071380411703
110.74000000000001,-59.91651725017704,207.83209733375924,1.1756964765051228,15.947193074864456,0.37262579221781544,-0.9902911234587508,-4.888758795263625,-0.15025612554748938
110.76,-59.90934988620542,208.15096085198934,1.1558906540359475,15.911874882764668,0.3731362875904309,-0.9930995847319487,-4.878076962283675,-0.15093106660071834
110.78,-59.89606115812334,208.4689209782865,1.1360286623413085,15.876496685849329,0.37364054575730954,-0.9959170551711294,-4.8673730001814475,-0.15160553484949346
110.8,-59.87666354116366,208.78585806711425,1.116110321237886,15.841059017012467,0.37413861253412545,-0.9987436218153146,-4.856646957514865,-0.1522795281809867
110.82000000000001,-59.85117199016633,209.10165225304624,1.0961354488015793,15.805562414276945,0.3746305319717616,-1.0015793704001696,-4.84589888294201,-0.15295304448385638
110.84,-59.81960395945618,209.4161835029631,1.0761038613935758,15.770007420796036,0.3751163463802833,-1.0044243861281357,-4.835128825220937,-0.1536260816482538
110.86,-59.78197942173476,209.7293316690796,1.0560153736710127,15.734394584854648,0.37559609636733543,-1.0072787544165973,-4.824336833209389,-0.15429863756583334
110.88,-59.73832088595828,210.04097654278976,1.0358697985826808,15.698724459870203,0.37606982089019,-1.010142561614831,-4.813522955864652,-0.15497071012975608
110.9,-59.68865341417361,210.35099790931653,1.0156669473503843,15.662997604393164,0.3765375573205034,-1.0130158956811093,-4.8026872422432545,-0.15564229723469805
110.92,-59.63300463728388,210.65927560315245,0.9954066294367623,15.627214582107214,0.3769993415206968,-1.0158988468120511,-4.79182974150082,-0.15631339677685394
110.94,-59.571404769715315,210.96568956427592,0.9750886525005216,15.591375961829081,0.3774552079307383,-1.0187915080171217,-4.780950502891782,-0.1569840066539478
110.96000000000001,-59.50388662295654,211.27011989512775,0.9547128223401788,15.555482317507998,0.37790518966399766,-1.0216939756320707,-4.770049575769189,-0.15765412476523694
110.98,-59.43048561794175,211.57244691833083,0.9342789428275378,15.519534228224817,0.3783493186107502,-1.024606349766056,-4.759127009584492,-0.1583237490115198
111.0,-59.351239796248855,211.87255123513575,0.9137868158322169,15.483532278190753,0.3787876255478366,-1.0275287346782012,-4.748182853887309,-0.15899287729513997
111.02,-59.2661898300839,212.1703137845733,0.893236241138653,15.447477056745768,0.3792201402529365,-1.030461239080378,-4.737217158325187,-0.15966150751999658
111.04,-59.175379031022864,212.4656159032945,0.8726270163570451,15.41136915835659,0.37964689162188703,-1.0334039763640666,-4.726229972643353,-0.1603296375915484
111.06,-59.07885335748223,212.75833938607744,0.8519589368297638,15.375209182614364,0.3800679077874722,-1.036357064750214,-4.715221346684613,-0.1609972654168209
111.08,-58.976661420889684,213.04836654697937,0.8312317955347597,15.338997734231933,0.3804832162381233,-1.0393206273620765,-4.704191330388943,-0.16166438890441298
111.10000000000001,-58.86885449052649,213.33558028111128,0.8104453829875182,15.302735423040744,0.3808928439350105,-1.042294792222069,-4.693139973793374,-0.16233100596450462
111.12,-58.75548649701331,213.61986412701137,0.7895994871430769,15.26642286398739,0.38129681742605914,-1.0452796921746448,-4.682067327031831,-0.16299711450885765
111.14,-58.63661403441148,213.9011023295928,0.7686938932995839,15.230060677129766,0.38169516295550154,-1.0482754647381975,-4.670973440334707,-0.16366271245083283
111.16,-58.51229636091196,214.1791799036397,0.7477283840048199,15.193649487632847,0.382087906567667,-1.0512822518898548,-4.659858364028805,-0.16432779770538714
111.18,-58.382595398084604,214.4539826978251,0.7267027389670226,15.157189925764097,0.38247507420382043,-1.0543001997878692,-4.648722148537037,-0.16499236818908486
111.2,-58.247575728660685,214.72539745922265,0.7056167349712652,15.120682626888481,0.3828566917909825,-1.0573294584370478,-4.637564844378236,-0.16565642182010024
111.22,-58.10730459282205,214.99331189828348,0.6844701458025244,15.084128231463104,0.38323278532179805,-1.0603701813033224,-4.626386502166868,-0.16631995651823125
111.24000000000001,-57.961851882970656,215.25761475424846,0.6632627421764581,15.047527385031461,0.3836033809246632,-1.0634225248841007,-4.615187172612865,-0.16698297020489744
111.26,-57.81129013695281,215.51819586096502,0.6419942916787762,15.010880738217296,0.38396850492347206,-1.0664866482415065,-4.603966906521366,-0.16764546080315115
111.28,-57.65569452971275,215.7749462130767,0.6206645587139459,14.974188946718074,0.3843281838865032,-1.069562712505956,-4.592725754792467,-0.16830742623768402
111.3,-57.49514286335097,216.0277580325528,0.5992733044638268,14.937452671298066,0.38468244466412294,-1.072650880357749,-4.581463768421025,-0.1689688644348342
111.32000000000001,-57.329715555563105,216.27652483552424,0.5778202868566717,14.90067257778103,0.38503131441514615,-1.0757513154944767,-4.5701809984963955,-0.16962977332258997
111.34,-57.15949562643569,216.52114149939115,0.5563052605467824,14.863849337042504,0.38537482062185313,-1.0788641820920692,-4.558877496202244,-0.1702901508305972
111.36,-56.98456868357595,216.76150433016642,0.5347279769049411,14.8269836250017,0.38571299109381807,-1.0819896442671986,-4.547553312816281,-0.17094999489016563
111.38,-56.805022905553216,216.99751113001875,0.5130881840195971,14.790076122613003,0.3860458539608549,-1.0851278655485637,-4.53620849971002,-0.17160930343427935
111.4,-56.620949023630224,217.22906126497773,0.4913856267086256,14.753127515857061,0.38637343765552934,-1.08827900836427,-4.52484310834856,-0.17226807439759811
111.42,-56.43244030176338,217.4560557327624,0.46962004654134004,14.716138495731483,0.38669577088581947,-1.0914432335521282,-4.51345719029038,-0.17292630571646422
111.44,-56.239592514851495,217.6783972306942,0.44779118187029754,14.679109758241127,0.38701288259862926,-1.094620699899219,-4.502050797187047,-0.1735839953289126
111.46000000000001,-56.042503925213495,217.89599022365402,0.4258987678723134,14.642042004387982,0.38732480193497026,-1.0978115637164918,-4.490623980783013,-0.1742411411746744
111.48,-55.84127525727607,218.10874101204223,0.4039425365979836,14.604935940160646,0.38763155817772216,-1.1010159784535547,-4.479176792915401,-0.17489774119518472
111.5,-55.636009670453156,218.31655779969967,0.3819222170289125,14.567792276523395,0.3879331806929638,-1.1042340943581108,-4.467709285513744,-0.17555379333358667
111.52,-55.42681273019985,218.5193507617467,0.3598375351417502,14.530611729404846,0.3882296988659329,-1.1074660581837623,-4.456221510599736,-0.1762092955347416
111.54,-55.21379237722401,218.7170321122967,0.3376882139780748,14.493395019686195,0.3885211420327204,-1.110712012949132,-4.4447135202870145,-0.17686424574523282
111.56,-54.99705889483983,218.90951617199903,0.3154739737190919,14.456142873189059,0.38880753940883933,-1.1139720977504413,-4.43318536678095,-0.17751864191337294
111.58,-54.7767248744483,219.09671943536617,0.29319453176408317,14.418856020662888,0.38908892001582185,-1.1172464476288915,-4.4216371023783445,-0.1781724819892107
111.60000000000001,-54.55290517913035,219.2785606378383,0.2708496028115053,14.38153519777198,0.3893653126069999,-1.1205351934933536,-4.41006877946726,-0.1788257639245356
111.62,-54.325716905339455,219.45496082253814,0.24843889894163818,14.344181145082057,0.3896367455936044,-1.1238384620980917,-4.398480450526756,-0.1794784856728849
111.64,-54.095279342681174,219.62584340666763,0.22596212969967633,14.306794608046443,0.38990324697228695,-1.127156376074446,-4.386872168126622,-0.1801306451895539
111.66,-53.8617139317682,219.7911342474973,0.2034190021781872,14.269376336991806,0.3901648442551202,-1.1304890540146555,-4.3752439849271845,-0.18078224043159669
111.68,-53.62514422014037,219.95076170789824,0.1808092210978942,14.23192708710349,0.3904215644030692,-1.1338366106052906,-4.36359595367903,-0.18143326935783605
111.7,-53.385695816240045,220.10465672136553,0.15813248888578846,14.194447618410418,0.39067343376385316,-1.1371991568071094,-4.351928127222811,-0.18208372992886707
111.72,-53.14349634143437,220.25275285648118,0.13538850574964645,14.15693869576958,0.3909204780150306,-1.1405768000775502,-4.340240558488975,-0.1827336201070671
111.74000000000001,-52.89867538007694,220.3949863807639,0.11257696974809539,14.11940108885009,0.3911627221130437,-1.143969644631544,-4.328533300497502,-0.1833829378566003
111.76,-52.65136442760246,220.53129632385148,0.08969757685546442,14.081835572116812,0.3914001902488545,-1.1473777917358714,-4.316806406357732,-0.18403168114342208
111.78,-52.40169683664927,220.66162453996145,0.06675002102074679,14.04424292481358,0.39163290581069377,-1.1508013400319177,-4.30505992926805,-0.18467984793528874
111.8,-52.14980776120566,220.78591576957407,0.043733994220108485,14.006623930945965,0.3918608913543278,-1.1542403858813697,-4.293293922515691,-0.18532743620176373
111.82000000000001,-51.89583409877717,220.90411770028112,0.020649186502481154,13.968979379263637,0.39208416858112766,-1.157695023729202,-4.2815084394764735,-0.18597444391422152
111.84,-51.63991443057353,221.01618102674314,-0.0025047139721028344,13.931310063242277,0.3923027583241072,-1.1611653464781662,-4.2697035336145905,-0.18662086904585456
111.86,-51.382188959714945,221.12205950969656,-0.02572802090166615,13.893616781065077,0.39251668054197375,-1.1646514458689634,-4.257879258482343,-0.18726670957167962
111.88,-51.12279944745909,221.22171003395147,-0.04902104981904554,13.855900335603792,0.3927259543211181,-1.1681534128603344,-4.246035667719883,-0.18791196346854808
111.9,-50.86188914745157,221.31509266531995,-0.07238411807625234,13.818161534399374,0.3929305978853567,-1.1716713380034152,-4.234172815054985,-0.18855662871514697
111.92,-50.59960273800404,221.40217070641387,-0.09581754483632077,13.78040118964217,0.39313062861312925,-1.1752053118049373,-4.222290754302833,-0.1892007032920061
111.94,-50.336086252405806,221.4829107512504,-0.11932165107241932,13.742620118151677,0.39332606306175294,-1.1787554250741261,-4.21038953936571,-0.18984418518150753
111.96000000000001,-50.071487007276446,221.5572827386025,-0.1428967595739019,13.70481914135588,0.39351691699824176,-1.1823217692485042,-4.198469224232817,-0.1904870723678899
111.98,-49.805953528968494,221.62526000403136,-0.16654319495887204,13.66699908527014,0.3937032054361137,-1.1859044366942293,-4.186529862980008,-0.1911293628372529
112.0,-49.5396354780312,221.686819330536,-0.19026128369275686,13.629160780475653,0.3938849426775358,-1.1895035209770628,-4.17457150976951,-0.19177105457756752
112.02,-49.27268357174798,221.74194099775593,-0.21405135411229814,13.591305062097476,0.3940621423600936,-1.1931191171005893,-4.162594218849726,-0.19241214557867953
112.04,-49.00524950476223,221.790608829661,-0.2379137364543098,13.553432769782114,0.3942348175074218,-1.1967513217088557,-4.150598044554952,-0.19305263383231666
112.06,-48.73748586780793,221.83281024066244,-0.26184876288848713,13.515544747674667,0.39440298058289397,-1.2004002332511947,-4.1385830413051785,-0.19369251733209475
112.08,-48.469546064563616,221.86853628007844,-0.28585676755351086,13.477641844395544,0.39456664354554477,-1.204065952107597,-4.1265492636057735,-0.19433179407352474
112.10000000000001,-48.20158422665015,221.8977816748874,-0.3099380865956629,13.43972491301674,0.39472581790738465,-1.2077485806736123,-4.114496766047305,-0.19497046205401639
112.12,-47.93375512679499,221.92054487070084,-0.33409305820913504,13.40179481103767,0.39488051479126796,-1.2114482234043857,-4.102425603305259,-0.19560851927288833
112.14,-47.66621409018768,221.93682807088834,-0.3583220226772226,13.363852400360575,0.3950307449884885,-1.215164986818032,-4.0903358301397805,-0.19624596373137188
112.16,-47.39911690405346,221.94663727378617,-0.3826253224135834,13.325898547265478,0.39517651901530015,-1.2188989794591534,-4.078227501395445,-0.1968827934326178
112.18,-47.132619725474264,221.94998230792072,-0.40700330200276635,13.287934122384705,0.3953178471675976,-1.2226503118238712,-4.066100672000997,-0.19751900638170336
112.2,-46.86687898748849,221.94687686517858,-0.43145630823924375,13.249960000676975,0.3954547395730385,-1.226419096248271,-4.053955396969126,-0.1981546005856359
112.22,-46.60205130350338,221.93733853185364,-0.4559846901642093,13.211977061401038,0.39558720623994476,-1.2302054467626604,-4.041791731396201,-0.1987895740533629
112.24000000000001,-46.3382933700561,221.92138881750287,-0.4805887990994626,13.173986188088886,0.39571525710238553,-1.2340094789144749,-4.02960973046199,-0.1994239247957764
112.26,-46.07576186796215,221.89905318154132,-0.5052689886777522,13.135988268518517,0.39583890206091743,-1.2378313095630673,-4.017409449429473,-0.2000576508257173
112.28,-45.81461336189202,221.8703610575079,-0.5300256148690137,13.097984194686266,0.39595815101853565,-1.2416710566499496,-4.005190943644531,-0.2006907501579847
112.3,-45.55500419841961,221.83534587493276,-0.5548590360020125,13.059974862778693,0.3960730139114732,-1.2455288389483263,-3.9929542685357307,-0.20132322080934212
112.32000000000001,-45.297090402588324,221.79404507873824,-0.579769612780979,13.021961173144037,0.39618350073457254,-1.2494047757959656,-3.9806994796140405,-0.2019550607985219
112.34,-45.04102757304342,221.7465001461046,-0.6047577082968982,12.98394403026322,0.39628962156104275,-1.2532989868156006,-3.968426632472663,-0.2025862681462288
112.36,-44.78697077578163,221.6927566007333,-0.62982368803321,12.945924342720431,0.39639138655650474,-1.2572115916271307,-3.9561357827866597,-0.2032168408751525
112.38,-44.53507443657169,221.63286402444007,-0.6549679198657525,12.907903023173258,0.3964888059873171,-1.261142709555893,-3.9438269863127813,-0.20384677700997136
112.4,-44.285492232102115,221.56687606601105,-0.6801907740568707,12.869880988322388,0.39658189022326035,-1.2650924593412243,-3.9315002988891807,-0.20447607457735673
112.42,-44.03837697991511,221.49485044725583,-0.7054926232436953,12.831859158880864,0.3966706497347428,-1.2690609588494153,-3.9191557764352036,-0.20510473160597886
112.44,-43.793880527188136,221.4168489661918,-0.7308738424206838,12.793838459542915,0.3967550950847693,-1.2730483247949729,-3.9067934749510638,-0.20573274612651668
112.46000000000001,-43.55215363842749,221.33293749729512,-0.7563348089165833,12.755819818952345,0.3968352369159875,-1.2770546724738812,-3.894413450517657,-0.2063601161716616
112.48,-43.31334588214073,221.24318598875453,-0.7818759023660609,12.717804169670478,0.39691108593319446,-1.2810801155122533,-3.88201575929628,-0.20698683977612226
112.5,-43.07760551655773,221.14766845666486,-0.8074975046763058,12.679792448143685,0.39698265288174406,-1.2851247656334501,-3.8696004575283522,-0.20761291497663395
112.52,-42.84507937447272,221.04646297609864,-0.8331999999889748,12.641785594670457,0.39704994852234843,-1.2891887324463573,-3.8571676015352043,-0.20823833981196269
112.54,-42.61591274728248,220.93965166899483,-0.8589837746379017,12.603784553368063,0.39711298360280783,-1.2932721232571196,-3.8447172477177576,-0.20886311232291188
112.56,-42.390249268298646,220.8273206888054,-0.884849217103044,12.565790272138758,0.39717176882723765,-1.2973750429061957,-3.8322494525563533,-0.20948723055232873
112.58,-42.16823079541478,220.70956020184127,-0.9107967179611678,12.527803702635568,0.39722631482338344,-1.3014975936321531,-3.819764272610487,-0.21011069254510856
112.60000000000001,-41.94999729321179,220.586464365261,-0.9368266698338106,12.489825800227642,0.39727663210863,-1.3056398749631635,-3.8072617645184126,-0.2107334963482039
112.62,-41.735686714587914,220.458131301647,-0.962939467333074,12.451857523965174,0.39732273105531385,-1.3098019836366963,-3.79474198499712,-0.2113556400106287
112.64,-41.52543488200248,220.32466307011524,-0.9891355070058081,12.41389983654389,0.3973646218559432,-1.3139840135474505,-3.782204990841844,-0.21197712158346485
112.66,-41.319375368425284,220.18616563390697,-1.0154151872767572,12.375953704269115,0.3974023144889158,-1.3181860557231133,-3.7696508389259646,-0.21259793911986824
112.68,-41.11763937808641,220.0427488244119,-1.0417789083912194,12.338020097019397,0.39743581868530026,-1.3224081983271085,-3.7570795862006774,-0.21321809067507552
112.7,-40.92035562712404,219.89452630157476,-1.0682270723577618,12.300099988209727,0.3974651438972165,-1.3266505266870887,-3.7444912896947753,-0.21383757430640782
112.72,-40.72765022423067,219.74161551063924,-1.0947600828915034,12.262194354754309,0.3974902992683104,-1.3309131233475415,-3.7318860065143684,-0.21445638807328038
112.74000000000001,-40.53964655140096,219.58413763518482,-1.1213783453584543,12.224304177028925,0.39751129360677373,-1.3351960681445496,-3.719263793842595,-0.21507453003720678
112.76,-40.35646514488727,219.42221754641525,-1.1480822667213453,12.186430438832867,0.3975281353613074,-1.3394994383004295,-3.7066247089394366,-0.21569199826180335
112.78,-40.178223576471666,219.2559837486591,-1.1748722554873539,12.148574127350445,0.3975408326003706,-1.343823308535715,-3.6939688091413805,-0.2163087908127982
112.8,-40.00503633516618,219.0855683210455,-1.2017487216580682,12.110736233112082,0.39754939299499786,-1.3481677511957497,-3.681296151861196,-0.21692490575803777
112.82000000000001,-39.83701470945554,218.91110685532118,-1.2287120766819832,12.072917749954986,0.397553823805403,-1.3525328363889655,-3.668606794587691,-0.21754034116748822
112.84,-39.67426667019964,218.73273838977693,-1.2557627334097625,12.0351196749834,0.3975541318715238,-1.3569186321338287,-3.655900794885433,-0.21815509511324493
112.86,-39.516896754315674,218.55060533925578,-1.2829011060524391,11.997343008528448,0.3975503236075967,-1.3613252045113609,-3.6431782103944665,-0.2187691656695387
112.88,-39.3650059493623,218.36485342121694,-1.3101276101426664,11.959588754107548,0.39754240500078425,-1.3657526178201287,-3.630439098830082,-0.21938255091274228
112.9,-39.21869157915129,218.17563157783343,-1.337442662499069,11.921857918383433,0.397530381613816,-1.3702009347306308,-3.617683517982532,-0.21999524892137404
112.92,-39.0780471905143,217.98309189410492,-1.3648466811936815,11.88415151112274,0.3975142585915403,-1.3746702164360962,-3.6049115257168047,-0.22060725777610452
112.94,-38.94316244135515,217.78738951197008,-1.3923400855224033,11.846470545154205,0.3974940406712286,-1.3791605227968355,-3.5921231799723357,-0.22121857555976251
112.96000000000001,-38.81412299012055,217.58868254040704,-1.41992329597834,11.808816036326439,0.3974697321964173,-1.3836719124754562,-3.579318538762717,-0.22182920035734535
112.98,-38.691010386824416,217.38713196151394,-1.4475967342278493,11.771189003465311,0.3974413371340264,-1.3882044430604612,-3.5664976601755054,-0.2224391302560169
113.0,-38.57390196576351,217.18290153256592,-1.4753608230890585,11.733590468330908,0.39740885909444795,-1.3927581711759944,-3.5536606023718864,-0.22304836334512015
113.02,-38.46287074006426,216.97615768404827,-1.5032159865125783,11.69602145557411,0.39737230135426094,-1.3973331525757686,-3.5408074235864526,-0.22365689771618052
113.04,-38.357985298202834,216.76706941367078,-1.5311626495640935,11.658482992692754,0.39733166688119964,-1.4019294422195103,-3.527938182126915,-0.22426473146291218
113.06,-38.25930970264268,216.55580817637176,-1.5592012384084837,11.620976109987403,0.3972869583609767,-1.4065470943305602,-3.5150529363738787,-0.22487186268122455
113.08,-38.16690339073565,216.34254777032518,-1.5873321802950948,11.583501840516721,0.3972381782255468,-1.4111861624336164,-3.5021517447805475,-0.22547828946922607
113.10000000000001,-38.080821078034745,216.12746421896938,-1.6155559035437672,11.546061220052453,0.3971853286823862,-1.415846699371923,-3.48923466587243,-0.22608400992723365
113.12,-38.001112664168375,215.91073564907995,-1.6438728375312057,11.508655287034001,0.3971284117443623,-1.420528757303559,-3.4763017582471516,-0.22668902215777625
113.14,-37.92782314142735,215.69254216491512,-1.672283412677277,11.471285082522636,0.39706742925977007,-1.4252323876768092,-3.4633530805741115,-0.22729332426560137
113.16,-37.860992506217755,215.47306571846676,-1.7007880604308132,11.433951650155292,0.39700238294212514,-1.4299576411849313,-3.4503886915942474,-0.22789691435768164
113.18,-37.800655673533754,215.2524899758554,-1.7293872132545118,11.396656036098001,0.3969332743993201,-1.4347045677009376,-3.437408650119794,-0.22849979054321845
113.2,-37.746842394605984,215.03100017991352,-1.7580813046085306,11.35939928899893,0.3968601051617744,-1.4394732161933106,-3.4244130150339904,-0.22910195093365118
113.22,-37.69957717788184,214.80878300900628,-1.7868707689323968,11.322182459941036,0.39678287670923706,-1.4442636346238331,-3.4114018452907953,-0.22970339364266107
113.24000000000001,-37.65887921349521,214.58602643214542,-1.8157560416248735,11.285006602394363,0.3967015904959353,-1.449075869828968,-3.398375199914639,-0.23030411678617801
113.26,-37.62476230138355,214.36291956045721,-1.8447375590214528,11.247872772167932,0.3966162479737996,-1.4539099673864246,-3.3853331380001883,-0.2309041184823843
113.28,-37.59723478321102,214.13965249507174,-1.8738157583691812,11.210782027361292,0.39652685061353743,-1.4587659714687384,-3.3722757187120145,-0.2315033968517234
113.3,-37.576299478256466,213.91641617150688,-1.902991077798556,11.173735428315673,0.39643339992337123,-1.4636439246858313,-3.3592030012843552,-0.23210195001690642
113.32000000000001,-37.56195362342529,213.6934022006264,-1.9322639562922725,11.136734037564791,0.39633589746530146,-1.4685438679186262,-3.346115045020871,-0.23269977610291329
113.34,-37.554188817544116,213.47080270625833,-1.961634833650645,11.099778919785276,0.39623434486880255,-1.4734658401458733,-3.3330119092943518,-0.2332968732370021
113.36,-37.5529909700969,213.24881015956586,-1.9911041504535625,11.062871141746747,0.3961287438419061,-1.4784098782663675,-3.3198936535464254,-0.2338932395487152
113.38,-37.55834025456045,213.0276172102698,-2.02067234801889,11.026011772261523,0.3960190961796717,-1.4833760169187398,-3.306760337287323,-0.2344888731698853
113.4,-37.57021106649679,212.80741651482828,-2.050339868357265,10.989201882133976,0.3959054037700904,-1.4883642883009693,-3.2936120200955856,-0.23508377223463925
113.42,-37.588571986558584,212.58840056168637,-2.0801071541232843,10.952442544109541,0.39578766859750925,-1.4933747219916857,-3.2804487616178264,-0.23567793487940436
113.44,-37.61338574856273,212.37076149371467,-2.109974648563118,10.915734832823365,0.3956658927437042,-1.4984073447752313,-3.26727062156844,-0.23627135924291418
113.46000000000001,-37.64460921278558,212.15469092796346,-2.1399427954586225,10.879079824748615,0.39554007838676686,-1.5034621804723185,-3.2540776597292975,-0.23686404346621864
113.48,-37.682193344631735,211.94037977286567,-2.170012039068069,10.842478598144442,0.3954102277980028,-1.5085392497779522,-3.24086993594955,-0.237455985692682
113.5,-37.72608319882587,211.72801804302912,-2.2001828240636283,10.805932233003599,0.3952763433370674,-1.5136385701081114,-3.2276475101452853,-0.23804718406799533
113.52,-37.776217909275296,211.5177946717657,-2.2304555954657905,10.769441810999732,0.39513842744559075,-1.5187601554564774,-3.2144104422992843,-0.2386376367401792
113.54,-37.83253068474782,211.30989732151235,-2.26083079857492,10.733008415434327,0.39499648263956094,-1.5239040162622797,-3.201158792460773,-0.2392273418595908
113.56,-37.89494881050694,211.10451219230592,-2.2913088789001654,10.696633131183331,0.39485051150075057,-1.5290701592900968,-3.1878926207451275,-0.2398162975789273
113.58,-37.96339365604294,210.90182382848127,-2.3218902820859673,10.660317044643447,0.39470051666747913,-1.5342585875222268,-3.174611987333581,-0.24040450205323521
113.60000000000001,-38.03778068903518,210.7020149237695,-2.352575453836412,10.624061243678097,0.3945465008250094,-1.5394693000639843,-3.16131695247297,-0.24099195343991384
113.62,-38.118019495676776,210.5052661249802,-2.3833648398376917,10.587866817563079,0.3943884666958732,-1.54470229206206,-3.1480075764754956,-0.2415786498987215
113.64,-38.204013807488906,210.31175583445923,-2.4142588856789327,10.55173485693189,0.3942264170304171,-1.5499575546358386,-3.134683919718384,-0.24216458959178147
113.66,-38.295661534747374,210.1216600115207,-2.445258036771649,10.515666453720753,0.39406035459784794,-1.5552350748213473,-3.1213460426436446,-0.24274977068358822
113.68,-38.39285480663926,209.9351519730594,-2.476362738268076,10.479662701113318,0.3938902821780418,-1.560534835527301,-3.1079940057578193,-0.2433341913410108
113.7,-38.49548001826229,209.7524021935566,-2.507573434978622,10.44372469348507,0.39371620255436324,-1.5658568155025139,-3.094627869631685,-0.24391784973330224
113.72,-38.60341788457403,209.57357810470046,-2.5388905712886722,10.407853526347429,0.3935381185077172,-1.5712009893137686,-3.0812476948999565,-0.24450074403210278
113.74000000000001,-38.71654350139202,209.39884389484794,-2.5703145910749474,10.372050296291548,0.39335603281203185,-1.5765673273330856,-3.0678535422610342,-0.24508287241144686
113.76,-38.83472641353986,209.22836030856405,-2.601845937621609,10.336316100931823,0.39316994823134227,-1.581955795733195,-3.0544454724767625,-0.2456642330477664
113.78,-38.95783069022746,209.06228444647945,-2.633485053536273,10.300652038849112,0.39297986751861513,-1.5873663564899168,-3.0410235463720743,-0.2462448241199002
113.8,-39.08571500774662,208.90076956571582,-2.6652323806660716,10.265059209533662,0.3927857934164234,-1.5927989673900693,-3.0275878248348054,-0.24682464380909716
113.82000000000001,-39.218232739555944,208.74396488113427,-2.697088360013873,10.229538713327756,0.3925877286595479,-1.5982535820434662,-3.0141383688153316,-0.24740369029902312
113.84,-39.35523205382087,208.59201536766918,-2.729053431654742,10.19409165136808,0.3923856759795508,-1.6037301498975485,-3.0006752393263767,-0.2479819617757644
113.86,-39.49655601846689,208.44506156401613,-2.761128034652693,10.158719125527822,0.39217963811133394,-1.6092286162531808,-2.98719849744266,-0.24855945642783622
113.88,-39.642042713794986,208.30323937794904,-2.7933126069777567,10.123422238358488,0.3919696178016639,-1.614748922280183,-2.973708204300665,-0.2491361724461884
113.9,-39.79152535269968,208.16667989354775,-2.82560758542336,10.088202093031464,0.3917556178196167,-1.6202910050311934,-2.960204421098338,-0.24971210802420882
113.92,-39.94483240852047,208.0355091806231,-2.858013405523984,10.053059793279305,0.39153764096886684,-1.625854797452559,-2.946687209094845,-0.2502872613577295
113.94,-40.101787750547764,207.90984810663235,-2.890530501473035,10.017996443336772,0.39131569010171974,-1.6314402283910165,-2.9331566296102696,-0.2508616306450323
113.96000000000001,-40.2622107871942,207.78981215138296,-2.9231593060408554,9.98301314788162,0.3910897681347648,-1.6370472225950528,-2.919612744025304,-0.2514352140868588
113.98,-40.42591661683156,207.67551122482854,-2.9559002504927565,9.948111011975124,0.390859878066006,-1.6426757007099564,-2.9060556137810476,-0.25200800988640815
114.0,-40.592716186282715,207.5670494882646,-2.9887537645069555,9.913291141002372,0.3906260229933091,-1.6483255792657079,-2.892485300378661,-0.2525800162493491
114.02,-40.762416456946404,207.46452517923717,-3.0217202760922697,9.878554640612307,0.39038820613399466,-1.6539967706570158,-2.878901865379062,-0.25315123138382295
114.04,-40.93482057852105,207.36803044048122,-3.05480021150541,9.843902616657545,0.39014643084539147,-1.659689183114954,-2.8653053704027878,-0.25372165350045006
114.06,-41.109728070281584,207.27765115320923,-3.087993995167709,9.80933617513395,0.389900700646164,-1.6654027206698305,-2.8516958771295746,-0.2542912808123333
114.08,-41.28693500985076,207.19346677507426,-3.121302049581106,9.77485642211999,0.38965101923822043,-1.6711372831050684,-2.838073447298124,-0.2548601115350671
114.10000000000001,-41.46623422939346,207.1155501831346,3.128460511936379,9.740464463715865,0.3893973905290117,-1.6768927659020563,-2.8244381427057905,-0.25542814388674057
114.12,-41.64741551914934,207.04396752214942,3.094922656618338,9.706161405982424,0.38913981865403424,-1.6826690601760725,-2.810790025208401,-0.25599537608794387
114.14,-41.83026583820542,206.97877805853747,3.0612692754148165,9.671948354879863,0.38887830799935796,-1.688466052603553,-2.797129156719853,-0.25656180636177434
114.16,-42.01456953239637,206.92003404033153,3.027499954362746,9.637826416206211,0.38861286322400934,-1.6942836253410996,-2.783455599211931,-0.2571274329338396
114.18,-42.20010855920591,206.86778056346355,2.9936142818559244,9.603796695535632,0.38834348928205414,-1.7001216559367727,-2.769769414713939,-0.25769225403226664
114.2,-42.38666271952811,206.82205544471506,2.9596118487371887,9.569860298156499,0.3880701914442385,-1.7059800172343198,-2.7560706653125067,-0.2582562678877052
114.22,-42.57400989613269,206.78288910166762,2.9254922483925023,9.536018329009302,0.3877929753190637,-1.7118585772711004,-2.742359413151231,-0.25881947273333383
114.24000000000001,-42.761926298662814,206.7503044399876,2.891255076847081,9.50227189262435,0.38751184687319007,-1.7177571991705476,-2.7286357204304257,-0.25938186680486564
114.26,-42.95018671497909,206.72431674837827,2.8568999328636693,9.468622093059293,0.3872268124510836,-1.7236757410300911,-2.7148996494068753,-0.2599434483405521
114.28,-43.13856476864711,206.7049336015302,2.822426418043067,9.43507003383647,0.3869378787938405,-1.7296140558054978,-2.701151262393472,-0.26050421558119174
114.3,-43.32683318235058,206.69215477139846,2.787834136926957,9.40161681788007,0.3866450530571459,-1.7355719911926393,-2.6873906217590253,-0.2610641667701333
114.32000000000001,-43.51476404699567,206.6859721471319,2.7531226971031044,9.36826354745315,0.3863483428283432,-1.7415493895076994,-2.673617789927884,-0.2616233001532823
114.34,-43.702129096255995,206.68636966397597,2.7182917093129504,9.335011324094456,0.3860477561426117,-1.7475460875668365,-2.6598328293797513,-0.2621816139791046
114.36,-43.888699986291435,206.6933232414655,2.6833407875616135,9.301861248555108,0.38574330149827063,-1.7535619165662966,-2.646035802649315,-0.2627391064986345
114.38,-44.07424858035731,206.70680073121898,2.648269549230287,9.268814420735128,0.38543498787124414,-1.7595967019639416,-2.6322267723259998,-0.2632957759654808
114.4,-44.25854723800388,206.72676187463915,2.613077615191008,9.235871939619814,0.38512282472874265,-1.765650263363099,-2.618405801053709,-0.2638516206358278
114.42,-44.441369108549516,206.75315827081803,2.5777646099237455,9.203034903215974,0.38480682204222866,-1.7717224143995849,-2.6045729515305136,-0.26440663876844384
114.44,-44.62248842849429,206.78593335493667,2.5423301616357534,9.17030440848802,0.38448699029975053,-1.777812962632675,-2.5907282865083485,-0.26496082862468745
114.46000000000001,-44.80168082252391,206.82502238744124,2.5067739023830997,9.137681551293939,0.3841633405177393,-1.7839217094407123,-2.5768718687927468,-0.2655141884685131
114.48,-44.97872360773742,206.87035245426756,2.471095468194285,9.10516742632112,0.3838358842523733,-1.7900484499219438,-2.563003761242592,-0.2660667165664722
114.5,-45.15339610071563,206.92184247837605,2.4352944991958463,9.072763127022075,0.3835046336106219,-1.7961929728010966,-2.549124026769766,-0.26661841118772395
114.52,-45.3254799270307,206.97940324284747,2.399370639739825,9.040469745550032,0.3831696012610863,-1.8023550603420784,-2.5352327283388916,-0.2671692706040377
114.54,-45.49475933278114,207.04293742577804,2.363323538532983,9.00828837269443,0.3828308004447554,-1.8085344882671,-2.5213299289670768,-0.26771929308979997
114.56,-45.661021497720576,207.1123396471996,2.327152848767641,8.976220097816295,0.38248824498579864,-1.8147310256824114,-2.5074156917236015,-0.2682684769220172
114.58,-45.824056849532504,207.18749652823612,2.2908582282539927,8.944266008783522,0.38214194930251116,-1.8209444350107327,-2.49349007972961,-0.26881682038032473
114.60000000000001,-45.98365937878834,207.2682867626934,2.2544393395537785,8.912427191906065,0.38179192841852744,-1.8271744719303709,-2.4795531561578485,-0.2693643217469898
114.62,-46.139626954110355,207.354581201263,2.2178958501151715,8.880704731871035,0.3814381979744099,-1.8334208853209217,-2.465604984232411,-0.2699109793069177
114.64,-46.2917616370468,207.44624294850456,2.181227432408753,8.84909971167771,0.38108077423971265,-1.8396834172153624,-2.4516456272283733,-0.27045679134765743
114.66,-46.439869996151884,207.54312747275338,2.1444337640644457,8.817613212572482,0.3807196741256111,-1.8459618027582718,-2.4376751484715977,-0.27100175615940514
114.68,-46.58376341974981,207.645082729081,2.107514528009281,8.786246313983716,0.38035491519817755,-1.8522557701698448,-2.423693611338354,-0.2715458720350125
114.7,-46.723258426848396,207.75194929541757,2.070469412605884,8.755000093456548,0.37998651569237046,-1.8585650407153067,-2.409701079255123,-0.2720891372699901
114.72,-46.858176975655596,207.86356052192446,2.033298111791577,8.72387562658763,0.3796144945267927,-1.8648893286792927,-2.395697615698231,-0.2726315501625133
114.74000000000001,-46.988346769139824,207.97974269368322,1.9960003252179916,8.692873986959805,0.379238871319261,-1.8712283413447164,-2.38168328419359,-0.2731731090134278
114.76,-47.113601557063944,208.10031520674644,1.9585757583910972,8.661996246076752,0.37885966640321506,-1.8775817789756362,-2.367658148316442,-0.2737138121262532
114.78,-47.233781433912135,208.22509075757105,1.921024122811584,8.631243473297566,0.3784769008449812,-1.8839493348036056,-2.3536222716910387,-0.2742536578071914
114.8,-47.34873313211918,208.3538755458321,1.883345136115512,8.600616735771316,0.3780905964618914,-1.8903306950170058,-2.339575717990336,-0.2747926443651298
114.82000000000001,-47.45831031000277,208.48646949058937,1.845538522215172,8.57011709837157,0.37770077584124656,-1.8967255387528559,-2.3255185509357235,-0.27533077011164736
114.84,-47.56237383379173,208.6226664597536,1.807604011440115,8.539745623630882,0.3773074623600993,-1.9031335380906311,-2.311450834296774,-0.2758680333610183
114.86,-47.660792053135886,208.76225451277267,1.7695413406783027,8.509503371675276,0.37691068020582086,-1.9095543580476342,-2.297372631890883,-0.2764044324302195
114.88,-47.7534410694777,208.90501615643083,1.7313502535173502,8.479391400158704,0.3765104543974051,-1.9159876565755183,-2.283284007583013,-0.27693996563893675
114.9,-47.84020499666093,209.05072861362564,1.6930305003858397,8.449410764197495,0.3761068108074546,-1.9224330845575954,-2.2691850252854295,-0.2774746313095655
114.92,-47.920976213147924,209.19916410495904,1.6545818386946873,8.41956251630481,0.3756997761847838,-1.9288902858066188,-2.255075748957385,-0.2780084277672193
114.94,-47.99565560521504,209.3500901429492,1.6160040329785552,8.389847706325094,0.3752893781775687,-1.93535889706279,-2.240956242604809,-0.2785413533397352
114.96000000000001,-48.064152800494405,209.50326983863962,1.5772968550372992,8.360267381368544,0.37487564535696694,-1.9418385479917941,-2.2268265702800365,-0.2790734063576799
114.98,-48.126386391230575,209.65846222035165,1.5384600840774638,8.33082258574558,0.37445860724112756,-1.9483288611827345,-2.212686796081557,-0.2796045851543503
115.0,-48.18228414662249,209.81542256429506,1.4994935068538089,8.301514360901349,0.3740382943195072,-1.9548294521459006,-2.1985369841536384,-0.2801348880657846
115.02,-48.231783213623935,209.97390273672002,1.4603969178108906,8.272343745350257,0.3736147380774095,-1.9613399293103686,-2.184377198686131,-0.280664313430762
115.04,-48.27483030558067,210.1336515472613,1.4211701192246835,8.243311774610527,0.37318797102066315,-1.9678598940214922,-2.170207503914085,-0.28119285959081447
115.06,-48.31138187808837,210.29441511309363,1.3818129213442534,8.2144194811388,0.3727580267003563,-1.9743889405384034,-2.1560279641175466,-0.2817205248902245
115.08,-48.34140429146331,210.45593723348395,1.3423251425334852,8.185667894264778,0.3723249397375479,-1.9809266560317014,-2.1418386436211923,-0.28224730767603584
115.10000000000001,-48.36487395922736,210.6179597742939,1.3027066094128514,8.157058040125934,0.37188874584787973,-1.9874726205815505,-2.127639606794064,-0.28277320629805663
115.12,-48.381777482019544,210.78022306195228,1.2629571570012201,8.128590941602255,0.3714494818660182,-1.9940264071764642,-2.113430918049321,-0.28329821910886444
115.14,-48.3921117663598,210.94246628638493,1.223076628857691,8.10026761825107,0.3710071857698596,-2.0005875817130887,-2.099212641843857,-0.2838223444638123
115.16,-48.3958841277047,211.10442791235533,1.1830648772234298,8.072089086241938,0.37056189670443934,-2.007155702997321,-2.084984842678107,-0.2843455807210319
115.18,-48.393112377251555,211.26584609863764,1.1429217631634838,8.044056358291614,0.3701136550054924,-2.013730322747149,-2.0707475850956603,-0.2848679262414413
115.2,-48.383824891965496,211.42645912440983,1.1026471567085405,8.016170443599101,0.3696625022226181,-2.0203109855975874,-2.0565009336830604,-0.28538937938874875
115.22,-48.36806066732412,211.58600582222334,1.0622409369965888,7.98843234778078,0.3692084811420101,-2.0268972291081258,-2.0422449530694298,-0.2859099385294576
115.24000000000001,-48.34586935229638,211.74422601687266,1.0217029924144265,7.960843072805646,0.3687516358087201,-2.033488583773084,-2.027979707926212,-0.2864296020328725
115.26,-48.31731126609605,211.90086096945763,0.9810332207389649,7.933403616930639,0.3682920115484289,-2.0400845730352835,-2.0137052629669023,-0.28694836827110204
115.28,-48.282457396275966,212.05565382589967,0.9402315292782593,7.906114974636085,0.3678296549887066,-2.046684713303433,-1.9994216829467313,-0.2874662356190673
115.3,-48.24138937775687,212.20835006914336,0.8992978350121907,7.878978136561243,0.3673646140797499,-2.0532885139736012,-1.9851290326623459,-0.2879832024545045
115.32000000000001,-48.19419945241405,212.3586979742454,0.8582320647327188,7.851994089439981,0.3668969381145883,-2.0598954774551363,-1.9708273769515399,-0.2884992671579714
115.34,-48.14099040887662,212.50644906552415,0.8170341551836162,7.825163816036568,0.36642667774875876,-2.0665050992013696,-1.9565167806929946,-0.28901442811285033
115.36,-48.08187550222749,212.65135857491651,0.7757040531995889,7.798488295081605,0.36595388501945025,-2.0731168677453913,-1.9421973088059037,-0.2895286837053561
115.38,-48.01697835332723,212.7931859006615,0.7342417158446812,7.7719685012080895,0.3654786133641247,-2.0797302647411797,-1.9278690262497706,-0.29004203232453907
115.4,-47.94643282752214,212.93169506540588,0.6926471105498577,7.7456054048876215,0.36500091763862247,-2.0863447650103,-1.9135319980240213,-0.2905544723622914
115.42,-47.87038289253561,213.06665517280328,0.6509202152496516,7.719399972366769,0.36452085413476415,-2.092959836594369,-1.8991862891678033,-0.29106600221335
115.44,-47.788982455382566,213.19784086165646,0.6090610185177643,7.693353165603577,0.3640384805974591,-2.09957494081343,-1.884831964759607,-0.29157662027530373
115.46000000000001,-47.702395178188944,213.3250327566315,0.5670695197014957,7.667465942204251,0.36355385624133324,-2.1061895323303474,-1.8704690899170076,-0.2920863249485997
115.48,-47.610794272842405,213.44801791455473,0.5249457290548887,7.641739255359997,0.3630670417668881,-2.1128030592212816,-1.8560977297964047,-0.29259511463654275
115.5,-47.514362274445936,213.56659026528618,0.4826896678704631,7.61617405378405,0.3625780993762001,-2.1194149630522707,-1.8417179495926423,-0.29310298774530685
115.52,-47.41329079359323,213.68055104614822,0.4403013686094175,7.590771281648869,0.36208709278816886,-2.1260246789619055,-1.82732981453881,-0.29360994268393464
115.54,-47.307780247533394,213.78970922887626,0.39778087503017945,7.56553187852353,0.3615940872533198,-2.13263163575004,-1.8129333899058508,-0.2941159778643484
115.56,-47.198039570342615,213.8938819380471,0.3551282423151787,7.540456779311308,0.3610991495681632,-2.139235255972456,-1.7985287410023727,-0.2946210917013483
115.58,-47.08428590227159,213.9928948599328,0.3123435371957295,7.515546914187455,0.3606023480891076,-2.1458349560413557,-1.784115933174221,-0.2951252826126226
115.60000000000001,-46.966744258490245,214.0865826407227,0.26942683807490253,7.4908032085371925,0.3601037527459232,-2.1524301463315436,-1.7696950318042886,-0.2956285490187503
115.62,-46.845647177504794,214.17478927305203,0.2263782351482715,7.466226582893906,0.35960343505474346,-2.159020231292117,-1.7552661023121863,-0.29613088934320675
115.64,-46.721234349576726,214.25736846977637,0.18319783052242933,7.441817952877564,0.35910146813059196,-2.165604609563475,-1.7408292101539893,-0.29663230201236707
115.66,-46.59375222552886,214.33418402393264,0.1398857383311598,7.417578229133355,0.3585979266994137,-2.172182674099431,-1.7263844208218009,-0.29713278545551375
115.68,-46.46345360637971,214.4051101538328,0.09644208484917138,7.393508317270562,0.35809288710958764,-2.178753812294209,-1.711931799843597,-0.2976323381048397
115.7,-46.33059721430411,214.47003183224442,0.05286700860328741,7.369609117801666,0.35758642734289137,-2.1853174061140823,-1.6974714127829054,-0.29813095839545356
115.72,-46.19544724547533,214.5288450986234,0.009160660481005944,7.345881526081698,0.3570786270248845,-2.1918728322334107,-1.683003325238448,-0.2986286447653847
115.74000000000001,-46.05827290540113,214.58145735337828,-0.03467679616366226,7.322326432247831,0.3565695674346737,-2.1984194621748405,-1.6685276028438794,-0.2991253956555886
115.76,-45.91934792742416,214.62778763316277,-0.07864518540715926,7.298944721159237,0.3560593315140172,-2.204956662453407,-1.654044311267514,-0.2996212095099497
115.78,-45.77895007511415,214.6677668662138,-0.12274431865622759,7.275737272337196,0.3555480038757239,-2.2114837947243045,-1.6395535162120032,-0.30011608477528917
115.8,-45.63736062933704,214.7013381067762,-0.16697399455071382,7.252704959905473,0.355035670811299,-2.218000215934084,-1.6250552834140126,-0.3006100199013681
115.82000000000001,-45.49486386084285,214.72845674768183,-0.2113339988693954,7.229848652530971,0.35452242029778447,-2.22450527847504,-1.6105496786439493,-0.30110301334089296
115.84,-45.3517464892705,214.74909071018186,-0.25582410443889625,7.2071692133646605,0.35400834200374115,-2.2309983303425676,-1.5960367677056995,-0.30159506354951876
115.86,-45.20829712952322,214.7632206101644,-0.30044407104574766,7.184667499982791,0.3534935272943174,-2.2374787152952686,-1.5815166164362444,-0.30208616898585666
115.88,-45.06480572652283,214.77083989992684,-0.3451936453516531,7.162344364328398,0.3529780692353471,-2.243945773017606,-1.5669892907054594,-0.30257632811147694
115.9,-44.9215629794045,214.77195498471247,-0.39007256081200525,7.1402006526531006,0.35246206259642043,-2.250398839284908,-1.552454856415718,-0.3030655393909148
115.92,-44.778859756265504,214.7665853132656,-0.4350805375977034,7.118237205459207,0.3519456038528691,-2.2568372461305337,-1.5379133795016895,-0.3035538012916732
115.94,-44.63698650063207,214.75476344170562,-0.4802172825203139,7.096454857442124,0.35142879118660836,-2.2632603220150327,-1.5233649259299553,-0.30404111228423
115.96000000000001,-44.49623263085679,214.73653507007108,-0.5254824889606144,7.074854437433083,0.3509117244857796,-2.2696673919971233,-1.5088095616987462,-0.3045274708420433
115.98,-44.3568859337059,214.7119590509394,-0.5708758368005569,7.053436768342185,0.3503945053431366,-2.276057777906334,-1.4942473528376672,-0.3050128754415526
116.0,-44.21923195343995,214.68110736958366,-0.6163969923586836,7.032202667101772,0.3498772370531213,-2.2824307985171552,-1.4796783654073729,-0.30549732456218587
116.02,-44.08355337773347,214.64406509518804,-0.6620456083290267,7.01115294461013,0.3493600246075762,-2.288785769724559,-1.4651026654992454,-0.305980816686365
116.04,-43.95012942181841,214.60093030270767,-0.7078213237235178,6.9902884056755275,0.3488429746900421,-2.2951220047207355,-1.4505203192351164,-0.30646335029951105
116.06,-43.81923521227285,214.55181396502255,-0.7537237638179324,6.9696098489606015,0.34832619566859324,-2.3014388141729105,-1.4359313927670054,-0.3069449238900448
116.08,-43.69114117190974,214.49683981510583,-0.7997525401013905,6.94911806692709,0.34780979758716263,-2.307735506402101,-1.4213359522767461,-0.30742553594939637
116.10000000000001,-43.56611240725063,214.43614417799708,-0.8459072502294327,6.928813845780916,0.3472938921553147,-2.3140113875626698,-1.406734063975723,-0.3079051849720075
116.12,-43.4444081000962,214.36987577244508,-0.892187477980686,6.908697965417639,0.3467785927364241,-2.320265761822527,-1.3921257941045946,-0.30838386945533697
116.14,-43.32628090472848,214.2981954821616,-0.9385927932171363,6.888771199368265,0.3462640143342221,-2.3264979315438317,-1.3775112089329693,-0.30886158789986395
116.16,-43.211976352298876,214.22127609670528,-0.9851227518480128,6.869034314745435,0.34575027357767596,-2.3327071974640394,-1.36289037475908,-0.30933833880909517
116.18,-43.101732263971485,214.13930202209608,-1.0317768957972935,6.849488072189987,0.34523748870416743,-2.338892858877124,-1.3482633579095078,-0.3098141206895675
116.2,-42.995778174402254,214.05246896134196,-1.0785547529748358,6.8301332258178995,0.3447257795409416,-2.3450542138148074,-1.333630224738918,-0.3102889320508537
116.22,-42.894334767141466,213.96098356514455,-1.125455837251132,6.810970523167627,0.344215267484798,-2.3511905592276094,-1.318991041629673,-0.31076277140556713
116.24000000000001,-42.79761332354917,213.8650630531348,-1.1724796484356843,6.792000705147828,0.3437060754799999,-2.3573011911655244,-1.304345874991618,-0.31123563726936504
116.26,-42.70581518681104,213.7649348060766,-1.2196256722589949,6.773224505985492,0.343198327994378,-2.363385404958122,-1.2896947912617407,-0.31170752816095376
116.28,-42.619131242635035,213.66083592956335,-1.2668933803581572,6.75464265317447,0.34269215099361056,-2.369442495393855,-1.2750378569038479,-0.3121784426020963
116.3,-42.53774141819747,213.55301278982034,-1.3142822302660344,6.736255867424419,0.34218767191366023,-2.3754717568983437,-1.2603751384082997,-0.3126483791176124
116.32000000000001,-42.46181420089003,213.44172052231445,-1.3617916654040012,6.718064862610161,0.3416850196313526,-2.3814724837114065,-1.2457067022916832,-0.3131173362353863
116.34,-42.39150617839776,213.32722251396024,-1.4094211150782294,6.700070345721456,0.34118432443308255,-2.3874439700625794,-1.2310326150965596,-0.31358531248636884
116.36,-42.32696160161077,213.20978985980034,-1.457169994479481,6.682273016813214,0.3406857179816354,-2.39338551034487,-1.2163529433910771,-0.3140523064045849
116.38,-42.26831197184044,213.0897007951253,-1.5050377046863783,6.664673568956127,0.3401893332811134,-2.39929639928648,-1.201667753768767,-0.31451831652713624
116.4,-42.21567565377366,212.96724010408488,-1.5530236326721079,6.647272688187745,0.3396953046399575,-2.405175932120221,-1.1869771128481428,-0.31498334139420675
116.42,-42.16915751555594,212.84269850592815,-1.6011271513145122,6.630071053463988,0.3392037676320573,-2.411023404750337,-1.172281087272497,-0.3154473795490654
116.44,-42.1288485973468,212.71637202009478,-1.649347619409519,6.613069336611111,0.33871485905594273,-2.4168381139164583,-1.1575797437095119,-0.3159104295380731
116.46000000000001,-42.09482580963775,212.58856131146115,-1.6976843816878482,6.596268202278118,0.33822871689205286,-2.4226193573543866,-1.1428731488509953,-0.31637248991068756
116.48,-42.0671516625652,212.45957101712648,-1.7461367688349358,6.579668307889633,0.3377454802580776,-2.4283664339534314,-1.1281613694126014,-0.3168335592194643
116.5,-42.04587402738785,212.3297090562011,-1.7947040975140045,6.563270303599231,0.33726528936237055,-2.4340786439099964,-1.1134444721335042,-0.31729363602006394
116.52,-42.03102593122951,212.19928592413504,-1.8433856703922045,6.547074832243246,0.3367882854554315,-2.4397552888771377,-1.0987225237760692,-0.31775271887125656
116.54,-42.022625386115934,212.0686139731967,-1.8921807761697473,6.531082529295036,0.33631461077945884,-2.4453956721098042,-1.0839955911255765,-0.3182108063349273
116.56,-42.020675253256194,211.9380066807804,-1.9410886896119435,6.515294022819737,0.33584440851597386,-2.450999098605484,-1.0692637409899541,-0.31866789697607667
116.58,-42.025163143436885,211.80777790728686,-1.9901086715840532,6.499709933429496,0.3353778227315194,-2.456564875239985,-1.0545270401993883,-0.31912398936283026
116.60000000000001,-42.03606135431078,211.67824114538138,-2.039239969088853,6.484330874239185,0.3349149983214377,-2.46209231089809,-1.039785555606107,-0.31957908206643865
116.62,-42.05332684527048,211.5497087624919,-2.0884818153068148,6.469157450822617,0.3344560809517336,-2.467580716598839,-1.0250393540840401,-0.32003317366128564
116.64,-42.07690125050258,211.42249123846054,-2.1378334296387917,6.454190261169244,0.3340012169990312,-2.4730294056151956,-1.0102885025284902,-0.32048626272489045
116.66,-42.106710930718926,211.2968964003106,-2.1872940177510958,6.439429895641373,0.33355055348863255,-2.47843769358789,-0.9955330678558677,-0.32093834783791303
116.68,-42.142667063959244,211.17322865613195,-2.2368627716228535,6.424876936931868,0.3331042380306922,-2.483804898633211,-0.9807731170033612,-0.32138942758415806
116.7,-42.18466577575356,211.05178823012577,-2.2865388695955176,6.4105319600223805,0.33266241875451924,-2.4891303414445867,-0.9660087169286835,-0.3218395005505797
116.72,-42.23258830882412,210.93287040087975,-2.336321476424409,6.396395532142078,0.33222524424102395,-2.49441334538776,-0.9512399346096821,-0.32228856532728656
116.74000000000001,-42.286301232395104,210.81676474497056,-2.3862097433321643,6.382468212726905,0.3317928634533274,-2.4996532365894275,-0.9364668370441215,-0.32273662050754426
116.76,-42.34565669106456,210.7037543880093,-2.436202808063953,6.368750553379356,0.3313654256655547,-2.5048493440192114,-0.9216894912493414,-0.32318366468778087
116.78,-42.41049269307719,210.59411526525864,-2.4862997949443373,6.355243097828787,0.3309430803898351,-2.5100009995648516,-0.906907964261929,-0.3236296964675937
116.8,-42.480633437718915,210.4881153939564,-2.536499814935634,6.341946381892247,0.3305259773015358,-2.515107538100549,-0.8921223231374518,-0.32407471444974956
116.82000000000001,-42.55588968143558,210.38601415948008,-2.5868019656976453,6.328860933435855,0.33011426616275813,-2.520168297548392,-0.877332634950128,-0.3245187172401922
116.84,-42.63605914215801,210.28806161747983,-2.6372053316486133,6.315987272336716,0.32970809674412765,-2.5251826189328415,-0.8625389667925607,-0.32496170344804404
116.86,-42.72092694119567,210.1944978140932,-2.68770898402727,6.303325910445371,0.3293076187449139,-2.53014984642826,-0.847741385775407,-0.32540367168561335
116.88,-42.81026608194048,210.1055521263341,-2.738311980955835,6.290877351548813,0.3289129817115174,-2.535069327399508,-0.83293995902705,-0.3258446205683969
116.9,-42.90383796450238,210.02144262471998,-2.7890133675038253,6.278642091334044,0.3285243349543651,-2.539940412435648,-0.8181347536933188,-0.32628454871508517
116.92,-43.00139293527866,209.94237546016703,-2.839812175752538,6.266620617352186,0.32814182746325865,-2.544762455376829,-0.803325836937221,-0.32672345474756476
116.94,-43.102670870340944,209.86854427713945,-2.8907074248600746,6.254813408983162,0.327765607821223,-2.549534813334447,-0.7885132759385639,-0.327161337290925
116.96000000000001,-43.207401791406916,209.8001296549911,-2.9416981211267634,6.243220937400936,0.327395824116906,-2.554256846704702,-0.7736971378936862,-0.3275981949734628
116.98,-43.31530651304913,209.73729857938037,-2.9927832580608573,6.23184366553932,0.32703262385558346,-2.558927919175709,-0.7588774900151788,-0.32803402642668333
117.0,-43.42609731968124,209.68020394557576,-3.0439618164443716,6.220682048058354,0.3266761538688259,-2.5635473977283296,-0.7440543995315547,-0.3284688302853068
117.02,-43.53947867075237,209.6289840954003,-3.095232764398938,6.209736531311261,0.32632656022288853,-2.568114652630935,-0.7292279336869317,-0.32890260518727316
117.04,-43.65514793247451,209.5837623894848,3.1365902497280294,6.199007553311987,0.32598398812588636,-2.572629057428326,-0.7143981597406903,-0.3293353497737466
117.06,-43.77279613430551,209.54464681641676,3.0851376685794634,6.1884955437033105,0.32564858183382295,-2.57708998892507,-0.6995651449673417,-0.32976706268911665
117.08,-43.8921087483121,209.51172964028189,3.033595868800962,6.178200923725551,0.3253204845555409,-2.5814968271635275,-0.6847289566559502,-0.3301977425810065
117.10000000000001,-44.012766489443955,209.48508708799847,2.9819659322576912,6.16812410618586,0.32499983835666707,-2.5858489553968917,-0.6698896621101009,-0.3306273881002737
117.12,-44.13444613466125,209.4647790777427,2.9302489531497535,6.1582654954281075,0.32468678406262824,-2.5901457600575553,-0.6550473286474326,-0.3310559979010176
117.14,-44.25682135877506,209.450848989655,2.8784460379486028,6.148625487303365,0.3243814611608155,-2.5943866307211803,-0.6402020235993209,-0.33148357064058115
117.16,-44.379563584782574,209.44332347990402,2.8265583053341796,6.139204469140984,0.324084007701978,-2.5985709600668403,-0.6253538143106708,-0.3319101049795564
117.18,-44.50234284640799,209.4422123390663,2.774586886132843,6.130002819720283,0.32379456020092995,-2.6026981438336514,-0.6105027681395379,-0.3323355995817881
117.2,-44.624828660495076,209.44750839565563,2.7225329232561695,6.121020909242836,0.32351325353665733,-2.6067675807743194,-0.5956489524568719,-0.3327600531143785
117.22,-44.74669090683948,209.45918746550979,2.6703975716406827,6.112259099305371,0.32324022085191256,-2.6107786726060516,-0.5807924346461858,-0.33318346424768974
117.24000000000001,-44.86760071299811,209.47720834760838,2.618181998188561,6.103717742873281,0.32297559345238824,-2.614730823959322,-0.5659332821032141,-0.33360583165535124
117.26,-44.987231341569405,209.50151286676194,2.5658873817093744,6.095397184254748,0.3227195007055635,-2.618623442324975,-0.5510715622356928,-0.33402715401425964
117.28,-45.10525907740251,209.5320259634723,2.513514912862875,6.087297759075487,0.3224720699393182,-2.622455938000192,-0.5362073424629673,-0.3344474300045881
117.3,-45.22136411216561,209.56865583112344,2.461065794102871,6.07941979425411,0.32223342634041274,-2.6262277240338627,-0.521340690215736,-0.3348666583097857
117.32000000000001,-45.335231423683695,209.61129410051785,2.4085412396221937,6.0717636079781085,0.32200369285293257,-2.6299382161719067,-0.50647167293572,-0.3352848376165844
117.34,-45.44655164744462,209.6598160716282,2.3559424752987557,6.064329509680468,0.3217829900767993,-2.633586832803137,-0.4916003580753937,-0.33570196661500096
117.36,-45.55502193766934,209.71408099228634,2.303270738642693,6.057117800016909,0.3215714361664514,-2.637172994906243,-0.4767268130976545,-0.3361180439983436
117.38,-45.66034681534735,209.77393238338468,2.2505272787445687,6.050128770843754,0.3213691467297994,-2.6406961259985096,-0.4618511054754918,-0.3365330684632144
117.4,-45.76223900065293,209.839198410016,2.1977133562245985,6.043362705196437,0.32117623472756207,-2.644155652086892,-0.44697330269170554,-0.3369470387095142
117.42,-45.860420227180164,209.90969229783028,2.144830243182861,6.03681987726864,0.32099281037309213,-2.6475510016220767,-0.4320934722386378,-0.33735995344044506
117.44,-45.95462203546657,209.9852127937397,2.0918792231504195,6.0305005523920725,0.3208189810328004,-2.6508816054561817,-0.41721168161777916,-0.33777181136251666
117.46000000000001,-46.04458654331537,210.0655446699566,2.0388615910412957,6.024404987016888,0.32065485112728964,-2.654146896804746,-0.40232799833954963,-0.3381826111855494
117.48,-46.13006719047533,210.15045927020552,1.9857786531052009,6.018533428692748,0.3205005220333107,-2.657346311213673,-0.38744248992295527,-0.33859235162267687
117.5,-46.21082945529485,210.23971509680774,1.9326317268809277,6.012886116050522,0.32035609198665344,-2.660479286531802,-0.3725552238952569,-0.3390010313903526
117.52,-46.286651541032946,210.33305843719842,1.8794221411502914,6.007463278784646,0.32022165598608826,-2.663545262889772,-0.35766626779170113,-0.33940864920835195
117.54,-46.35732502958435,210.4302240282999,1.826151235892496,6.0022651376361145,0.32009730569847267,-2.666543682685867,-0.34277568915518897,-0.3398152037997785
117.56,-46.422655500458696,210.53093575704332,1.7728203622387788,5.997291904376141,0.31998312936514056,-2.669473990579509,-0.3278835555360192,-0.340220693891064
117.58,-46.4824631129443,210.63490739520327,1.7194308824271882,5.992543781790451,0.31987921170969114,-2.6723356334930775,-0.3129899344914952,-0.34062511821197705
117.60000000000001,-46.536583149485736,210.74184336658715,1.6659841697573263,5.9880209636642485,0.3197856338472957,-2.675128060622726,-0.29809489358570496,-0.341028475495623
117.62,-46.58486651841017,210.85143954450422,1.612481608544872,5.983723634767819,0.3197024731956419,-2.6778507234588615,-0.2831985003891779,-0.34143076447845117
117.64,-46.62718021425077,210.96338407732762,1.5589245940756946,5.979651970842808,0.31962980338763486,-2.6805030758169397,-0.26830082247855297,-0.34183198390025693
117.66,-46.66340773403536,211.0773582398579,1.505314532559356,5.975806138589145,0.31956769418597514,-2.6830845738792197,-0.2534019274363096,-0.3422321325041863
117.68,-46.69344944803523,211.19303730809773,1.4516528410817715,5.972186295652633,0.3195162113997347,-2.685594676248113,-0.2385018828504364,-0.3426312090367395
117.7,-46.71722292360152,211.3100914549573,1.3979409475568092,5.968792590613201,0.3194754168030514,-2.688032844011738,-0.22360075631416135,-0.3430292122477757
117.72,-46.73466320085504,211.428186664325,1.344180290676574,5.965625162973816,0.3194453680560641,-2.6903985408222755,-0.20869861542562101,-0.343426140890515
117.74000000000001,-46.74572301913908,211.54698566086373,1.2903723198601282,5.962684143150062,0.3194261186282082,-2.6926912329877046,-0.19379552778751596,-0.3438219937215453
117.76,-46.75037299329302,211.66614885282445,1.2365184952003743,5.959969652460384,0.31941771772399496,-2.694910389577462,-0.1788915610068915,-0.34421676950082275
117.78,-46.74860173895761,211.7853352851109,1.1826202874088247,5.957481803116995,0.31942021021139405,-2.6970554825425554,-0.1639867826947437,-0.34461046699167963
117.8,-46.74041594627898,211.90420359977847,1.1286791777579737,5.955220698217458,0.3194336365529414,-2.6991259868506234,-0.14908126046575024,-0.3450030849608249
117.82000000000001,-46.725840401538576,212.0224130011098,1.0746966580209616,5.9531864317369285,0.31945803273969214,-2.701121380636404,-0.1341750619379883,-0.34539462217834876
117.84,-46.70491795639872,212.13962422237853,1.0206742304082335,5.951379088521071,0.3194934302281395,-2.703041145368042,-0.11926825473260305,-0.3457850774177269
117.86,-46.67770944461802,212.25550049138934,0.9666134075008728,5.9497987442796445,0.3195398558802178,-2.7048847660296307,-0.10436090647347611,-0.346174449455826
117.88,-46.64429354625758,212.36970849187165,0.91251571218028,5.948445465580759,0.319597331906509,-2.7066517313203304,-0.0894530847869559,-0.34656273707290447
117.9,-46.604766599566005,212.48191931780053,0.8583826775538732,5.947319309845805,0.3196658758127688,-2.708341533870387,-0.07454485730152616,-0.3469499390526186
117.92,-46.55924236089907,212.5918094177263,0.8042158468764655,5.94642032534505,0.31974550034988963,-2.709953670474307,-0.05963629164754872,-0.34733605418202407
117.94,-46.507851713197674,212.6990615262114,0.7500167734669794,5.945748551193916,0.3198362134674143,-2.711487642341414,-0.04472745545686987,-0.34772108125158374
117.96000000000001,-46.450742323714316,212.80336557950022,0.6957870206201511,5.945304017349921,0.31993801827071283,-2.712942955363955,-0.029818416362600384,-0.34810501905516655
117.98,-46.388078251843936,212.90441961258443,0.6415281615128721,5.9450867446102995,0.3200509129819343,-2.714319120402876,-0.01490924199877156,-0.34848786639005436
118.0,-46.32003950807836,213.0019306348738,0.5872417791048146,5.945096744610299,0.32017489090484175,-2.715615653591336,-3.429011037612589e-15,-0.3488696220569455
118.02,-46.2468215652645,213.09561548173832,0.532929466032988,5.945334019822143,0.3203099403936371,-2.716832076655965,0.014909241998764703,-0.34925028485995735
118.04,-46.168634823504064,213.18520163925442,0.47859282449986873,5.945798563554673,0.3204560448258792,-2.7179679172558266,0.029818416362605963,-0.3496298536066324
118.06,-46.0857040301866,213.27042803956272,0.4242334661547522,5.946490359953665,0.3206131825795968,-2.719022709338976,0.04472745545687544,-0.3500083271079382
118.08,-45.99826765679705,213.35104582433044,0.3698530119679728,5.947409384002817,0.3207813270146934,-2.7199959935164473,0.05963629164754187,-0.350385704178274
118.10000000000001,-45.90657723428383,213.42681907390462,0.31545309209764394,5.948555601525412,0.3209604464587386,-2.7208873174534536,0.07454485730153172,-0.35076198363547434
118.12,-45.81089664891247,213.49752549984495,0.2610353457485748,5.94992896918666,0.3211505041972365,-2.721696236277494,0.08945308478694905,-0.35113716430081143
118.14,-45.71150140066308,213.5629570986353,0.20660142102302492,5.9515294344967,0.3213514584684576,-2.7224223130030323,0.10436090647346925,-0.351511244999
118.16,-45.60867782635663,213.62292076449216,0.1521529747629642,5.953356935814291,0.3215632624629161,-2.7230651189723103,0.11926825473259621,-0.35188422455820023
118.18,-45.50272228981443,213.6772388593136,0.09769167238351795,5.955411402351169,0.32178586432757056,-2.7236242343118344,0.13417506193799386,-0.35225610181002187
118.2,-45.393940341467676,213.7257497379463,0.04321918769728139,5.95769275417707,0.32201920717481963,-2.7240992484039643,0.14908126046575582,-0.352626875589528
118.22,-45.28264584993794,213.7683082270876,-0.011262797270797709,5.960200902225437,0.32226322909636074,-2.724489760373003,0.16398678269473685,-0.3529965447352374
118.24000000000001,-45.16916010820547,213.80478605628608,-0.06575259247825782,5.962935748299791,0.32251786318197256,-2.724795379585098,0.17889156100689704,-0.35336510808913063
118.26,-45.05381091706928,213.83507223965563,-0.1202485000699598,5.965897185080773,0.3227830375432767,-2.7250157261612165,0.19379552778752154,-0.35373256449665036
118.28,-44.93693164868136,213.85907340707524,-0.17474881459318414,5.969085096133858,0.32305867534252813,-2.725150431502368,0.20869861542561416,-0.3540989128067092
118.3,-44.81886029300571,213.87671408380803,-0.22925182322323145,5.972499355917735,0.3233446948264761,-2.7251991388262087,0.22360075631416693,-0.35446415187168967
118.32000000000001,-44.69993849011232,213.88793691763888,-0.2837558059997556,5.976139829793361,0.3236410093653307,-2.7251615037140815,0.23850188285044194,-0.354828280547449
118.34,-44.58051055126504,213.89270285279875,-0.3382590360740374,5.980006374033673,0.3239475274968636,-2.7250371946674874,0.25340192743630274,-0.3551912976933222
118.36,-44.46092247180166,213.89099125011577,-0.392759779967387,5.984098835833973,0.3242641529756622,-2.724825893672928,0.26830082247854614,-0.3555532021721282
118.38,-44.341520938832765,213.88279995300724,-0.44725629784084564,5.988417053322977,0.32459078482754944,-2.7245272967739926,0.28319850038917105,-0.3559139928501699
118.4,-44.22265233680474,213.86814529910168,-0.5017468437763255,5.992960855574526,0.32492731740917286,-2.7241411146495103,0.29809489358571056,-0.35627366859724013
118.42,-44.10466175397965,213.84706207745742,-0.5562296660693158,5.997730062619959,0.32527364047275736,-2.7236670731965344,0.3129899344915007,-0.35663222828662317
118.44,-43.987891992882105,213.81960343151985,-0.6107030075332465,6.002724485461148,0.32562963923600763,-2.7231049141168713,0.32788355553601234,-0.35698967079510047
118.46000000000001,-43.87268258774992,213.78584070813642,-0.6651651058155839,6.007943926084196,0.3259951944571358,-2.722454395505817,0.3427756891551945,-0.3573459950029532
118.48,-43.75936883200124,213.7458632531235,-0.7196141937257003,6.013388177473784,0.326370182514982,-2.7217152924417243,0.3576662677916943,-0.3577011997939647
118.5,-43.64828081869668,213.6997781540525,-0.7740484995745347,6.019057023628185,0.32675447549418296,-2.7208873975749737,0.3725552238952501,-0.3580552840554257
118.52,-43.53974249693013,213.64770993109386,-0.828466247526034,6.024950239574925,0.3271479412753365,-2.719970521714887,0.387442489922936,-0.3584082466781376
118.54,-43.43407074702713,213.58980017692568,-0.8828656579603318,6.031067591387105,0.32755044363009667,-2.718964494413087,0.40232799833955524,-0.3587600865564149
118.56,-43.331574477364725,213.52620714687816,-0.9372449478485936,6.037408836200364,0.3279618423211259,-2.7178691645417836,0.4172116816177847,-0.35911080258808875
118.58,-43.23255374555223,213.45710530064522,-0.9916023311394291,6.043973722230502,0.32838199320681766,-2.7166844008654203,0.4320934722386186,-0.359460393674511
118.60000000000001,-43.13729890662815,213.3826847970499,-1.0459360191567377,6.050761988791744,0.3288107483506939,-2.7154100926041247,0.4469733026917112,-0.35980885872055796
118.62,-43.046089790835474,213.30315094350027,-1.1002442210088201,6.057773366315651,0.32924795613536956,-2.7140461499873636,0.4618511054754726,-0.3601561966346331
118.64,-42.95919491343547,213.2187236019164,-1.1545251440085673,6.065007576370675,0.32969346138096545,-2.712592504796207,0.4767268130976353,-0.36050240632867087
118.66,-42.876870718909856,213.12963655304628,-1.2087769941044915,6.072464331682361,0.3301471054678394,-2.7110491108925996,0.4916003580753869,-0.36084748671814004
118.68,-42.79936086178299,213.03613682121912,-1.2629979763223436,6.0801433361541735,0.33060872646349515,-2.709415944734032,0.5064716729357132,-0.3611914367220463
118.7,-42.726895526169784,212.93848396170685,-1.3171862952170241,6.088044284888977,0.3310781592535163,-2.707693005872017,0.5213406902157167,-0.36153425526293714
118.72,-42.659690786022516,212.8369493129802,-1.3713401553344644,6.096166864211139,0.331555235676362,-2.7058803174327846,0.5362073424629481,-0.36187594126690414
118.74000000000001,-42.597948007910375,212.73181521625182,-1.42545776168312,6.104510751689272,0.3320397846618505,-2.7039779265786272,0.5510715622356859,-0.36221649366358727
118.76,-42.541853298020364,212.6233742047964,-1.4795373202146926,6.113075616159599,0.33253163237314504,-2.701985904948356,0.5659332821032073,-0.3625559113861758
118.78,-42.49157699491779,212.51192816562704,-1.5335770383136598,6.121861117749955,0.33303060235204685,-2.699904349075347,0.5807924346461666,-0.36289419337141593
118.8,-42.44727320944923,212.39778747618593,-1.5875751252951666,6.130866907904401,0.3335365156673895,-2.6977333807817123,0.5956489524568649,-0.3632313385596104
118.82000000000001,-42.40907941301137,212.28127011877677,-1.6415297929108008,6.140092629408472,0.3340491910663181,-2.6954731475471503,0.6105027681395311,-0.36356734589462275
118.84,-42.3771160752463,212.1627007755266,-1.6954392558617437,6.149537916415037,0.3345684451282285,-2.6931238228510956,0.6253538143106515,-0.3639022143238807
118.86,-42.35148635205779,212.04240990671354,-1.7493017323187656,6.159202394470775,0.3350940924211321,-2.6906856064868365,0.6402020235993017,-0.36423594279838134
118.88,-42.332275824675094,211.9207328153374,-1.8031154444485025,6.169085680543267,0.33562594566020226,-2.6881587248463323,0.6550473286474134,-0.3645685302726913
118.9,-42.31955229032104,211.79800870083736,-1.8568786189454292,6.179187383048697,0.33616381586825156,-2.685543431174519,0.6698896621101065,-0.36489997570495225
118.92,-42.31336560487058,211.67457970488175,-1.9105894875689196,6.189507101880163,0.3367075125378807,-2.682840005791983,0.6847289566559558,-0.36523027805688246
118.94,-42.313747577715,211.55078995216152,-1.9642462876847593,6.200044428436585,0.3372568437950333,-2.6800487562849353,0.6995651449673225,-0.36555943629378196
118.96000000000001,-42.320711918876455,211.4269845891177,-2.017847262810458,6.210798945652225,0.3378116165636838,-2.6771700176615294,0.714398159740696,-0.3658874493845347
118.98,-42.33425423824805,211.30350882352056,-2.0713906631636885,6.221770228026792,0.3383716367313818,-2.6742041524736275,0.7292279336869126,-0.36621431630161116
119.0,-42.35435209666668,211.18070696779625,-2.124874746213161,6.232957841656158,0.33893670931536946,-2.671151550903231,0.744054399531548,-0.3665400360210727
119.02,-42.380965108360556,211.05892148896305,-2.1782977772312258,6.244361344263644,0.3395066386289857,-2.668012630812876,0.7588774900151843,-0.3668646075225755
119.04,-42.414035094150435,210.9384920679984,-2.231658029847483,6.2559802852319155,0.3400812284480684,-2.6647878377594094,0.7736971378936918,-0.36718802978937093
119.06,-42.4534862846248,210.81975467140524,-2.2849537866026712,6.267814205635448,0.3406602821770613,-2.661477644970644,0.788513275938557,-0.3675103018083109
119.08,-42.49922557235395,210.70304063768552,-2.338183339502084,6.279862638273578,0.34124360301453466,-2.658082553284524,0.8033258369372143,-0.36783142256985063
119.10000000000001,-42.55114281205785,210.5886757813585,-2.3913449905677746,6.292125107704132,0.34183099411782397,-2.6546030910505207,0.8181347536933243,-0.36815139106805306
119.12,-42.60911116749737,210.4769795170831,-2.444437052388785,6.3046011302776295,0.34242225876649585,-2.651039813993106,0.8329399590270432,-0.3684702063005885
119.14,-42.67298750371912,210.36826400635672,-2.497457848668647,6.3172902141720515,0.34301720052434875,-2.6473933050372565,0.8477413857754001,-0.36878786726874135
119.16,-42.74261282315087,210.26283332916827,-2.550405714769392,6.330191859428182,0.34361562339966045,-2.6436641740960583,0.8625389667925663,-0.3691043729774118
119.18,-42.817812743917855,210.16098268288127,-2.603278998251313,6.343305557985506,0.344217332003397,-2.6398530578206088,0.8773326349501337,-0.36941972243511806
119.2,-42.898398018630786,210.06299761051454,-2.6560760594077255,6.356630793718667,0.3448221317051031,-2.635960619312509,0.892122323137445,-0.36973391465400135
119.22,-42.98416509178414,209.96915326047227,-2.7087952717939756,6.370167042474485,0.3454298287861994,-2.6319875477993735,0.9069079642619222,-0.3700469486498277
119.24000000000001,-43.07489669379891,209.8797136796547,-2.761435022749963,6.383913772109514,0.3460402305904177,-2.627934558273891,0.9216894912493467,-0.3703588234419918
119.26,-43.170362469647664,209.7949311417543,-2.8139937139154405,6.397870442528157,0.3466531456711154,-2.623802391097087,0.9364668370441271,-0.37066953805351815
119.28,-43.270319639911726,209.7150455124111,-2.8664697617373824,6.412036505721318,0.3472683839352152,-2.6195918115665493,0.9512399346096878,-0.37097909151106806
119.3,-43.374513692040864,209.64028365276647,-2.9188615979687134,6.426411405805588,0.34788575678353006,-2.6153036094504785,0.9660087169286766,-0.37128748284493784
119.32000000000001,-43.48267909951515,209.57085886281416,-2.971167670157723,6.440994579062976,0.34850507724724,-2.610938598488554,0.9807731170033667,-0.3715947110890661
119.34,-43.594540066546784,209.50697036580766,-3.023386442127494,6.455785453981158,0.3491261601203013,-2.6064976158606754,0.9955330678558609,-0.3719007752810331
119.36,-43.70981129590694,209.44880283483673,-3.0755163944447075,6.4707834512942615,0.3497488220875789,-2.6019815216247695,1.0102885025284833,-0.37220567446206754
119.38,-43.828198777418855,209.39652596254132,-3.1275560248772027,6.485987984024161,0.3503728818485082,-2.597391198124916,1.0250393540840332,-0.37250940767704643
119.4,-43.94940059462378,209.35029407478265,3.103681458339885,6.501398457522301,0.3509981602361024,-2.592727549371163,1.0397855556061246,-0.3728119739745001
119.42,-44.07310774710082,209.3102457889437,3.0518269073524618,6.517014269512018,0.3516244803311406,-2.5879915003924543,1.0545270401993936,-0.37311337240661235
119.44,-44.19900498590509,209.27650371738275,3.000067077344612,6.532834810131384,0.35225166757138177,-2.5831839965641947,1.0692637409899473,-0.37341360202922796
119.46000000000001,-44.326771659581155,209.2491742164166,2.948403397413328,6.548859461976543,0.35287954985566977,-2.5783060029120226,1.083995591125582,-0.3737126619018521
119.48,-44.45608256820974,209.22834718106222,2.896837277355088,6.565087600145549,0.3535079576428066,-2.5733585033934467,1.0987225237760625,-0.3740105510876536
119.5,-44.58660882295581,209.21409588562153,2.845370107287219,6.5815185922827,0.3541367240450907,-2.5683425001590368,1.1134444721334973,-0.374307268653469
119.52,-44.718018708604255,209.20647687005024,2.7940032572840385,6.598151798623354,0.35476568491643057,-2.5632590127949215,1.1281613694126071,-0.3746028136698063
119.54,-44.84997854659616,209.2055298719112,2.7427380770281395,6.6149865720392365,0.35539467893496346,-2.558109077548375,1.1428731488510009,-0.3748971852108447
119.56,-44.982153556113154,209.21127780357568,2.691575895477172,6.632022258084226,0.35602354768012445,-2.5528937465383157,1.1575797437095052,-0.37519038235444
119.58,-45.11420871079964,209.22372677420125,2.6405180205464056,6.649258195040609,0.35665213570412774,-2.547614086952559,1.17228108727249,-0.3754824041821272
119.60000000000001,-45.24580958876237,209.24286615588585,2.5895657388073543,6.66669371396581,0.3572802905978401,-2.5422711802336817,1.186977112848148,-0.3757732497791238
119.62,-45.376623213543596,209.26866869327114,2.5387203152026805,6.684328138739582,0.35790786305104283,-2.536866121255361,1.2016677537687603,-0.3760629182343302
119.64,-45.50631888382734,209.30109065574803,2.4879829927775727,6.702160786111662,0.3585347069070945,-2.5314000174910656,1.2163529433910827,-0.37635140864033584
119.66,-45.634568989708335,209.34007203130093,2.4373549924277516,6.720190965749872,0.35916067921202355,-2.5258739881769428,1.231032615096553,-0.37663872009341903
119.68,-45.76104981342857,209.38553676091718,2.386837512664213,6.73841798028868,0.35978564025809623,-2.5202891634707547,1.245706702291689,-0.37692485169355333
119.7,-45.885442312567776,209.4373930123833,2.336431729394798,6.756841125378196,0.3604094536219193,-2.5146466836086754,1.2603751384082933,-0.3772098025444062
119.72,-46.007432883760444,209.4955334921912,2.286138795722625,6.775459689733617,0.36103198619715354,-2.5089476980617356,1.2750378569038414,-0.37749357175334497
119.74000000000001,-46.12671410510284,209.55983579418472,2.2359598417613906,6.7942729551850904,0.36165310822192703,-2.5031933646936695,1.289694791261746,-0.3777761584314387
119.76,-46.24298545550873,209.63016278349068,2.185895974467517,6.813280196728026,0.36227269330105133,-2.4973848489218584,1.3043458749916232,-0.3780575616934596
119.78,-46.3559540093714,209.7063630141997,2.1359482774890797,6.832480682573813,0.3628906184231566,-2.4915233228830282,1.3189910416296784,-0.37833778065788914
119.8,-46.46533510499189,209.78827117918857,2.0861178110314196,6.851873674200969,0.36350676397287357,-2.4856099646052927,1.3336302247389111,-0.3786168144469166
119.82000000000001,-46.5708529853383,209.87570859041006,2.0364056117393137,6.871458426406692,0.36412101373820116,-2.4796459571880725,1.3482633579095131,-0.3788946621864453
119.84,-46.67224140980876,209.9684836879171,1.986812692595552,6.891234187358824,0.3647332549132094,-2.4736324879913516,1.3628903747590733,-0.37917132300609274
119.86,-46.76924423577988,210.06639257583612,1.937340042835725,6.911200198648219,0.36534337809623657,-2.4675707478356603,1.3775112089329626,-0.3794467960391961
119.88,-46.86161596883362,210.16921958345867,1.887988627879012,6.931355695341497,0.36595127728374666,-2.461461930214095,1.3921257941046001,-0.37972108042281255
119.9,-46.94912228066756,210.27673784958236,1.8387593892747303,6.951699906034204,0.36655684986002274,-2.455307230517608,1.4067340639757286,-0.37999417529772256
119.92,-47.031540493806126,210.38870992820068,1.789653244664378,6.972232052904342,0.36715999658287607,-2.449107845274712,1.4213359522767395,-0.3802660798084326
119.94,-47.10866003234328,210.50488841361658,1.7406710877588836,6.992951351766293,0.3677606215655576,-2.4428649714066606,1.4359313927669985,-0.38053679310317934
119.96000000000001,-47.18028283805988,210.6250165830366,1.6918137883307498,7.013857012125105,0.36835863225506144,-2.436579805499079,1.4505203192351217,-0.3808063143339303
119.98,-47.246223751371026,210.74882905469113,1.643082192220768,7.034948237231152,0.36895393940701476,-2.4302535430909273,1.4651026654992385,-0.3810746426563867
